WIDTH=32;
DEPTH=4096;

ADDRESS_RADIX=UNS;
DATA_RADIX=BIN;

CONTENT BEGIN
	0 : 11110001010000000010000011111001;
	1 : 10000000000000010000001000011101;
	2 : 11111111110000100000001000011001;
	3 : 11111111000000100111000100011001;
	4 : 10000000000000000000000110011101;
	5 : 01111111000000011000000110011001;
	6 : 00000000000000000010001010111101;
	7 : 10000000000000101000001010011001;
	8 : 00110000000000101001000001111001;
	9 : 00000000000000000000001100011101;
	10 : 00010101000000110000001100011001;
	11 : 00110000010100110001000001111001;
	12 : 00110000010000000001000001111001;
	13 : 00000000000000000011001110011101;
	14 : 00001000000000111000001110011001;
	15 : 10000000000000000000010000011101;
	16 : 11111100010001000000010000011001;
	17 : 10000000000000000000010010011101;
	18 : 11111011110001001000010010011001;
	19 : 10000000000000000000010100011101;
	20 : 11111011010001010000010100011001;
	21 : 10000000000000000000010110011101;
	22 : 00011011010001011000010110011001;
	23 : 01000110100000010100011000010000;
	24 : 01000111100000010100011100010000;
	25 : 01001000100000010100100000010000;
	26 : 01001001100000010100100100010000;
	27 : 01001010100000010100101000010000;
	28 : 01001011100000010100101100010000;
	29 : 01001100100000010100110000010000;
	30 : 01001101100000010100110100010000;
	31 : 01001110100000010100111000010000;
	32 : 01001111100000010100111100010000;
	33 : 00000100000000001000001001111000;
	34 : 00000000000000000000011110011101;
	35 : 00000001110001111000011110011001;
	36 : 00110000010101111001000001111001;
	37 : 00110000010001000101000001111001;
	38 : 00110000000001000110000001111001;
	39 : 00010000010100000000000001111001;
	40 : 00000000000000011011111111110101;
	41 : 00000000000000000000011110011101;
	42 : 00001101000001111000011110011001;
	43 : 00110000010101111001000001111001;
	44 : 00110000010000000101000001111001;
	45 : 11111111111101000100011100111101;
	46 : 00000000100001110010000100011000;
	47 : 00000111001101110100011101000001;
	48 : 00100010001000111111111111100101;
	49 : 10101000100000010000000000011100;
	50 : 00000000100000111000101101111000;
	51 : 00000000100101000101100101111000;
	52 : 00000000000000111010011110011000;
	53 : 00000011100100011100000000000111;
	54 : 01001011111000110000010000010001;
	55 : 01010111011000111111111010000101;
	56 : 00100000001000110000000010110101;
	57 : 00000101000100010000000000010100;
	58 : 11111110101101010100110111111000;
	59 : 00000000000000000010010000011101;
	60 : 01100011100001000000010000011001;
	61 : 00000000000000000010010010011101;
	62 : 01100011000001001000010010011001;
	63 : 00000000100101000101100101111000;
	64 : 00000000000001000010000010011000;
	65 : 00000000000000001000000011111100;
	66 : 01001011111000110000010000010001;
	67 : 00000110000101111111111010000101;
	68 : 00000110000100110000000000000000;
	69 : 00000000000011110000011011101100;
	70 : 00010000000011110000111111100001;
	71 : 01000101000000010000000000000000;
	72 : 00000000111001110100010110010000;
	73 : 01110000011100110000000000001100;
	74 : 00010000011100110011000000000100;
	75 : 00000101100101110011000001000000;
	76 : 10000101100100110000000000000000;
	77 : 10010000011100110000010001110100;
	78 : 00010000011100110011000001010101;
	79 : 00100100011100110011010000010100;
	80 : 11100000000101011111000101000000;
	81 : 00000000000000000010010000011101;
	82 : 01011110000001000000010000011001;
	83 : 00000000000000000010010010011101;
	84 : 01011101100001001000010010011001;
	85 : 00000000100101000101100101111000;
	86 : 00000000000001000010000010011000;
	87 : 00000000000000001000000011111100;
	88 : 01001011111000110000010000010001;
	89 : 00100100011100111111111010000101;
	90 : 11100000000100011111000101000000;
	91 : 00000000011100111001000000001000;
	92 : 10111111111101010001000001000001;
	93 : 00010000010100000000000001111001;
	94 : 11111111110111111111000001111110;
	95 : 10000001000000010000000100011001;
	96 : 01111110000100010010011000111000;
	97 : 01111110100000010010010000111000;
	98 : 01111110100100010010001000111000;
	99 : 01111111001000010010000000111000;
	100 : 10101111000000010000000100011001;
	101 : 00110100001000000010000011111110;
	102 : 00001111111100000000010100011001;
	103 : 00000001101000000010000011111110;
	104 : 00100000111011110100010100010000;
	105 : 01000101010000010000000011000000;
	106 : 00000000011000000010000011111110;
	107 : 00000000100001000100010000010000;
	108 : 00000011000000000000011110011001;
	109 : 00000000100001001000011100111001;
	110 : 00000000100001110000000000111000;
	111 : 00011011111000110000010000010100;
	112 : 00000101000100111111111011100101;
	113 : 00010000111011110000001000000000;
	114 : 01000101100000010111111010000001;
	115 : 00010000000000000000011000011001;
	116 : 00000000111011111000010100101100;
	117 : 10000101001000100111111010100001;
	118 : 01111101011100000001000011111110;
	119 : 00000100000000000000010100011001;
	120 : 01111100111100000001000011111110;
	121 : 01101001000000010000010110011001;
	122 : 00100101001010010001111010000010;
	123 : 00000101000100111100010100010100;
	124 : 00010000111011110000101000000000;
	125 : 01000100000001010111101111000001;
	126 : 01010001000000010000000100011001;
	127 : 01111110110000010010000010011000;
	128 : 00100100100000111000010100101000;
	129 : 00100100000000110111111001010000;
	130 : 00101001000000110111111010010000;
	131 : 00000001000100110111111000010000;
	132 : 10000000100000100111111100010000;
	133 : 00000101000000000000010100011001;
	134 : 01111001011100000001000011111110;
	135 : 00011110100100000001100010000000;
	136 : 10000101001000101000010110001010;
	137 : 11000101000000010010110100110011;
	138 : 00001011000000000000010100011001;
	139 : 00000101000100111011011111010011;
	140 : 00010000111011110000011000000000;
	141 : 00001001000100110111011111000001;
	142 : 10000101101000100000001000010000;
	143 : 01101001000000010000011000011001;
	144 : 00100101010110011000010101001010;
	145 : 00000101000100111000010000101010;
	146 : 11110100010001010000110000000000;
	147 : 00000111000000000000010100011001;
	148 : 01110101111100000001000011111110;
	149 : 00001000000000000000010100011001;
	150 : 01110101011100000001000011111110;
	151 : 00000110000100110100011110010000;
	152 : 00000110101100110000001000000000;
	153 : 00000111001100110000000011110001;
	154 : 11000110100000110000000011110011;
	155 : 01000111000000110000000000001100;
	156 : 10011001011000110000000000011100;
	157 : 00000111100001010000000011101100;
	158 : 11111110110001111001010111111000;
	159 : 00010000111011110100010100010100;
	160 : 10111111100111010111001100000001;
	161 : 00001101000000000000010100011001;
	162 : 10010110101101111011011110110110;
	163 : 01000011000000010000000000100100;
	164 : 00100100100101101000011010011001;
	165 : 00001110000100110100111011110000;
	166 : 11000111100000110001000000000000;
	167 : 11000111000000110000000000010101;
	168 : 11000110000000110000000000110100;
	169 : 00000111101000100000000000010100;
	170 : 10001111110110010000011101001000;
	171 : 11110110001100111000111111010001;
	172 : 11010111000100110000000011011101;
	173 : 10000011100010010000000000011101;
	174 : 10001111111101011000111101110101;
	175 : 10010111101100101001011110101011;
	176 : 00000000000100110001011000011001;
	177 : 01000111000000011001011000101010;
	178 : 00000000001101110000100010011001;
	179 : 00000000111001111101100000111001;
	180 : 00000001000101111101100010111001;
	181 : 00000000011110000111100000011001;
	182 : 00000000011110001111100010011001;
	183 : 01000001000110000000100000111001;
	184 : 00000001000001100001000000111000;
	185 : 00000110000010010000011100010011;
	186 : 11111111110101110001000011111000;
	187 : 00000101100011010000001100010001;
	188 : 11111011110000110001010111111000;
	189 : 01010011001101111000000010001000;
	190 : 01001000100000010101010101010101;
	191 : 01010101010100110000001100011001;
	192 : 00000010000000000000111010011001;
	193 : 00010000000000000000111000011001;
	194 : 00000000000101011100011110011000;
	195 : 00000000000001011100011100011000;
	196 : 00000000000110001001011010011001;
	197 : 10001111110110010000011110101000;
	198 : 00000000001001011100011100011000;
	199 : 00000111010000101001011010101010;
	200 : 11000111100000111000111101010111;
	201 : 00000111111000100000000000110101;
	202 : 11110111001100111000111111010011;
	203 : 10000011100001010000000001111100;
	204 : 00000000011001111111011110111001;
	205 : 01000111000000011001011110101011;
	206 : 00000000001001110000100000011001;
	207 : 00000000111001111101011000111001;
	208 : 00000001000001111101100000111001;
	209 : 01111000000100111000101000010110;
	210 : 00000110001100110000000000100011;
	211 : 10010000001000110100000100001100;
	212 : 00000111000100010000000011001100;
	213 : 00010001111000110000011010010010;
	214 : 00001000101000011111111111011101;
	215 : 10010101111000110000010110010001;
	216 : 10000000100000101111101111000010;
	217 : 01101110100001010110111000010100;
	218 : 01000011000011010110111100010100;
	219 : 00011110011111010100011110010000;
	220 : 11010000000011101000111010011001;
	221 : 11010000000111110000111100011001;
	222 : 01000000110000110000001100111001;
	223 : 00000000000101100100100010011000;
	224 : 00000000000001100100011100011000;
	225 : 00000000100010001001100000011001;
	226 : 00000000111010000110100000111001;
	227 : 00000000001001100100011100011000;
	228 : 00000001110010000111100000111001;
	229 : 01110111000100110000100001001000;
	230 : 11011000100100110000111111111101;
	231 : 00000111000100100000000001000010;
	232 : 01000001000010000101100000011001;
	233 : 00000001000101110110011100111001;
	234 : 00000001000011101100100001111000;
	235 : 00000000000101111001100010011001;
	236 : 10010000001000111001100010101010;
	237 : 00000111100001010000000100000010;
	238 : 00000000101101111111101001111000;
	239 : 00000001111001110101100001111000;
	240 : 00000000000101111001100000011001;
	241 : 00010000001000111001100000101010;
	242 : 00000111100001010000000011100010;
	243 : 00000000101101111111011101111000;
	244 : 00000111001100110000011000010110;
	245 : 11110011111000110000000011011000;
	246 : 10000101001111101111101011101100;
	247 : 00000001000100111000000010001000;
	248 : 00100010001000111100110100010000;
	249 : 00101110001000110011001010010001;
	250 : 00101000001000110011000100110001;
	251 : 00100110001000110011000101110000;
	252 : 00101110001000110011000101110001;
	253 : 00100110001000110010111110110001;
	254 : 00100100001000110011001000010001;
	255 : 00100000001000110011001010010000;
	256 : 00101100001000110011001100110000;
	257 : 00101010001000110011000101010000;
	258 : 00100100001000110011000101010001;
	259 : 00100010001000110011000110010000;
	260 : 00100000001000110011000110010001;
	261 : 11000010001010100011000110110000;
	262 : 11000100001100101000110110101110;
	263 : 00001011100100110100100110010000;
	264 : 01001011000011010001000000000000;
	265 : 01000111100100100001100111000100;
	266 : 00000000101010011001101010011001;
	267 : 10011010101111100100100100010000;
	268 : 00001111111110011111110100011001;
	269 : 01110110000100110100011110101000;
	270 : 10000110111010100000111111110011;
	271 : 10000110101100101100001110010011;
	272 : 10000101111011101000011001101010;
	273 : 00010000111011110000100000100010;
	274 : 00001000001100000100110001100000;
	275 : 00011111100000000000010110011001;
	276 : 00011010000100111000010100101100;
	277 : 00010000111011110000000010010011;
	278 : 10011010010101100110101000100000;
	279 : 00011111100000000000011010011001;
	280 : 00000101100100111000011000101100;
	281 : 10000101010100100001000000000000;
	282 : 10000100001010100011110111110101;
	283 : 00011111100000000000011010011001;
	284 : 00001111111100000000110010011001;
	285 : 00000100100011001111101001111000;
	286 : 00000000000110010000011110011001;
	287 : 01001001000001010100011100010010;
	288 : 11111010111001111001101011111000;
	289 : 00000001001010011000011100111001;
	290 : 00011110111000111000100111001010;
	291 : 00100000100000111111100011111101;
	292 : 00100100000000110011001011010000;
	293 : 00100100100000110011001010010000;
	294 : 00101001000000110011001001010000;
	295 : 00101001100000110011001000010000;
	296 : 00101010000000110011000111010000;
	297 : 00101010100000110011000110010000;
	298 : 00101011000000110011000101010000;
	299 : 00101011100000110011000100010000;
	300 : 00101100000000110011000011010000;
	301 : 00101100100000110011000010010000;
	302 : 00101101000000110011000001010000;
	303 : 00101101100000110011000000010000;
	304 : 00000001000100110010111111010000;
	305 : 10000000100000100011001100010000;
	306 : 00000011011001101111110000111001;
	307 : 10000110001100111000011110101100;
	308 : 10010110011000110000000110000100;
	309 : 00001000001100000000001011011100;
	310 : 00001010100000000000010110011001;
	311 : 00000001100001001000010100111001;
	312 : 01100001100000000001000011111110;
	313 : 00000000000101000001010100011001;
	314 : 00001010100011000000011010011001;
	315 : 01000000100010111000010110111001;
	316 : 10010101010100101000011000101100;
	317 : 00110101101111011100011000101101;
	318 : 10010100001010100100011010101001;
	319 : 10000111001100111011111110110100;
	320 : 00000111001100110000000011101101;
	321 : 01000111000000110100000110011100;
	322 : 00000111100001010000000000011100;
	323 : 11111110111001111000111110111000;
	324 : 00000001000100111011011111010010;
	325 : 00100110001000111011100100010000;
	326 : 00100100001000110100011000010001;
	327 : 00100000001000110100011010010000;
	328 : 00101100001000110100011100110000;
	329 : 00101010001000110100010101010000;
	330 : 00100010001000110100010101010001;
	331 : 00101110001000110100011010010001;
	332 : 00000001000100110100010100110001;
	333 : 00000001000100111000000000010000;
	334 : 00001000000000001000000000010000;
	335 : 10001010101011101000101000101010;
	336 : 00000101100100110100011000010000;
	337 : 10000101001000100000001000000000;
	338 : 01001000100100000000000011111110;
	339 : 00000010000000000000011010011001;
	340 : 00000101100100111000011000101000;
	341 : 10000101001000100000010000000000;
	342 : 01010011101000000001000011111110;
	343 : 01111111111100010000010100011001;
	344 : 01000110000000011000010110101000;
	345 : 01000101000101010000010100011001;
	346 : 01111111111100010000100100011001;
	347 : 00001001000100110011110110010110;
	348 : 00011000000011000000010100010011;
	349 : 01000110000000011000010101001010;
	350 : 01101100000000000000000011111110;
	351 : 00000101000100110001100000000110;
	352 : 01000110000001010010000000010010;
	353 : 01101011010000000000000011111110;
	354 : 00001000100010000001100000000110;
	355 : 00000000111011110100011000010010;
	356 : 00011000000011000110101010100000;
	357 : 00001100100010000100011000010110;
	358 : 10000101010010100010010101010100;
	359 : 00100101001100000000000011111110;
	360 : 00000000111011110000100010000010;
	361 : 00000101100100110010010011000001;
	362 : 10000110010010100111111111110001;
	363 : 01000101000101011000010110011001;
	364 : 01000101000000010000010100011001;
	365 : 00100110001100000000000011111110;
	366 : 01000101000000010000010100011001;
	367 : 01110010101000000000000011111110;
	368 : 10000111100100110110011110010100;
	369 : 10000101101100110000010100011100;
	370 : 00000101000100110000000000111100;
	371 : 10000110010010100110010100010000;
	372 : 00000000111011111100011000101010;
	373 : 01000101001100100010010001000001;
	374 : 01110000111000000000000011111110;
	375 : 00000101100100110000100010000001;
	376 : 00000101000100110100010100010000;
	377 : 00000000111011110100010100010000;
	378 : 00000101000100110011010101100001;
	379 : 00000000111011110100010100010000;
	380 : 10000101110010100010011001100001;
	381 : 00000000111011111000010101001101;
	382 : 00000101100100110001110000000001;
	383 : 10000101010100100100010100010000;
	384 : 00011011011100000000000011111110;
	385 : 00000101000100111000010110101000;
	386 : 00000110000100110011000000001010;
	387 : 00100000111011110000001000000000;
	388 : 01100010100001010000001011100000;
	389 : 00100000100000111001000100001101;
	390 : 00100100000000110100011011010000;
	391 : 00100100100000110100011010010000;
	392 : 00101001000000110100011001010000;
	393 : 00101001100000110100011000010000;
	394 : 00101010000000110100010111010000;
	395 : 00101010100000110100010110010000;
	396 : 00000001000100110100010101010000;
	397 : 10000000100000100100011100010000;
	398 : 10000010100100110111001011110011;
	399 : 00010001000000010001111000001000;
	400 : 11001100001000101100111000001100;
	401 : 11001000010010101100101000101100;
	402 : 11000110010011101100010001001001;
	403 : 10001010001010101001000100001101;
	404 : 01111111111100010000010100011001;
	405 : 00000101000100111000100100101110;
	406 : 10000101101100100010001000010101;
	407 : 10000100001100101000010010101101;
	408 : 00010111001100000000000011111110;
	409 : 00000010000000000000011000011001;
	410 : 00110000000001000000010110011001;
	411 : 00010000111011111000010100001010;
	412 : 10000101110010100111110011100001;
	413 : 00100011010110010001010000000010;
	414 : 00000101000100110110010100010100;
	415 : 10000101100010100110001000010100;
	416 : 01000110000001011001010100001010;
	417 : 01100010000000010000010000011001;
	418 : 10000101101001100011101110010011;
	419 : 01000110000000011000010100101000;
	420 : 10000101101001100010001101110100;
	421 : 00100000000001000000010100011001;
	422 : 00101011011110010100011000010100;
	423 : 10000111100100110110011110010100;
	424 : 00001001001100110110001000011100;
	425 : 10000101101001100000000011110001;
	426 : 10000000000010010000010100011001;
	427 : 00101011010001010100011000010010;
	428 : 00000101000100111000010110101100;
	429 : 01000110000011011010000000010010;
	430 : 10000101101001100010001101010111;
	431 : 00000101000100110100011000010001;
	432 : 00101011011100010100001000010000;
	433 : 00000000111011111000010100101000;
	434 : 01100111100001010001001010000001;
	435 : 01100010000001111000011110011001;
	436 : 00000000111100010000010010111001;
	437 : 00000000111100010000010110111001;
	438 : 10000101000100111000011000101000;
	439 : 00000000111011111100000000000100;
	440 : 01100111100010010001001110000001;
	441 : 10100010000001111000011110011001;
	442 : 00000000111100010000010110111001;
	443 : 10000101000100111000011000101000;
	444 : 00000000111011111110000000000100;
	445 : 00000101100100110001001001000001;
	446 : 10000110001000100111111111110001;
	447 : 00100010000101011000010110011001;
	448 : 00000000111011110001000000000010;
	449 : 10000101000100110001000101000001;
	450 : 00000000111011111100000000000100;
	451 : 00010000000010000000111110000001;
	452 : 00000110000100110010101110010101;
	453 : 10000101100100111000000000010010;
	454 : 10000101000100111100000000000100;
	455 : 00000000111011111100000000000100;
	456 : 00010000000011000010000111100001;
	457 : 01000010000000010000011000011001;
	458 : 00000000111011111000010100101110;
	459 : 00010000000011000111100011100000;
	460 : 10000101001011100001010000000001;
	461 : 01111000010000000000000011111110;
	462 : 11000000000001001000010100011001;
	463 : 00010001100100000000000011111110;
	464 : 00101011111000010001000000000010;
	465 : 11000000000001001000010110011001;
	466 : 00000000111011111000010101001001;
	467 : 00010000000011000001001100100001;
	468 : 00101000000010100000010100011001;
	469 : 01100010100010010010010100010111;
	470 : 11100010000000101000001010011001;
	471 : 01000000111100101001000100001101;
	472 : 01000100110100100100010001101000;
	473 : 01001001101100100100100101001000;
	474 : 01100001000001010100101000101000;
	475 : 00000001000100111000000010001000;
	476 : 00100110001000111000000100010000;
	477 : 00100100001000110111111000010001;
	478 : 00100000001000110111111010010000;
	479 : 00100010001000110111111100110000;
	480 : 00000001000100110111111010010001;
	481 : 10001001001010101011110100010000;
	482 : 01000001000000010000010100011001;
	483 : 10000100001011101100011000101001;
	484 : 01110111101000000000000011111110;
	485 : 00101000000001000000010110011001;
	486 : 00101110110101010000100000000010;
	487 : 00000101000100110100010110101001;
	488 : 00000101010001010111111111110001;
	489 : 00000010111100000000000011111110;
	490 : 01000001000000010000010100011001;
	491 : 00000100001100000000000011111110;
	492 : 00000101100100110000110000000000;
	493 : 00000110000100110111111111110001;
	494 : 00000101110001010100000100010000;
	495 : 00000000111011111000010100101000;
	496 : 10000101001000100000010110000001;
	497 : 10000110001000100010000111010000;
	498 : 10000101001000100000100000000110;
	499 : 01110001010000000000000011111110;
	500 : 00100011101000011000010100101000;
	501 : 10000101010010101000010110101000;
	502 : 00000001000100110010010101010000;
	503 : 00100000100000110100001100010000;
	504 : 00100100000000110111111011010000;
	505 : 00100100100000110111111010010000;
	506 : 00101001000000110111111001010000;
	507 : 00000001000100110111111000010000;
	508 : 10000000100000100111111100010000;
	509 : 11001100001000100001000100010000;
	510 : 11000110001010101100111000001100;
	511 : 00111011000100011000010000101110;
	512 : 01000110100000010100011000101001;
	513 : 00110010000000000000011110011001;
	514 : 00000000110101100000011100111001;
	515 : 00000000000001110100010110011000;
	516 : 00000000110101000000011100111001;
	517 : 00000000001000110000011010010100;
	518 : 10010111111000110011000010111101;
	519 : 00000101100100111111111011101101;
	520 : 00000101000100110000001000000000;
	521 : 00010000111011110110001000000100;
	522 : 00000101000100110010011011000000;
	523 : 00000101100100110110010000000100;
	524 : 01000110000000010000001000000000;
	525 : 00011001110100000000000011111110;
	526 : 01000100011000100100000011101001;
	527 : 01100001000001010100010100010000;
	528 : 01110001011101011000000010001000;
	529 : 11000011001001101100010100101000;
	530 : 10000100001010101100000101001010;
	531 : 10001001001011101000010010101001;
	532 : 00000101100100110100011000010000;
	533 : 10000101000010100000001000000000;
	534 : 00000000111011111100011100001100;
	535 : 00000110100100110001011101100001;
	536 : 10000110000010100000001000000000;
	537 : 10000101000010101000010110101101;
	538 : 00100010101000000001000011111110;
	539 : 00000010000000000000010110011001;
	540 : 00000101001100111000011000101100;
	541 : 00000110100100110000000010110001;
	542 : 00010000111011110011001000000000;
	543 : 00000110100100110010000110000000;
	544 : 10000110000010100000010000000000;
	545 : 00000101001100111000010110101101;
	546 : 00010000111011110000000011010001;
	547 : 00010000100101000010000010000000;
	548 : 10000101100010101000011000101100;
	549 : 00110011010011011000010100101000;
	550 : 00000110100100111000011000101000;
	551 : 00000101100100110011000000000000;
	552 : 00010000100010000000001000000000;
	553 : 00011110111000000001000011111110;
	554 : 00000100000000000000011010011001;
	555 : 00000110001100111000010101001010;
	556 : 00000101100100110000000011010001;
	557 : 00010000111011110000001000000000;
	558 : 01000000101110100000100101100000;
	559 : 01000100100110100100010000101010;
	560 : 01000101000000010100100100001010;
	561 : 10000000100000100110000101010010;
	562 : 11000110000000010000000100011001;
	563 : 00111001001000010010100000111000;
	564 : 10000101000010101000100100101010;
	565 : 00111000000100010010111000111000;
	566 : 00111000100000010010110000111000;
	567 : 00111000100100010010101000111000;
	568 : 00111001001100010010011000111000;
	569 : 10000100101011101000010000101001;
	570 : 00000110000100110011010101010011;
	571 : 00000101100100110000001000000000;
	572 : 00000101001100110110001000000100;
	573 : 00010000111011110000000011010000;
	574 : 00000110100100110101010001100001;
	575 : 10000110000010100000010000000000;
	576 : 00000101001100111000010110101101;
	577 : 00010000111011110000000011010001;
	578 : 00010000100101000001100011000000;
	579 : 00110000000001000000011000011001;
	580 : 00000001000010001000010110001010;
	581 : 00000001000011000011001100010101;
	582 : 00110000000000000000011000011001;
	583 : 00000000111011111000010100101100;
	584 : 10001001101010100000110100000001;
	585 : 00000110100100111000011000101100;
	586 : 00000101100100110011000000000000;
	587 : 00010000100010000000001000000000;
	588 : 00010110001000000001000011111110;
	589 : 00001111111110011111011010011001;
	590 : 01100100000001000000010110011001;
	591 : 00000110000100110000000010000010;
	592 : 00000000111011110000001000000000;
	593 : 00000110100100110000110101000001;
	594 : 10000101010010100000010000000000;
	595 : 00000000110100010000011000111001;
	596 : 00000010000000000000010110011001;
	597 : 01111111100100000000000011111110;
	598 : 00111001110000010010000010011000;
	599 : 00111001100000010010010000011000;
	600 : 00111001010000010010010010011000;
	601 : 00111001000000010010100100011000;
	602 : 00111000110000010010100110011000;
	603 : 00000001000100110100010100010000;
	604 : 10000000100000100011101000010000;
	605 : 11011010010101100111000101010111;
	606 : 11000000110010100110101010010010;
	607 : 11011100010100101101111001001110;
	608 : 11000100101000101100011010001100;
	609 : 11011000010110101100001010101100;
	610 : 11010100011000101101011001001111;
	611 : 11010000011010101101001001101100;
	612 : 11000100001010101100111001101110;
	613 : 01001001100001010100101000010111;
	614 : 00001000000000000000100100011001;
	615 : 01110010010010101000101010011001;
	616 : 00000000000110010001110110011001;
	617 : 00001101000100110100010000010000;
	618 : 00001100100100111111111111110011;
	619 : 10010111100100110000000000010011;
	620 : 10010111110101100000000000010011;
	621 : 00000000000001111001011100011000;
	622 : 00010100100100110100011110101000;
	623 : 00001001100001010000000000000101;
	624 : 00000000100010010000101110111001;
	625 : 10001011001000101001010010101111;
	626 : 00000001101101001000110000111001;
	627 : 00000000000011000001010100011000;
	628 : 00001011000001011100011000101011;
	629 : 00000010111001010000010100111001;
	630 : 00000000111011110000010010010010;
	631 : 11010111100000110111100001100000;
	632 : 01000111001100101111111111100100;
	633 : 00001111111100000000011010011001;
	634 : 00010000001000111000111110010010;
	635 : 11010111100000110000000011100111;
	636 : 10010101001111101111111111100100;
	637 : 11111110101001001001111100111000;
	638 : 11111101011110110110100011111000;
	639 : 00000000000101000000011110011001;
	640 : 11100011011000110100011100010000;
	641 : 10000111011010100000000011111011;
	642 : 10010100001110101001010001101100;
	643 : 11111010100001101111000111111000;
	644 : 01011001000100110001101001110111;
	645 : 00010101111000110000000000010011;
	646 : 01000000101101101111100000001010;
	647 : 01000100100101100100010000101100;
	648 : 01011001111100100100100100001100;
	649 : 01011010110100100101101001101000;
	650 : 01011011101100100101101101001000;
	651 : 01011100100100100101110000101000;
	652 : 01001101111100100101110100001000;
	653 : 10000000100000100110000101110000;
	654 : 11001010011001100111000100110011;
	655 : 11011000010010100110110010010010;
	656 : 11001110010111101101001001001101;
	657 : 11011110000001101100110001101000;
	658 : 11011010001001101101110000101000;
	659 : 11010100010100101101011001001110;
	660 : 11001000011010101101000001001011;
	661 : 10001001001010101100011001101110;
	662 : 00001100000100110100101110010111;
	663 : 01001010100010010000011111100001;
	664 : 01110010010011001000110010011001;
	665 : 00001111111100000000011100011001;
	666 : 00010111100100110100010010010000;
	667 : 10010111111001100000000000000111;
	668 : 00000001010101001000110100111001;
	669 : 00000000000001111001101100011000;
	670 : 00000000000101001001100110011001;
	671 : 00000000000111010001010000011001;
	672 : 10001010010010100001110001110111;
	673 : 10010100010010101001100111001010;
	674 : 00000101101001001110011101111000;
	675 : 00000001101010101000010010111001;
	676 : 11111100100101110111110111111000;
	677 : 00001010100001100001101111110111;
	678 : 11111100000010111001100011111000;
	679 : 00100000000010010000100100011001;
	680 : 01011010000100000000010000011001;
	681 : 00000000000010100001010100011000;
	682 : 00000101001100110000101000010010;
	683 : 00101101010011010000001010010100;
	684 : 11111110101010100001111100111000;
	685 : 11111111001010100001100011111000;
	686 : 01010100011000100101000011101001;
	687 : 01011001010000100101010011001001;
	688 : 01011010001000100101100110101001;
	689 : 01011011000000100101101010001001;
	690 : 01001100011000100100101111101001;
	691 : 01001101010000100100110011001001;
	692 : 01100001001000010100110110101001;
	693 : 11011101100000111000000010001000;
	694 : 01010101000000110000000000010010;
	695 : 00000100100001010000000000000100;
	696 : 10010101011011100000100110010010;
	697 : 10000101010000010000010101001000;
	698 : 10011111001000110010110101010011;
	699 : 01010101000000111111111010110010;
	700 : 00000100000010010000000000000100;
	701 : 01000001101101010000010100111001;
	702 : 10000101010000010000010101001000;
	703 : 11111110101001000001111100111000;
	704 : 00000010101010110000010100111001;
	705 : 00011111001000110010110110110001;
	706 : 00000111000100111111111010100100;
	707 : 10111111101011010000111111100001;
	708 : 11001100001000100001000100010000;
	709 : 00000000001001100001011110011000;
	710 : 10010101000000111000010000101010;
	711 : 11001110000001100000000000110100;
	712 : 00000101001100111100101000101100;
	713 : 10000100101100100000001011110101;
	714 : 11000110001101101100100001001010;
	715 : 00101101000011011000100100101110;
	716 : 00010000001000110100011010101001;
	717 : 00000101001100110000000010100100;
	718 : 00100101000111010000001011010101;
	719 : 00000000101001000001000000111000;
	720 : 00000000000001001001011110011000;
	721 : 00000000000010010001010100011000;
	722 : 00000010111101010000010100111001;
	723 : 01010111100000110010110100010001;
	724 : 10010111101010100000000000000100;
	725 : 00000000111101000001000000111000;
	726 : 00000000001001001001011110011000;
	727 : 00000000000010010001010100011000;
	728 : 00000010111101010000010100111001;
	729 : 00010001001000110010101111110101;
	730 : 10010111100000110000000010100100;
	731 : 00010101000000110000000000000100;
	732 : 00000101001100110000000000110010;
	733 : 00100011111011010000001011110101;
	734 : 00000000001001000101011110011000;
	735 : 01000100110100100100000011101001;
	736 : 00010001001000111001011110101010;
	737 : 01000100011000100000000011100101;
	738 : 01100001000001010100100101001000;
	739 : 01100111000001011000000010001000;
	740 : 00100000000001010000011010011001;
	741 : 11010000000101110000011100011001;
	742 : 00000000000001011100011110011000;
	743 : 00000101100001010000010100010001;
	744 : 10000111101100111000101110110111;
	745 : 00000111101000010000001011111100;
	746 : 00011110001000111000011110010001;
	747 : 11000111100000111111111011110101;
	748 : 10000011100100011111111111110101;
	749 : 00000010111001111000011110111001;
	750 : 10000111100100010000011110110000;
	751 : 11111110111101010001111100111000;
	752 : 11111100101001101001110011111000;
	753 : 01100110100001011000000010001000;
	754 : 00011000000001011000011000011001;
	755 : 11000111100000110001011011110111;
	756 : 11000111000000110000000000010101;
	757 : 00000101100011010000000000010100;
	758 : 10001111110110010000011110101000;
	759 : 00010000001000111000111111110101;
	760 : 11000111000000110000000011110101;
	761 : 11000111100000111111111111110100;
	762 : 00000101000100011111111111110101;
	763 : 00000111100100101000001100010001;
	764 : 00011111001000111000111111010011;
	765 : 00011100111000111111111011110101;
	766 : 10000000100000101111110010101101;
	767 : 01001000101000010100011100010000;
	768 : 00000010000000000000001100011001;
	769 : 00000000010001110001011010011001;
	770 : 01000110000000011001011010101010;
	771 : 00000000111001011000100000111001;
	772 : 00000000000010000100011110011000;
	773 : 11010111101100110000011010010010;
	774 : 10011110000100110100000011011100;
	775 : 01010111100100110000000111111101;
	776 : 11110111100100110100000111101111;
	777 : 10011111001000110110100000011101;
	778 : 00000110000001011111111011101101;
	779 : 11111111000101100001001011111000;
	780 : 00011001111000110000011100010100;
	781 : 10000000100000101111110001111100;
	782 : 11000101101000100111000101010101;
	783 : 10000100001010101000011010101001;
	784 : 10000101000010101000011000101110;
	785 : 00001100000000000000010110011001;
	786 : 00000000111011111100011110001100;
	787 : 10000101100010100101001111000001;
	788 : 11110000111011111000010100101000;
	789 : 01000000101111101110001110011110;
	790 : 01100001011010010100010000101110;
	791 : 01110001011101011000000010001000;
	792 : 10000110101100101100010100101000;
	793 : 10000110001011101000010000101010;
	794 : 00000101100100111000010100001010;
	795 : 11000111000001100000100000000000;
	796 : 01010001011100000000000011111110;
	797 : 10000101001000101000010110001010;
	798 : 11100111111011111111000011111110;
	799 : 01000100001010100100000010101011;
	800 : 10000000100000100110000101010010;
	801 : 01110001011110011011101101010101;
	802 : 01101001100010011100111001001110;
	803 : 11010010001001101101010000101000;
	804 : 11001100010100101101000001001010;
	805 : 10001001100100111101011000001100;
	806 : 10000100001010100111001001010010;
	807 : 10000100101100101000100100101110;
	808 : 00100000000001010000101000011001;
	809 : 00001000000010011001011010011000;
	810 : 10000101110010101000011000101100;
	811 : 11000110001101101000010100101000;
	812 : 01000110101100100011010110010100;
	813 : 00000000010001001000011000011001;
	814 : 00000000010010010000010110011001;
	815 : 01000000110100000000011010111001;
	816 : 00000101000100110000011011001000;
	817 : 10000110110000010000000001000100;
	818 : 00110101100110010000010000110000;
	819 : 00001001001000010000100110010010;
	820 : 00011001111000110000010010110000;
	821 : 01010000101100101111110101000100;
	822 : 01010100100100100101010000101000;
	823 : 01001001111100100101100100001000;
	824 : 01100001010001010100101001101000;
	825 : 00010001010000011000000010001000;
	826 : 11000010001001101100010000101000;
	827 : 11000110000001101100000001001010;
	828 : 00000100100100111000010000101010;
	829 : 00001001000100110010000000010100;
	830 : 00010101000000110101010010000001;
	831 : 00000100000010010000000000000100;
	832 : 00000011001001010000010100111001;
	833 : 00011111001000110010100110110001;
	834 : 00011000111000111111111010100100;
	835 : 01000000101100101111111010000101;
	836 : 01000100100100100100010000101000;
	837 : 00000001010000010100100100001000;
	838 : 00010001010000011000000010001000;
	839 : 11000010001001101100010000101000;
	840 : 10000100001010101100011000001100;
	841 : 00100000000001010000010010011001;
	842 : 00000000000001000001010100011000;
	843 : 00101001100000010000010000010010;
	844 : 11111110101001000001111100111000;
	845 : 11111110100101000001101011111000;
	846 : 01000100001000100100000010101001;
	847 : 00000001010000010100010010001001;
	848 : 00010001000000011000000010001000;
	849 : 11000110001010101100111000001100;
	850 : 01000101001100100011000100110101;
	851 : 01100001000001010100000011101001;
	852 : 00010001010000011011011111110010;
	853 : 11000010001001101100010000101000;
	854 : 10000100001010101100011000001100;
	855 : 00100000000001010000010010011001;
	856 : 00000000000001000001010100011000;
	857 : 00101001000111010000010000010010;
	858 : 11111110101001000001111100111000;
	859 : 11111110100101000001101011111000;
	860 : 01000100001000100100000010101001;
	861 : 00000001010000010100010010001001;
	862 : 01110001011110011000000010001000;
	863 : 10000100001010101101010000101000;
	864 : 11000110001011101000010100101110;
	865 : 00110111111100011101011000001100;
	866 : 01100101000001010100010110101001;
	867 : 00001000000100110100011000010000;
	868 : 00000101000100110000000110010000;
	869 : 01001000101000011101000000010101;
	870 : 00010000000000000000001100011001;
	871 : 00000000000101100001011100011001;
	872 : 01000110100000011001011100101110;
	873 : 00000000000001110101011110011000;
	874 : 00000000110110000000111000111001;
	875 : 00000111100100100000011010010100;
	876 : 01101000000001111000011110011001;
	877 : 00000010101001111100011110111001;
	878 : 10001011101111010000011100010010;
	879 : 00000000111111100000000000111000;
	880 : 11111111000101101001001011111000;
	881 : 00000001100100010100011110011000;
	882 : 00000001100000010100011100011000;
	883 : 00000111100100100000011000110000;
	884 : 00000000001000111000111111010011;
	885 : 01000111100000110000000011100101;
	886 : 01000111000000110000000110110001;
	887 : 00000100000100010000000110110000;
	888 : 10001111110110010000011110001001;
	889 : 11111110111101000000111010111000;
	890 : 00000001110100010100011110011000;
	891 : 00000001110000010100011100011000;
	892 : 10001111110110010000011110001001;
	893 : 11111110111101000000111100111000;
	894 : 00000001111100010100011110011000;
	895 : 00000001111000010100011100011000;
	896 : 10001111110110010000011110001001;
	897 : 11111110111101000000111110111000;
	898 : 11111000011001100001101011111000;
	899 : 01010100001000100101000010101001;
	900 : 10000000100000100110000101010100;
	901 : 11001100001000100001000100010000;
	902 : 10000101001011101000010000101010;
	903 : 11001110000001101100011000101110;
	904 : 01000101101100100011111100010110;
	905 : 00000110000100111000011110101000;
	906 : 10010110100000110001100000000100;
	907 : 10010111000000110000000000110100;
	908 : 00000111100011010000000000010100;
	909 : 00000000010001101001010100011001;
	910 : 11111110111001111000111010111000;
	911 : 10001111010010011000001100110000;
	912 : 10001111001000111000001010010001;
	913 : 10001111101000111111111011111100;
	914 : 00000101100100011111111011011101;
	915 : 11111100111101100001111111111000;
	916 : 01000100011000100100000011101001;
	917 : 10000000100000100110000100010100;
	918 : 11001100001000100001000100010000;
	919 : 10000101001011101000010000101010;
	920 : 11001110000001101100011000101110;
	921 : 01000101101100100011010111110111;
	922 : 10000111001000100110100010010100;
	923 : 10001000100100110100011000010000;
	924 : 01001110001000011101000000000011;
	925 : 00010000000000000000001100011001;
	926 : 00000000000101100001011010011001;
	927 : 00000000000001110000000000111000;
	928 : 01000101000000011001011010101110;
	929 : 11010111100000110100100000010000;
	930 : 00000110100010010000000000001100;
	931 : 10000111100100110000011110001100;
	932 : 11000111101100110110100000011100;
	933 : 10001011100001010000001100011101;
	934 : 00000001000001111001011110111001;
	935 : 00000000001000111000110101010111;
	936 : 00001000000001010000000010111100;
	937 : 11111111110010000001000111111000;
	938 : 00000111000001010000011000110000;
	939 : 11111100011001100001011011111000;
	940 : 01000100011000100100000011101001;
	941 : 10000000100000100110000100010100;
	942 : 00000110100100110100011110010000;
	943 : 10000111001100110010000000000000;
	944 : 00001000101100110000000011110101;
	945 : 01010111000000110000000011101101;
	946 : 11011000100000110000000000011100;
	947 : 00001000001100110000000000000010;
	948 : 00000111100010010000000011110101;
	949 : 00010000001000111001011101001100;
	950 : 10010010111000110000000011100010;
	951 : 10000000100000101111111011011101;
	952 : 00000110100100110100011110010000;
	953 : 10000111001100110010000000000000;
	954 : 00001000101100110000000011110101;
	955 : 01010111000000110000000011101101;
	956 : 11011000100000110000000000011100;
	957 : 00001000001100110000000000000010;
	958 : 00000111100010010000000011110101;
	959 : 01000001000101110000011100111001;
	960 : 00000000111010000001000000111000;
	961 : 11111110110101111001000111111000;
	962 : 00010001010000011000000010001000;
	963 : 01001000000000010110001100010100;
	964 : 00001110100100110100111000010101;
	965 : 00000011000100110000000010010000;
	966 : 01001111001000011101000000011001;
	967 : 00010000000000000000111110011001;
	968 : 00000100000000000000001010011001;
	969 : 00000011110010000000011110111001;
	970 : 00000000001110000001011010011001;
	971 : 01001000100000011001011010101010;
	972 : 11000110000000111001011110101110;
	973 : 11000011100000110000000000011101;
	974 : 00000111100101010000000000011100;
	975 : 00000000100001100001011100011001;
	976 : 00000000011101110110011100111001;
	977 : 00000000111000010001010000111000;
	978 : 11111111110101111100011100011000;
	979 : 00010011100100111000001000010010;
	980 : 11100110001100110000000001111100;
	981 : 00010101001000110000000011011000;
	982 : 11000110000000110000000011010000;
	983 : 10000011000100011111111111111100;
	984 : 00000000010001100001001110011001;
	985 : 00000000111000111110011100111001;
	986 : 00000000111000010001011000111000;
	987 : 11111111111101111100011100011000;
	988 : 00000111000010101000001000010011;
	989 : 00010111001000111000111101010001;
	990 : 01000110000000010000000011110000;
	991 : 00000000110011101000011100111001;
	992 : 00000000000001110101011100011000;
	993 : 00000000110001101000001110111001;
	994 : 01110111000100110000011000010010;
	995 : 00000111001100110011111111111101;
	996 : 00000111000100110000001001111100;
	997 : 10000011001010010010000000011100;
	998 : 00000000111000111001000000111000;
	999 : 11111111111001100001000011111000;
	1000 : 00000110101000010000100010010001;
	1001 : 11111001111110001001011111111000;
	1002 : 00000000010110000000010101111000;
	1003 : 00000100000000000000100000011001;
	1004 : 00000001010000011011111110010101;
	1005 : 00010001000000011000000010001000;
	1006 : 11000110001010101100111000001100;
	1007 : 00111101100110011100010000101110;
	1008 : 01000101001100100100010110101000;
	1009 : 10000101100100110100000011101001;
	1010 : 00000101000100110010000000010100;
	1011 : 01100001000001010001100000010100;
	1012 : 00010001000000011011010110010001;
	1013 : 11000110001010101100111000001100;
	1014 : 00110110111101011100010000101110;
	1015 : 01000101001100100100010110101000;
	1016 : 10000101100100110100000011101001;
	1017 : 00000101000100110001100000010100;
	1018 : 01100001000001010010000000010100;
	1019 : 00010001000000011011111011110010;
	1020 : 11000110001010101100111000001100;
	1021 : 01000101001100100011001110110011;
	1022 : 00000101000100110100000011101001;
	1023 : 01100001000001010010000000010100;
	1024 : 00010001000000011011001110010010;
	1025 : 11000110001010101100111000001100;
	1026 : 01000101001100100011100110110101;
	1027 : 00000101000100110100000011101001;
	1028 : 01100001000001010010000000010100;
	1029 : 00000001000100111011100110010100;
	1030 : 00101110001000111101111000010000;
	1031 : 00101100001000110010000000010001;
	1032 : 11000110001011100010000010010000;
	1033 : 11000100001100101000010000101010;
	1034 : 01000110001000100011100110110011;
	1035 : 00001000000010000100010110101001;
	1036 : 00100000000001100000011000011001;
	1037 : 00100000000001011000010110011001;
	1038 : 00001000000100000011000110110011;
	1039 : 10000101001000101000010110101000;
	1040 : 10000101001000100011110110110100;
	1041 : 00100000100000110011100111010011;
	1042 : 00100100000000110010000111010000;
	1043 : 00000001000100110010000110010000;
	1044 : 10000000100000100010001000010000;
	1045 : 11001110000001100001000100010000;
	1046 : 00110001110000011100011000101010;
	1047 : 01000000111100100100010100101001;
	1048 : 00100000000001010000010100011001;
	1049 : 10111001010101010110000100010100;
	1050 : 11001110000001100001000100010000;
	1051 : 00110001110101011100011000101010;
	1052 : 01000000111100100100010100101001;
	1053 : 00100000000001010000010100011001;
	1054 : 10111001111000010110000100010100;
	1055 : 11010100001000100111000101110011;
	1056 : 10000101001011101000010000101010;
	1057 : 11010110000001101100011000101110;
	1058 : 01000101101100100011011111010100;
	1059 : 01000101000000010110100010010100;
	1060 : 00001110000100110100001100010101;
	1061 : 10001000100100110000000110010000;
	1062 : 01001110101000011101000000000011;
	1063 : 00010000000000000000111100011001;
	1064 : 00000100000000000000111110011001;
	1065 : 00000010011001010000011110111001;
	1066 : 00000000001101010001011000011001;
	1067 : 01001000000000011001011000101110;
	1068 : 10101000100101011001011110101000;
	1069 : 00000000110101100000011100111001;
	1070 : 00000000000001110001011100011000;
	1071 : 00000000110111100000001010111001;
	1072 : 00000111001010100000011010010010;
	1073 : 01101000000001110000011100011001;
	1074 : 00000011000101110101011100111001;
	1075 : 00111111111101110111011100011001;
	1076 : 00000000111000101001000000111000;
	1077 : 11111111110101101001000011111000;
	1078 : 00000001100000010101011100011000;
	1079 : 00000001101000010101011010011000;
	1080 : 10000000001000110000100000010001;
	1081 : 10010010100100110000000011111100;
	1082 : 10000011001000010000000000101100;
	1083 : 00000000010101110110011100111001;
	1084 : 00000000111001111000000010111000;
	1085 : 00000001110000010101011100011000;
	1086 : 00000111100101011000001010010011;
	1087 : 00000000010001110001001010011001;
	1088 : 00000000010101101110011010111001;
	1089 : 11111110110101111000111010111000;
	1090 : 00000001111000010101011010011000;
	1091 : 00000110001000011000001100010001;
	1092 : 00000000011001101001001010011001;
	1093 : 00000000010101110110011100111001;
	1094 : 10001111001000111000001010010010;
	1095 : 10001111101000111111111011111100;
	1096 : 00000100011000111111111011011101;
	1097 : 01000110100000010000000111100010;
	1098 : 00000101011000111011011101110001;
	1099 : 00000101000100110000000111110101;
	1100 : 10111111100011010000010000000000;
	1101 : 01010100001000100101000010101001;
	1102 : 10000000100000100110000101010100;
	1103 : 11001110000001100001000100010000;
	1104 : 11000100001011101100011000101010;
	1105 : 00111011100011011100001000101001;
	1106 : 01000101101000100100011000001001;
	1107 : 01000000111100100100010100101001;
	1108 : 00100000000001100000011000011001;
	1109 : 00100000000001011000010110011001;
	1110 : 00100000000001010000010100011001;
	1111 : 10111011101010010110000100010100;
	1112 : 10000111100100110111011111110111;
	1113 : 00000111101100110011000000011101;
	1114 : 01100111000001010000001011110101;
	1115 : 11010000000101110000011100011001;
	1116 : 10000111110000010000011111001000;
	1117 : 00000010111001111000011110111001;
	1118 : 10000101010000011000110100010111;
	1119 : 01100111100101011000000010001000;
	1120 : 11101011111101111000011110011001;
	1121 : 00000010111101010000011110111001;
	1122 : 00000111000100110110011100010100;
	1123 : 10000111111010011101000000011101;
	1124 : 00000010111001111000011110111001;
	1125 : 00000101010000101000110100010111;
	1126 : 10000000100000101000010101010000;
	1127 : 10000000000001010000010100011001;
	1128 : 10101111111101010000010100011001;
	1129 : 00000001000001010001011100011001;
	1130 : 01000001111101110101011110011001;
	1131 : 00000111000100110110011100010100;
	1132 : 10001111111110011101000000011101;
	1133 : 00000101010000101001010100101111;
	1134 : 10000000100000101000010101010000;
	1135 : 10000101101010101000011010101110;
	1136 : 10000000000000000000010100111101;
	1137 : 00000110000100110100011100010000;
	1138 : 00000101000100110000001100000000;
	1139 : 10100011011100010000000000010100;
	1140 : 00000101001101111000011010101010;
	1141 : 00010001010000011000000000000000;
	1142 : 01000110000000011000011100101110;
	1143 : 00000101000100110100010110010000;
	1144 : 11000110000001100000000000010100;
	1145 : 01000000101100100010110100110110;
	1146 : 00000001010000010100010100010000;
	1147 : 01000111000000011000000010001000;
	1148 : 10010101011000110100011110010000;
	1149 : 00110101001100110000000011011100;
	1150 : 10000000100000100000000011100000;
	1151 : 00000000111101010000011010111001;
	1152 : 00000000111101011000100000111001;
	1153 : 00000000000001101100011010011000;
	1154 : 00000000000010000100100000011000;
	1155 : 11000110101100110000011110010100;
	1156 : 10001111010101010000000100001100;
	1157 : 00000110101100111011111111110011;
	1158 : 01000111100000010100000011000001;
	1159 : 00000000110001111001001101111000;
	1160 : 00001000101100111000000010001000;
	1161 : 10000111001100110000000011110101;
	1162 : 11001000000000110000000011110101;
	1163 : 01000111000000110000000000000010;
	1164 : 00000111100001010000000000011100;
	1165 : 00000000111010000100011100111001;
	1166 : 01001000001100111000111101110101;
	1167 : 10000000001000110000000011100010;
	1168 : 10111111111010010000000100000010;
	1169 : 00010100000001010000110101111000;
	1170 : 00010100000001011000101101111000;
	1171 : 11001010001001100001000100010000;
	1172 : 01100101100011011000010010101110;
	1173 : 01000110000111011100110000101000;
	1174 : 10000101100100111000010000101010;
	1175 : 00000000001010001000001001010100;
	1176 : 00010000111011111100111000001100;
	1177 : 10100011000000110011110110100000;
	1178 : 10101000100000110000000000000100;
	1179 : 10101000000000110000000001000100;
	1180 : 01000100110100000000000010000100;
	1181 : 00000001000001001010111010011000;
	1182 : 00000001010001001010111100011000;
	1183 : 00000001100001001010111110011000;
	1184 : 01100111000011010100110011000110;
	1185 : 00000000011001000010000000111000;
	1186 : 00000001000101000010001000111000;
	1187 : 00000001000001000010010000111000;
	1188 : 00101000001000111100010001000001;
	1189 : 00101010001000110000000111000101;
	1190 : 00101100001000110000000111100100;
	1191 : 11001100010011000000000111100101;
	1192 : 00000010000001000000011110011001;
	1193 : 00000100000100110000000000100010;
	1194 : 00000111000100110000111000000100;
	1195 : 11010110100100111011010100011100;
	1196 : 11110110100100110000000001110100;
	1197 : 10010110101110100011111111001100;
	1198 : 00000000000001101100011010011000;
	1199 : 00000000000001010100111000011000;
	1200 : 00000001110001101100011010111001;
	1201 : 00000000111001011101111000011001;
	1202 : 00111111110011100111111000011001;
	1203 : 01001110000000111001111000101011;
	1204 : 00001110001000100000000000001110;
	1205 : 00000001110001101100011010111001;
	1206 : 00000001011001011101111000011001;
	1207 : 00111111110011100111111000011001;
	1208 : 01001110000000111001111000101011;
	1209 : 00001110010000100000000000001110;
	1210 : 00000001110001101100011010111001;
	1211 : 00000000001001011001111000011001;
	1212 : 00111111110011100111111000011001;
	1213 : 01001110000000111001111000101011;
	1214 : 00001110011000100000000000001110;
	1215 : 00000001110001101100011010111001;
	1216 : 00000000110100110100001100111001;
	1217 : 00000000011010001100100010111001;
	1218 : 00000001000110000100100000111001;
	1219 : 00000001000001100100011000111001;
	1220 : 00000000001001100001011010011001;
	1221 : 00000000111001100101111000011001;
	1222 : 00111111110001101111011010011001;
	1223 : 00111111110011100111111000011001;
	1224 : 10011110001110101001011010101011;
	1225 : 00000000000001101100001110011000;
	1226 : 00000000000011100100001010011000;
	1227 : 00000000011001100101011010011001;
	1228 : 00000001011001100101111000011001;
	1229 : 00111111110001101111011010011001;
	1230 : 00111111110011100111111000011001;
	1231 : 10011110001110101001011010101011;
	1232 : 00000000000001101100011010011000;
	1233 : 00000000000011100100111000011000;
	1234 : 00000000011001111010000000111000;
	1235 : 00000001000101111010001000111000;
	1236 : 00000001000001111010010000111000;
	1237 : 00011000011000111100011111000001;
	1238 : 01000000111100100000000011100101;
	1239 : 01000100110100100100010001101000;
	1240 : 01100001000001010100010100010100;
	1241 : 00000110101000101000000010001000;
	1242 : 11000110101100110000001011001000;
	1243 : 11000110101100110000000001001101;
	1244 : 00001110011000100000000001101101;
	1245 : 00000001110001101100011010111001;
	1246 : 00000000110111101100111010111001;
	1247 : 00000001110111110100111100111001;
	1248 : 00000001111011111100111110111001;
	1249 : 00000001111101011100010110111001;
	1250 : 00000001110101111010100000111000;
	1251 : 00000001111001111010101000111000;
	1252 : 00000001111101111010110000111000;
	1253 : 00000101000001011100111111000110;
	1254 : 00000010000001111000011110011001;
	1255 : 01000101000000011011111100010010;
	1256 : 00110111100100111000000010001000;
	1257 : 10110111000100110000000000001101;
	1258 : 10001111110110010000000000010101;
	1259 : 00110000000001111001010101111000;
	1260 : 00110000000001010000001101111000;
	1261 : 01000010000111000100000110000101;
	1262 : 00010001000000010100000111000011;
	1263 : 01000010010111001000111010110111;
	1264 : 10101010000000111100011001001001;
	1265 : 10001111001111010000000010010100;
	1266 : 00101000000000110100011000000111;
	1267 : 11001000010011100000000011001100;
	1268 : 00000000110001011010100110011000;
	1269 : 00000000111110100100101000111001;
	1270 : 11001110001000100110011110010110;
	1271 : 11001010010010101100110000101100;
	1272 : 00000001000001100000010110011001;
	1273 : 00000001000010011100100110111001;
	1274 : 00001110000001100000001110011001;
	1275 : 10110101000001111000011110011001;
	1276 : 00000000011001110101100000011001;
	1277 : 00111111110010000111100000011001;
	1278 : 00101000000000111001100000101111;
	1279 : 01010100000100110000000000000010;
	1280 : 00001000011000100000000010000010;
	1281 : 11111000000100111001010001001000;
	1282 : 00001000000010100000111111101101;
	1283 : 00101000000000111001100000101111;
	1284 : 01011000100100110000000000000010;
	1285 : 00001000010000100000000100000010;
	1286 : 01000100001100111001100001001100;
	1287 : 01011000000100110000000100000100;
	1288 : 01111000000100110000000001101010;
	1289 : 10011000001111100011111111000010;
	1290 : 00000000000010000010100000011000;
	1291 : 00000000100010000101001010011001;
	1292 : 10010010110000100000100001101000;
	1293 : 00001111111101110111100000011001;
	1294 : 10011000001111100000100000001010;
	1295 : 00000000000010000010100000011000;
	1296 : 00000001000010000101100010011001;
	1297 : 10011000010001100000100001001000;
	1298 : 00000001000000101100001010111001;
	1299 : 00000001100001101101100000011001;
	1300 : 10011000001111100000100000001010;
	1301 : 00000000000010000010001100011000;
	1302 : 00000001100000110101100000011001;
	1303 : 10010011010000100000001100101000;
	1304 : 00000000011010011101100000011001;
	1305 : 00111111110010000111100000011001;
	1306 : 00101000000000111001100000101111;
	1307 : 01011111000100110000000000000010;
	1308 : 00001000011000100000000010000010;
	1309 : 01111000000100111001111101001000;
	1310 : 00001000000010100000111111101011;
	1311 : 00101000000000111001100000101111;
	1312 : 01011000100100110000000000000010;
	1313 : 00001000010000100000000100000010;
	1314 : 01001111001100111001100001001100;
	1315 : 11011000000100110000000100011110;
	1316 : 10000010100110010000000011101100;
	1317 : 00111111110001101111011010011001;
	1318 : 01000010100101001001011010101111;
	1319 : 00111111110010000111100000011001;
	1320 : 00101111100000111001100000101111;
	1321 : 11011110000100110000000000000010;
	1322 : 01011000000100110000000010001100;
	1323 : 00000110111000100000000110011100;
	1324 : 00001000000010101001111000101101;
	1325 : 00001111111110011111011010011001;
	1326 : 00000110100010101001100000101111;
	1327 : 00101000100000111000001100110011;
	1328 : 10010110101111100000000000000010;
	1329 : 00111111110001110111011100011001;
	1330 : 10010111001111100100001010000101;
	1331 : 00000000000001110010111010011000;
	1332 : 00000001100010100101011100011001;
	1333 : 00000001100010001101100000011001;
	1334 : 00001000101000100000011100001010;
	1335 : 10010111001111101001100011001000;
	1336 : 00000001000001101101100000011001;
	1337 : 10010110110000100000011011001000;
	1338 : 00000000000001110010100000011000;
	1339 : 00000000110111100100111000111001;
	1340 : 00000000111010100101011010011001;
	1341 : 00111111110001101111011010011001;
	1342 : 00000001100010000101011100011001;
	1343 : 00001000001000101001011010101111;
	1344 : 01000010100101001001100000101011;
	1345 : 10001110101110010100000110000011;
	1346 : 00000001100010011101011100011001;
	1347 : 10010111001111100000011100001010;
	1348 : 01010100100100110100001100000011;
	1349 : 00000111001000100000000110011100;
	1350 : 10001110101110011001011100101100;
	1351 : 00000000111010011101011100011001;
	1352 : 00111111110001110111011100011001;
	1353 : 01000011000110001001011100101111;
	1354 : 01000001110000001000111010110000;
	1355 : 01000111001100111000111100110000;
	1356 : 10100011000000110000000001111100;
	1357 : 01000111001100110000000010010100;
	1358 : 11000011001100110000000001011101;
	1359 : 01001000101100110000000001111110;
	1360 : 11001010001100110000000100011001;
	1361 : 10101000100000110000000111100010;
	1362 : 00000101110000010000000011010100;
	1363 : 00000001000111101100100010111001;
	1364 : 00000001000010001100100000111001;
	1365 : 00000001110010000100100110111001;
	1366 : 11101000011101011001110011111000;
	1367 : 00000000001001110001010110011001;
	1368 : 00111111110001011111010110011001;
	1369 : 11000011000000111001010110101111;
	1370 : 00010101100100110000000000010100;
	1371 : 11110101100100110000000000101010;
	1372 : 10010101101111100011111111010100;
	1373 : 00000000000001011100100010011000;
	1374 : 00000000001010011001010110011001;
	1375 : 00111111110001011111010110011001;
	1376 : 11001000000000111001010110101111;
	1377 : 01010101100100110000000000010100;
	1378 : 11110101100100110000000001101010;
	1379 : 10010101101111100011111111010100;
	1380 : 00000000000001011100100100011000;
	1381 : 00000000011010011101010110011001;
	1382 : 00111111110001011111010110011001;
	1383 : 11000011100000111001010110101111;
	1384 : 11010101100100110000000000010100;
	1385 : 11110101100100110000000001101100;
	1386 : 10010101101111100011111111010100;
	1387 : 00000000000001011100111100011000;
	1388 : 00000000111010011101010110011001;
	1389 : 00111111110001011111010110011001;
	1390 : 11000100100000111001010110101111;
	1391 : 11010101100100110000000000010100;
	1392 : 11110101100100110000000011101100;
	1393 : 10010101101111100011111111010100;
	1394 : 00000000000001011100001010011000;
	1395 : 00000000111001110101010110011001;
	1396 : 00111111110001011111010110011001;
	1397 : 11001110100000111001010110101111;
	1398 : 11010101100100110000000000010100;
	1399 : 11110101100100110000000101101100;
	1400 : 10010101101111100011111111010100;
	1401 : 00000000000001011100010000011000;
	1402 : 00000001011001110101010110011001;
	1403 : 00111111110001011111010110011001;
	1404 : 11001111100000111001010110101111;
	1405 : 01010101100100110000000000010100;
	1406 : 11110101100100110000000101101010;
	1407 : 10010101101111100011111111010100;
	1408 : 00000000000001011100111000011000;
	1409 : 00000000001001101001010110011001;
	1410 : 00111111110001011111010110011001;
	1411 : 00001000000001100000011000011001;
	1412 : 11000110100000111001010110101111;
	1413 : 01010010001011000000000000010100;
	1414 : 00000100110000100000100100101000;
	1415 : 01010101100100111000111010110110;
	1416 : 11110101100100110000000001111100;
	1417 : 10010101101111100011111111010100;
	1418 : 00000000000001011100011100011000;
	1419 : 00000011101000100000010001101000;
	1420 : 10001111001101010000011100101000;
	1421 : 00000000111010100101011010011001;
	1422 : 00111111110001101111011010011001;
	1423 : 11000110100000111001011010101111;
	1424 : 00000010110000100000000000001100;
	1425 : 00000110110000100000111111101000;
	1426 : 11010111000100111000111010110011;
	1427 : 01110111000100110000000101110010;
	1428 : 10010111101110100011111111011100;
	1429 : 00000000000001111100011110011000;
	1430 : 00001110110000100000111100101000;
	1431 : 10001110101111010000011111101000;
	1432 : 01010010011111001100000100000101;
	1433 : 01001001110000100000111001101000;
	1434 : 00000000111100110100001100111001;
	1435 : 00000001001000110100001100111001;
	1436 : 00000000100100110100001100111001;
	1437 : 00000000100000110100001100111001;
	1438 : 00000000011001010010001000111000;
	1439 : 01000100011100100101011000100111;
	1440 : 11001000101100110100010011101000;
	1441 : 11001000101100110000000011100011;
	1442 : 11001000101100110000000001100011;
	1443 : 11001000101100110000000001000011;
	1444 : 00100100001000110000000111100011;
	1445 : 01010110011111000000000100010101;
	1446 : 01001010001100100100100101001001;
	1447 : 00000000111110000100100000111001;
	1448 : 00000001111010000100100000111001;
	1449 : 00000001110110000100100000111001;
	1450 : 00000001110010000100100000111001;
	1451 : 00000001000001010010011000111000;
	1452 : 01100001000001010100010100010100;
	1453 : 01000101000000011000000010001000;
	1454 : 11001101010110011000000010001000;
	1455 : 11001100101000100111000100010111;
	1456 : 11001000110010101100101010101100;
	1457 : 11000100110100101100011011001110;
	1458 : 11000010110101101100111010001100;
	1459 : 10000100001010101000100110101110;
	1460 : 00001001000100110100010010010000;
	1461 : 00001010000100110000000100010000;
	1462 : 00000111000100110000001100000000;
	1463 : 01000111100000110000000011100101;
	1464 : 00000111100001010000000000011100;
	1465 : 00001111111101111111011110011001;
	1466 : 00000000111101110000000000111000;
	1467 : 00010011011000111110001110010011;
	1468 : 00000110000100110000011011100100;
	1469 : 10000101101000100000000100000100;
	1470 : 00110001011001011000010100001010;
	1471 : 00000000100110010000010100111001;
	1472 : 10000101100010100100011001010000;
	1473 : 00000000111011110000010011010000;
	1474 : 10011000111000110111001101100001;
	1475 : 10000111010010101111110101000100;
	1476 : 00000110000100110100011110010000;
	1477 : 10000110101100110000001100000000;
	1478 : 01000101100000110000000011110011;
	1479 : 11000110100000110000000000011100;
	1480 : 00000111100001010000000000001100;
	1481 : 10001110101011010000011100010100;
	1482 : 11111110110101110000111110111000;
	1483 : 11111110110001111001010111111000;
	1484 : 00000101000100111000010111001010;
	1485 : 00110110001110010000000100000100;
	1486 : 10000101001000100001100000000110;
	1487 : 00000000111011110100011001010000;
	1488 : 01000000111101100110111111100001;
	1489 : 01000100110101100100010001101100;
	1490 : 01001001101101100100100101001100;
	1491 : 01001010100101100100101000101100;
	1492 : 10000000100000100110000100110100;
	1493 : 10110111011000010001011101110111;
	1494 : 01110001011100011000000010001000;
	1495 : 11010001010010101101001100101100;
	1496 : 00001001000100110001100000000100;
	1497 : 11010101001000100000001100000000;
	1498 : 11001101010100101100111101001110;
	1499 : 10001001101011101000010000101010;
	1500 : 01000101100000011000101000101001;
	1501 : 10000101001001101000011001001010;
	1502 : 11010111000001101100011000101101;
	1503 : 00000000111011111100010000101011;
	1504 : 00000110000100110110000101100001;
	1505 : 01000101100000010000001000000000;
	1506 : 00000000111011110000100000000010;
	1507 : 01000110101100100110000010100001;
	1508 : 01000110001000101100101010010010;
	1509 : 00000000110010010111001101111000;
	1510 : 10000101101101101000011001001010;
	1511 : 00000000111011111000010100101100;
	1512 : 00110111100100110110100111100001;
	1513 : 00110110001100110000001100001010;
	1514 : 10110111100100110000000100100001;
	1515 : 10001110011111010000000000011101;
	1516 : 11000100001001011100011000110110;
	1517 : 00000011000000000000011000011001;
	1518 : 00010000100010001000010111001110;
	1519 : 01101000000100000000000011111110;
	1520 : 01000111100000010001000010000011;
	1521 : 00000011000000000000011000011001;
	1522 : 00000000111101001000011010111001;
	1523 : 00000000000001110100010110011000;
	1524 : 00000000000001101100011010011000;
	1525 : 00000111000001010000011110010100;
	1526 : 00001111101000111000111010110110;
	1527 : 10010101111000111111111011011101;
	1528 : 00001000000011001111111011011100;
	1529 : 00000001000001000000010100011001;
	1530 : 10100101110111111111000011111110;
	1531 : 01000101100000010100011001010000;
	1532 : 00000000111011111000010100101000;
	1533 : 10000101001000100101101000100001;
	1534 : 00110101110000010001000010000110;
	1535 : 01000111100000010100011100010100;
	1536 : 00010000111001000010000000111000;
	1537 : 00010000111101000010001000111000;
	1538 : 01010000101110100100010100010100;
	1539 : 01010100100110100101010000101010;
	1540 : 01001001111110100101100100001010;
	1541 : 01100001010011010100101001101010;
	1542 : 01000101000000011000000010001000;
	1543 : 01100111110000011011011111110111;
	1544 : 00000000110100000011100000111001;
	1545 : 00000000111101110011100010111001;
	1546 : 00000001000110000111100000111001;
	1547 : 00001100000010000000110001111000;
	1548 : 00101000000000111100100101110001;
	1549 : 11101001011000110001000001010100;
	1550 : 00010101011000110000110100011100;
	1551 : 00100111100000110000000011100011;
	1552 : 11100011111110010001000000010100;
	1553 : 11000010110101100111000100010111;
	1554 : 00000011000000000000101010011001;
	1555 : 11001010101001101100110010101000;
	1556 : 10000100101100101100011011001110;
	1557 : 10000100001010101000100110101110;
	1558 : 01000101100000011000011001001101;
	1559 : 11001000110010100000100000000010;
	1560 : 11001110100001101100010011001001;
	1561 : 10001001001110101100000011001011;
	1562 : 00000000111011111000101000101101;
	1563 : 11001100100000010101001010100001;
	1564 : 11110011011000111000011000101100;
	1565 : 10000110010101100000000010001011;
	1566 : 00001000000010001000010111001110;
	1567 : 01011100000100000000000011111110;
	1568 : 10000101001000100000100000000110;
	1569 : 01001001100000010011110100010111;
	1570 : 00000001000001000000101010011001;
	1571 : 11101011011000110100101101010000;
	1572 : 10000101001000100000001100110010;
	1573 : 00110101000101010000100000000110;
	1574 : 00010000000001000000010000011001;
	1575 : 01000000010101000100000000000111;
	1576 : 10000111000100110100000011101101;
	1577 : 00110111101100110000000000011101;
	1578 : 10010111101101100000000011111101;
	1579 : 11000000010111001100000000000011;
	1580 : 01000100110101100100010001101100;
	1581 : 01001001101101100100100101001100;
	1582 : 01001010100101100100101000101100;
	1583 : 01000101000001010100101100001100;
	1584 : 10000000100000100110000100110100;
	1585 : 01000001001110010000010010111001;
	1586 : 00000000111101000000011100011001;
	1587 : 00000000000001110100011110011000;
	1588 : 11110111100100110000011110010100;
	1589 : 00000000001000110000111111111101;
	1590 : 11100011100110010000000011111101;
	1591 : 00000010111001000001001001111000;
	1592 : 10000101101000101000011001001101;
	1593 : 11110000111011111000010100001010;
	1594 : 01110011011000111010101111011111;
	1595 : 01000100110000010000000010011011;
	1596 : 00000001001110100000010100111001;
	1597 : 10000101100010101000011000101100;
	1598 : 01010100010100000000000011111110;
	1599 : 10111111010000011001100110101100;
	1600 : 10110111111010010001011101110111;
	1601 : 10000000100000100100010100010000;
	1602 : 10000000100000100101010101110111;
	1603 : 11000100101000100111000101010111;
	1604 : 10000100001010101100001010101100;
	1605 : 00001000011010001000010010101001;
	1606 : 00000010000000000000011000011001;
	1607 : 11000110001101101100011010001100;
	1608 : 01010001110100000000000011111110;
	1609 : 10000101001000100100011010101001;
	1610 : 00001110101000110100010111010000;
	1611 : 00001110001000110000001011010001;
	1612 : 00100000011010010000001010010001;
	1613 : 10000101001000100000100001100110;
	1614 : 00000010001000000000011000011001;
	1615 : 10000101001000100010000001110111;
	1616 : 01000000101101100010101010110111;
	1617 : 01000100100101100100010000101100;
	1618 : 10000000100000100110000101110000;
	1619 : 11011101101000100111000100010001;
	1620 : 10000100001010101101101110101100;
	1621 : 00001000001010001000010010101110;
	1622 : 00000010000000000000010110011001;
	1623 : 11011001110010101101111110001100;
	1624 : 10001001001100101100011000101101;
	1625 : 01000110001100100010100010110000;
	1626 : 00001000001010001000010111001010;
	1627 : 00001000001010000010100010110111;
	1628 : 00001000001100000010001010110011;
	1629 : 10000101001000101000010110101100;
	1630 : 01010000111111100010001001010000;
	1631 : 01010100110111100101010001101110;
	1632 : 01100001000100010101100101001110;
	1633 : 01110001010111011000000010001000;
	1634 : 11000010101001101100010010101000;
	1635 : 10000100101011101000010000101010;
	1636 : 10000101101100100000100001100010;
	1637 : 00000010000000000000011000011001;
	1638 : 11000110001101101100011010001100;
	1639 : 01001010000100000000000011111110;
	1640 : 00001000011100000100011010101001;
	1641 : 00001110001000111000010110101100;
	1642 : 10000101001000100000001011010001;
	1643 : 00000010000100000000011010011001;
	1644 : 01000000101101100011111101110001;
	1645 : 01000100100101100100010000101100;
	1646 : 10000000100000100110000101110000;
	1647 : 11000100001000100001000101010000;
	1648 : 00001100100000000000011000011001;
	1649 : 01000101100000011000010000101110;
	1650 : 00000000111011111100011000001100;
	1651 : 00000101100100110011110010100001;
	1652 : 01000000101100100000011001000000;
	1653 : 00001100100001010010100000111000;
	1654 : 01000100001000101000110110010000;
	1655 : 00100110001000110000010110001100;
	1656 : 00100100001000110000110010110101;
	1657 : 00000001010000010000110000010100;
	1658 : 00100111100000111000000010001000;
	1659 : 00010001000000010000110010010100;
	1660 : 11001110000001101100110000101000;
	1661 : 00000000110001011000010000111001;
	1662 : 00000000100001011001100001111000;
	1663 : 01000100011000100100000011101001;
	1664 : 00001100111101010010010000111000;
	1665 : 10000000100000100110000100010100;
	1666 : 00000000000101111000011100011001;
	1667 : 11000110100000111001011110101010;
	1668 : 11000110000000110000000000011100;
	1669 : 10001110101100010000000000010100;
	1670 : 00000000110101111000000000111000;
	1671 : 00001100110001010010011110011000;
	1672 : 00000000111101110100100001111000;
	1673 : 11000100001010101100011000101110;
	1674 : 01000101101100100010010010110001;
	1675 : 01000111000000010100010100101000;
	1676 : 10000111101110100000010110010100;
	1677 : 10100111100000111011011111010001;
	1678 : 00010001000000010000110010010100;
	1679 : 10010111101011101100110000101000;
	1680 : 00000000000001111100011100011000;
	1681 : 10000100001010101100111000001100;
	1682 : 00000000011001110100011100011001;
	1683 : 00000000111001111000000000111000;
	1684 : 00001100110001011010011110011000;
	1685 : 11000110001011101000010100101110;
	1686 : 10010111101011100001011111110111;
	1687 : 00000000000001111100011100011000;
	1688 : 11111000000001110100011100011001;
	1689 : 00000000111001111000000000111000;
	1690 : 01000101101100100010010000110001;
	1691 : 10100111000000110100011110010000;
	1692 : 11000110011000110000110100010100;
	1693 : 01000000111100100000000011111100;
	1694 : 01100001000001010100010001101000;
	1695 : 10000111001100111000000010001000;
	1696 : 01000110100000110000000011110101;
	1697 : 00000111001100110000000000011100;
	1698 : 00000111100001010000000011100101;
	1699 : 00000000110101110000000000111000;
	1700 : 01110001000100011011111111110011;
	1701 : 10000100001010101101110110101000;
	1702 : 11011111100001100000100000100010;
	1703 : 11000110001101101101101110101100;
	1704 : 00111111001010011000010010101001;
	1705 : 10000101101001100100011000101001;
	1706 : 00110111100000010000100000100010;
	1707 : 00001000001011001000010100101000;
	1708 : 01010000111111100011011101010011;
	1709 : 01010100011011101000010100101000;
	1710 : 01100001000100010101010011001111;
	1711 : 00100111100000111000000010001000;
	1712 : 00010001000000010000110010010100;
	1713 : 10010111101010101100111000001100;
	1714 : 00000000000001111100011100011000;
	1715 : 01000111000100111100011000101010;
	1716 : 10000000001000110000000111111101;
	1717 : 00100111100000110000000011111100;
	1718 : 00010111111111010000110011010100;
	1719 : 11000111000000111001011110101010;
	1720 : 01000111000100110000000000011100;
	1721 : 10000000001000111111100000011100;
	1722 : 00100010011010010000000011111100;
	1723 : 01000000111100100100010100101001;
	1724 : 00001100000001010010010000111000;
	1725 : 10000000100000100110000100010100;
	1726 : 00001100100001100010011110011000;
	1727 : 11001100001000100001000100010000;
	1728 : 11001110000001101100101000101100;
	1729 : 00000100101100111000010000101010;
	1730 : 00011001011000110000000010110101;
	1731 : 01000000111100100000000010000101;
	1732 : 00100100001000110100010001101000;
	1733 : 01000100110100100000110011101101;
	1734 : 10000000100000100110000100010100;
	1735 : 00001100110001100010011100011000;
	1736 : 00000000111001111100011101111000;
	1737 : 11000110001100101000010100101001;
	1738 : 01000110001100100010001010110001;
	1739 : 00000111001100110100011110010000;
	1740 : 01000111000000110000000011101101;
	1741 : 00000100000001010000000000011100;
	1742 : 00001111101000110000011110010100;
	1743 : 10110111111100011111111011100100;
	1744 : 00000000100001010001011110011001;
	1745 : 00000000111111110000011010111101;
	1746 : 11111111000000000000011100111101;
	1747 : 00000111000100111000111111110101;
	1748 : 01100110110000010000111111111101;
	1749 : 10000110100100111000111101110010;
	1750 : 10000001001000011111000000001100;
	1751 : 10001111110010011000110101110101;
	1752 : 00010110001101111000111111010011;
	1753 : 10010111000100110000111100000000;
	1754 : 00000110000100110000000001011100;
	1755 : 11110110101101111111000000001100;
	1756 : 10001111011100011111000000011110;
	1757 : 00000110001101110000011010110111;
	1758 : 10001110111111010000000011100001;
	1759 : 00001111000001100000011000011001;
	1760 : 10001111111100011000001110010001;
	1761 : 10001111010101011000111101010111;
	1762 : 00110000001100000011011000111101;
	1763 : 00000000001001110001011110011001;
	1764 : 00000011000001100000011000011001;
	1765 : 11000011110000111100011010111101;
	1766 : 10000110100100111000111111110001;
	1767 : 00010110001101110011110000101101;
	1768 : 10001110111110010000110000000110;
	1769 : 11000000110001100000011000011001;
	1770 : 10001111011100011000001100010010;
	1771 : 10001111110101011000111111010011;
	1772 : 01000100010001000100011010111101;
	1773 : 00000000000101111001010100011001;
	1774 : 01000100010001101000011010011001;
	1775 : 10011001100110011010011100111101;
	1776 : 00000111000100111000110101110101;
	1777 : 00100110101101111001100110011101;
	1778 : 10001111011111010010001000101000;
	1779 : 00100010001001101000011010011001;
	1780 : 10001111111101011000001110010100;
	1781 : 10001101010110011000110101010111;
	1782 : 01000110101101111000000010001000;
	1783 : 00010111100100110100010001000100;
	1784 : 10000110100100110000000000010101;
	1785 : 10100111001101110100010001001100;
	1786 : 10001111111101011001100110010011;
	1787 : 10011001100101110000011100011001;
	1788 : 00100010001000100010011010111101;
	1789 : 10000110100100111000111101110010;
	1790 : 10000001000001010010001000101100;
	1791 : 10001111110010011000110101110101;
	1792 : 00110110001101111000111111010011;
	1793 : 10010111000100110011000000100001;
	1794 : 00000110000100110000000000111100;
	1795 : 11000110101101110000001100001100;
	1796 : 10001111011100011100001111011000;
	1797 : 00111100001101101000011010011001;
	1798 : 00001100000011000001011000111101;
	1799 : 00000110000100111000111011110111;
	1800 : 10000011100010011100000011001100;
	1801 : 10001111010111011000111111110001;
	1802 : 00010110001101111000111101010101;
	1803 : 00010111100100110000111100000000;
	1804 : 00000110000100110000000001011100;
	1805 : 11110110101101111111000000001100;
	1806 : 10001111111100011111000000011110;
	1807 : 00000110001101110000011010110111;
	1808 : 10001110111110010000000011100001;
	1809 : 00001111000001100000011000011001;
	1810 : 10001111011100011000001100010001;
	1811 : 10001111110101011000111111010011;
	1812 : 00000000100001111001010100011001;
	1813 : 00000000111111110000011010111101;
	1814 : 11111111000000000000011100111101;
	1815 : 00000111000100111000110101110101;
	1816 : 01100110110000010000111111111101;
	1817 : 10000110100100111000111101110111;
	1818 : 10000011101000011111000000001100;
	1819 : 10001101010111011000111111110101;
	1820 : 10000000100000101000110101010011;
	1821 : 01100101100011010111000100010101;
	1822 : 00000110000100111100110110101000;
	1823 : 10000100001010100000110000000000;
	1824 : 11110101000001011000010110011001;
	1825 : 11001011101001101000010100001010;
	1826 : 11000101110100101100100111001010;
	1827 : 11000111110011101100111110001100;
	1828 : 00001100100001000000100100011001;
	1829 : 00011010100100000000000011111110;
	1830 : 01111010010000011000010010101000;
	1831 : 00000011001001001001101001111000;
	1832 : 00001000000001000000011110011001;
	1833 : 01010011110101000101001110000001;
	1834 : 00000010100001111010111000011000;
	1835 : 00000010110001111010100010011000;
	1836 : 00000011000001111010100000011000;
	1837 : 10101111100000110101101111000011;
	1838 : 10101110100000110000001110011100;
	1839 : 10101111000000110000001111011100;
	1840 : 10100011000000110000010000011100;
	1841 : 10000010100010100000010001011100;
	1842 : 00001010000001000000001110011001;
	1843 : 10100000100111011000011110101000;
	1844 : 00110111001000010100000010000010;
	1845 : 01000000110010001000100110101010;
	1846 : 10010111100100110011011100010010;
	1847 : 00010111000100110000000100010010;
	1848 : 10000011110000010000000100010100;
	1849 : 00000001010001010111010100111001;
	1850 : 00000001000010011101100110011001;
	1851 : 01100101001100111000111111010011;
	1852 : 11000000100111000000000100110101;
	1853 : 00000100101000011100000011000010;
	1854 : 01000011100011001011011101010101;
	1855 : 01000011110011001000111000110110;
	1856 : 01000111100011001000111010110110;
	1857 : 00000000101111100100111000111001;
	1858 : 11001000101100110100011111000110;
	1859 : 01001011100011000000000010100011;
	1860 : 00000000101110000100100000111001;
	1861 : 10001111001011010100101111000110;
	1862 : 11001111101100110100111110000110;
	1863 : 01001111110011000000000010111111;
	1864 : 00000000101111101100111010111001;
	1865 : 01001111001100110101001110000110;
	1866 : 01010011110011000000000010111111;
	1867 : 00000010100001111000011110011001;
	1868 : 00000000101100110100001100111001;
	1869 : 11111100011101111001001111111000;
	1870 : 00000000000101110001011110011001;
	1871 : 00000001111101110101010110011001;
	1872 : 00000000000100110001010010011001;
	1873 : 01010111100100111001010110101111;
	1874 : 10010111101001100000000111111001;
	1875 : 00000000110110000100010100111001;
	1876 : 00000000000110001001010010011001;
	1877 : 00000000111110000100100000111001;
	1878 : 00000001111110001101011110011001;
	1879 : 01000111001100111001011110101100;
	1880 : 10010100100100110000000111111100;
	1881 : 01001111001100110000000000001111;
	1882 : 11010111100100110000000011111111;
	1883 : 10010111101001100000000111101111;
	1884 : 00000001110000110100001100111001;
	1885 : 00000000111111100100111000111001;
	1886 : 00000001111101101101011110011001;
	1887 : 10010110101111100000011010001100;
	1888 : 00000001111110001100100010111001;
	1889 : 00000000110111111100111110111001;
	1890 : 01000000010111000100000000000101;
	1891 : 11000110101100111000110110110001;
	1892 : 11000000000101000000000111101100;
	1893 : 01000111101100110101100000000101;
	1894 : 11000000010111000000000011111001;
	1895 : 10001110101011010101100001000111;
	1896 : 00000000110011101100111010111001;
	1897 : 00000000101001101101011000011001;
	1898 : 10001111101010010000011011001011;
	1899 : 00101001100000111001011010101001;
	1900 : 11000100000101000000000010000100;
	1901 : 00000000101001111101011010011001;
	1902 : 10010111101101100000011111001011;
	1903 : 01000100010001000100010000100101;
	1904 : 01000100011111001100010001000111;
	1905 : 00000000110111111100011010111001;
	1906 : 00000001011001101101011000011001;
	1907 : 10010110101100100000011010101010;
	1908 : 00000000111111101100011110111001;
	1909 : 11010110100100111101100000000101;
	1910 : 00000111101010100000000101111100;
	1911 : 11011000010111001001011110101101;
	1912 : 00001000000001000000011110011001;
	1913 : 01011011100101000101101111000001;
	1914 : 11000110001100111000110010110010;
	1915 : 01011010000100110000000011000010;
	1916 : 00000110011111100000000000001101;
	1917 : 01000110101100111001011001001001;
	1918 : 11000100001100000000000011001111;
	1919 : 00000000001001101101011000011001;
	1920 : 10010110101100100000011011101011;
	1921 : 11000100011101000101100001100001;
	1922 : 11000110001100110101100000100101;
	1923 : 01011010000100110000000011001110;
	1924 : 00000110010100100000000011001100;
	1925 : 11000110101100111001011001001001;
	1926 : 11011011100100000000000011011111;
	1927 : 00000000110101101101011000011001;
	1928 : 10010110101100100000011011001110;
	1929 : 11011011110101000101001110000001;
	1930 : 01000110001100110101001111000101;
	1931 : 01011010000100110000000011011110;
	1932 : 00000110001001100000000101101101;
	1933 : 01000110101100111001011001001001;
	1934 : 11011000001100000000000011011001;
	1935 : 00000001011101101101011000011001;
	1936 : 10010110101100100000011010101100;
	1937 : 11011000011101000100100000000001;
	1938 : 01000110001100110100100001000101;
	1939 : 01011010000100110000000011001110;
	1940 : 00000110011111100000000000001101;
	1941 : 11000110101100111001011001001001;
	1942 : 11010011100100000000000011000011;
	1943 : 00000000000101101101011000011001;
	1944 : 10010110101100100000011011101111;
	1945 : 01010000011100001101001111000101;
	1946 : 11001001101100110101000000100101;
	1947 : 11000110001100110000000100110101;
	1948 : 01011010000100110000000011000010;
	1949 : 00000110010110100000000010101100;
	1950 : 01000110101100111001011001001001;
	1951 : 11001000000100000000000011001111;
	1952 : 00000000101101101101011000011001;
	1953 : 10010110101100100000011011001101;
	1954 : 11001000010101000101010001100001;
	1955 : 10001110001110010101010000100101;
	1956 : 00000001001101100101101000011001;
	1957 : 10010110010100100000011000101101;
	1958 : 00000000110110000100011010111001;
	1959 : 11010110000100111101000000100001;
	1960 : 00000110101100100000000101001100;
	1961 : 11010000011101001001011010101001;
	1962 : 01001111110101000100111110000001;
	1963 : 00000000110011111100011000111001;
	1964 : 00000001110001100101101000011001;
	1965 : 10010110010100100000011000001001;
	1966 : 00000000110111101100011010111001;
	1967 : 11010110000100111101010000100001;
	1968 : 00000110100100100000000111001100;
	1969 : 11010100011101001001011010101001;
	1970 : 01011111110101000101111110000001;
	1971 : 00000000110010000100011000111001;
	1972 : 00000000010001100101101000011001;
	1973 : 10010110010100100000011001101001;
	1974 : 11001111100100001000111010110011;
	1975 : 00000000010001101101011000011001;
	1976 : 10010110101100100000011011101001;
	1977 : 01011100011100001100111111000101;
	1978 : 01000110001100110101110000100101;
	1979 : 01011010000100110000000011011000;
	1980 : 00000110010101100000000010101101;
	1981 : 01000110101100111001011001001001;
	1982 : 11011111100100000000000011011111;
	1983 : 00000000110001101101011000011001;
	1984 : 10010110101100100000011011001001;
	1985 : 01010000010100001101111111000101;
	1986 : 11000110001100110101000000000101;
	1987 : 01011010000100110000000011001110;
	1988 : 00000110001110100000000100101100;
	1989 : 11000110101100111001011001001001;
	1990 : 11011100001100000000000011011111;
	1991 : 00000001001101101101011000011001;
	1992 : 10010110101100100000011010101101;
	1993 : 01000011101100001101110001100101;
	1994 : 11000110001100110100001111100101;
	1995 : 01011010000100110000000011011110;
	1996 : 00000110000111100000000110001101;
	1997 : 11000110101100111001011001001001;
	1998 : 11010000000100000000000011001111;
	1999 : 00000001100101101101011000011001;
	2000 : 10010110101100100000011010001111;
	2001 : 01010111100100001101000001000101;
	2002 : 10001110001011010101011111000101;
	2003 : 00000001111101100101101000011001;
	2004 : 10001110101010010000011000001100;
	2005 : 11000011101100001001011001001001;
	2006 : 00000001111101101101011000011001;
	2007 : 10010110101100100000011010001100;
	2008 : 01000000011100001100001111100101;
	2009 : 10001110001110010100000000100101;
	2010 : 00000000010001100101101000011001;
	2011 : 10010110010100100000011001101001;
	2012 : 00000000110110000100011010111001;
	2013 : 11010110000100111101011110000001;
	2014 : 00000110111011100000000001001101;
	2015 : 11010111110101001001011010101001;
	2016 : 01000011100101000100001111000001;
	2017 : 01011010000100111000111000110010;
	2018 : 00000110010111100000000010001101;
	2019 : 10010110010100101000111010110110;
	2020 : 11010110000100111100000000100001;
	2021 : 00000110110110100000000010101100;
	2022 : 01010100000100001001011010101001;
	2023 : 01010100010101001100000001100101;
	2024 : 00000000110011110100011000111001;
	2025 : 00000000111001100101101000011001;
	2026 : 10010110010100100000011001001010;
	2027 : 00000000110100110100011010111001;
	2028 : 11010110000100111100001110000001;
	2029 : 00000110110010100000000011101100;
	2030 : 11000011110101001001011010101001;
	2031 : 01001100010101000100110000000001;
	2032 : 00000000110010000100011000111001;
	2033 : 00000001001001100101101000011001;
	2034 : 10010110010100100000011000101011;
	2035 : 11010100000100001000111010110011;
	2036 : 00000001001001101101011000011001;
	2037 : 10010110101100100000011010101011;
	2038 : 01001011110100001101010001000101;
	2039 : 10001110001110010100101110000101;
	2040 : 00000001010101100101101000011001;
	2041 : 10010110010100100000011000101110;
	2042 : 00000000110110000100011010111001;
	2043 : 11010110000100111100110000000001;
	2044 : 00000110101010100000000101101100;
	2045 : 11001100010101001001011010101001;
	2046 : 01000111100101000100011111000001;
	2047 : 00000000110010001100011000111001;
	2048 : 00000001100001100101101000011001;
	2049 : 01000110101100110000011000101000;
	2050 : 10010110010100100000000011001111;
	2051 : 11010110000100111100101110000001;
	2052 : 00000110100111100000000110001101;
	2053 : 11001011110101001001011010101001;
	2054 : 10001101001101010100110001100101;
	2055 : 10001101101101010100110000100101;
	2056 : 00000001101101011101011010011001;
	2057 : 10010110101011100000010110001101;
	2058 : 01010110100100111100011110000101;
	2059 : 00000101000101100000000110110101;
	2060 : 11000111110101001001011010101010;
	2061 : 01011100010111000101110000000101;
	2062 : 00000000110111100100011010111001;
	2063 : 00000001110101101101011000011001;
	2064 : 10010110101100100000011010001110;
	2065 : 00000000111110001100011110111001;
	2066 : 11010110100100111100110000100101;
	2067 : 00000111100011100000000111011101;
	2068 : 01001000011101001001011110101101;
	2069 : 11001100011111000100100000100001;
	2070 : 00000000110100110100011010111001;
	2071 : 00000000001001101001010110011001;
	2072 : 00000001111001101101011110011001;
	2073 : 01000110001100111001011110101110;
	2074 : 11011100000111000000000011011110;
	2075 : 00000000000101100001010110011001;
	2076 : 00000001111101100101011110011001;
	2077 : 11011100010111001001011110101110;
	2078 : 00000001111101001101011110011001;
	2079 : 10010111101001100000010010001100;
	2080 : 00101010001000111100100000100111;
	2081 : 10000111101000100000010100100101;
	2082 : 00000101001001111001001001111000;
	2083 : 10100101000000110100000000000111;
	2084 : 01000000010011000000000000001000;
	2085 : 10001111101010010000001010110000;
	2086 : 10100111100000111100000000000111;
	2087 : 10001111101011011111111111001000;
	2088 : 00000001100111001100000001000111;
	2089 : 11000010111100101001010011111000;
	2090 : 10101010101010101011100110111101;
	2091 : 01010101010101010101101000111101;
	2092 : 10101010101010011000100110011001;
	2093 : 01010101010110100000101000011001;
	2094 : 00001101001001000001001101111000;
	2095 : 01000100011011100100000011101111;
	2096 : 01001001010011100100010011001111;
	2097 : 01001010001011100100100110101111;
	2098 : 10000000100000100110000100110110;
	2099 : 01000011100101000100101110000010;
	2100 : 00000001100001111010100000011000;
	2101 : 10101000100000110100001111000100;
	2102 : 01000111110100000000000010011100;
	2103 : 01001111110110000100101111000110;
	2104 : 00000010000001111010101000011000;
	2105 : 00000010010001111010100110011000;
	2106 : 11111111111101010100111000011001;
	2107 : 11111111111101101100111100011001;
	2108 : 00000001000011100111111000111001;
	2109 : 11111111111101001100001100011001;
	2110 : 00000001000111100100111000111001;
	2111 : 00000001000111110111111100111001;
	2112 : 00000000110000110111001100111001;
	2113 : 11111111111101011100100010011001;
	2114 : 00000001010011110100111100111001;
	2115 : 00000001001100110100001100111001;
	2116 : 00000000111010001111100010111001;
	2117 : 00000000110010001100100010111001;
	2118 : 11111111111111110100111110011001;
	2119 : 11111111111100110100111010011001;
	2120 : 11111111111111100100011000011001;
	2121 : 00000000110111111111111110111001;
	2122 : 00000000100111101111111010111001;
	2123 : 11001111101100111000111001110010;
	2124 : 11001110101100110000000100011110;
	2125 : 10001110001101010000000011101110;
	2126 : 11111111111110000100100000011001;
	2127 : 11111111111110001100011010011001;
	2128 : 11111111111101110100011100011001;
	2129 : 01111000001100111000111011110110;
	2130 : 01110111001100110000000101000010;
	2131 : 10001110101001010000000100111101;
	2132 : 00000000101010000100100000111001;
	2133 : 11000011100100001000111100110110;
	2134 : 00000001110001111010010000111000;
	2135 : 00000001000001111010100000111000;
	2136 : 00000001111101111010110000111000;
	2137 : 00000011111001111010000000111000;
	2138 : 10100110001000111100001111000101;
	2139 : 11001011110110000000000100011101;
	2140 : 00000001110101111010111000111000;
	2141 : 00000010011001111010001000111000;
	2142 : 00000010100001111000011110011001;
	2143 : 01000000000010001011011100110001;
	2144 : 10011100000111111111000011111110;
	2145 : 01000000010010001000010010101010;
	2146 : 10011011100111111111000011111110;
	2147 : 00000000000101010001011110011001;
	2148 : 00000001010001001111011100111001;
	2149 : 11110111101100111000000010010100;
	2150 : 11110100101100110000000100111101;
	2151 : 01110101001100110000000101000100;
	2152 : 10001111110110010000000100110101;
	2153 : 11000000000111001000110011010010;
	2154 : 00000100001000011100000001000100;
	2155 : 00000111101101111011011100110001;
	2156 : 11000011110010001111111111100111;
	2157 : 00000111101101111000000010001000;
	2158 : 11000111100010001111111111100111;
	2159 : 00000000000000001000000010001000;
	2160 : 00110100000000010001000001111001;
	2161 : 11000010000001100111000100010011;
	2162 : 00110100000000010001000011111001;
	2163 : 11000110000011101100010000001100;
	2164 : 11001010000101101100100000001001;
	2165 : 11001110000111101100110000001011;
	2166 : 11010010001001101101000000101000;
	2167 : 11010110001011101101010000101010;
	2168 : 11011010001101101101100000101001;
	2169 : 11011110001111101101110000101011;
	2170 : 11000010110001101100000011001000;
	2171 : 11000110110011101100010011001010;
	2172 : 11001010110101101100100011001001;
	2173 : 11001110110111101100110011001011;
	2174 : 11010010111001101101000011101000;
	2175 : 11010110111011101101010011101010;
	2176 : 11011010111101101101100011101001;
	2177 : 11011110111111101101110011101011;
	2178 : 00110100001000000010010101111001;
	2179 : 00000001100001010101010110011001;
	2180 : 00000001111101010111011000011001;
	2181 : 10010110001011100000011000001010;
	2182 : 10010000100000011000010100011001;
	2183 : 01000010000100001001011000101010;
	2184 : 00000000000001100000000011111100;
	2185 : 00110100001000000010010101111001;
	2186 : 00000010000001010100000101111000;
	2187 : 00001110011000110100010110010100;
	2188 : 00100101111100110000000010110101;
	2189 : 10000101000100110011010000000001;
	2190 : 11000101100000110000000001010100;
	2191 : 10001001100011010000000000010100;
	2192 : 11000001100100010001010111110101;
	2193 : 00010000011100110001010101110011;
	2194 : 01000000100100100011010000010101;
	2195 : 01000010010000100100000110101001;
	2196 : 01000011011000100100001011001001;
	2197 : 01010100000000100100001111101001;
	2198 : 01010101001000100101010010001001;
	2199 : 01010110010000100101010110101001;
	2200 : 01010111011000100101011011001001;
	2201 : 01001000000001100101011111101001;
	2202 : 01001001001001100100100010001101;
	2203 : 01001010010001100100100110101101;
	2204 : 01001011011001100100101011001101;
	2205 : 01011100000001100100101111101101;
	2206 : 01011101001001100101110010001101;
	2207 : 01011110010001100101110110101101;
	2208 : 01011111011001100101111011001101;
	2209 : 01000001001000100101111111101101;
	2210 : 00110000001000000000000001111001;
	2211 : 01110001011110010000000000010000;
	2212 : 11010000010010100110010110010110;
	2213 : 10001001001010100100011001010100;
	2214 : 10000010110001011000010110011001;
	2215 : 11010110000001100000000001100010;
	2216 : 11010010001001101101010000101000;
	2217 : 00000101001101110010111001110000;
	2218 : 00101100101011011111111111110101;
	2219 : 00000101100100111100100100010111;
	2220 : 00000101001101110000001100000000;
	2221 : 00101100011000011111111111110101;
	2222 : 00000111100000000000010110011001;
	2223 : 11111111111101010000010100111101;
	2224 : 01000100011100010010010001110011;
	2225 : 01010111101100110101010011110001;
	2226 : 10001011101111010000000010010010;
	2227 : 00000010000001111000011110011001;
	2228 : 11000101100000111001011110001010;
	2229 : 00000101001101111111111011011100;
	2230 : 00010100011100011111111111110101;
	2231 : 00010100111000110010110010010110;
	2232 : 01010000101100101111111010000101;
	2233 : 01010100100100100101010000101000;
	2234 : 01100001010001010101100100001000;
	2235 : 00010001000000011000000010001000;
	2236 : 00000101001101111100011000101010;
	2237 : 11001110000001101111111111110101;
	2238 : 01000101101100100010010000110101;
	2239 : 01000000111100101100010100010001;
	2240 : 11111111111101010000010100111101;
	2241 : 10101100100110010110000100010100;
	2242 : 01100001000001010100000011101001;
	2243 : 01100101000011011000000010001000;
	2244 : 00000101000100110001000101010000;
	2245 : 11000110000001101000010000010100;
	2246 : 11000010001001101100010000101000;
	2247 : 00100111111100110011111111010010;
	2248 : 10001011100001011111000101000000;
	2249 : 01100101000011011100111110010100;
	2250 : 10000101110001010000010100011001;
	2251 : 00100111111100110011011111010010;
	2252 : 11010111000100110011000000000000;
	2253 : 10001011000011010000000010111101;
	2254 : 01100101000011011100011100010101;
	2255 : 10000111000001010000010100011001;
	2256 : 00100100011100110011011101110111;
	2257 : 01000111101011010011010000100000;
	2258 : 00000010100001111110100101111000;
	2259 : 00010111100100110110011100010110;
	2260 : 00000111000100110000000000100100;
	2261 : 10010111101110100000000100011100;
	2262 : 10000111100000100100001110000111;
	2263 : 00000101000100110110010100010110;
	2264 : 10110111111010011000011010010100;
	2265 : 00000101000100110110010100010110;
	2266 : 10111111110110011000011101010100;
	2267 : 00000111100010100110011100010110;
	2268 : 00000100000001110000011100011001;
	2269 : 01000011100111001001011110101011;
	2270 : 00000111101101111000011110001000;
	2271 : 00010111111101011000000000000000;
	2272 : 01000111011100011001011110101000;
	2273 : 11111110111101110111010011111000;
	2274 : 00000101000100110110010100010110;
	2275 : 00110111100001011010110010010100;
	2276 : 00111101111101011000010100101000;
	2277 : 01100101000011011010000000110010;
	2278 : 10000111100001010000010100011001;
	2279 : 01000100100001010011111110010010;
	2280 : 00000101000100110110010100010110;
	2281 : 00110111101000011010110111010100;
	2282 : 00110100000100000010010101111001;
	2283 : 01100101000011010011010111010110;
	2284 : 10101110010001010000010100011001;
	2285 : 00100101011100110011111100110110;
	2286 : 00111101110100010011010000100001;
	2287 : 00000000000001000101101101111000;
	2288 : 00000101000100110110010100010110;
	2289 : 00110111001001011010111011010100;
	2290 : 10010111101100110100011110010100;
	2291 : 10110000011100110000000010011100;
	2292 : 11001000100000010011000001011100;
	2293 : 00000101000100110110010100010110;
	2294 : 00111111000100011011000001010100;
	2295 : 00010000010100000000000001111001;
	2296 : 01000100001000101011111111110101;
	2297 : 01000100100100100100000010101001;
	2298 : 00000101000100110110010100010110;
	2299 : 00000001010000011011001101010100;
	2300 : 01100101000011011011110111110111;
	2301 : 10001001010001010000010100011001;
	2302 : 01000100100000010011110111010111;
	2303 : 01100101000011011011011101010101;
	2304 : 10001010100001010000010100011001;
	2305 : 01100101000011011011111101110000;
	2306 : 10001100100001010000010100011001;
	2307 : 01100101000011011011011111110101;
	2308 : 10001110000001010000010100011001;
	2309 : 01100101000011011011011111010101;
	2310 : 10001111100001010000010100011001;
	2311 : 01100101000011011011111111110001;
	2312 : 10010000110001010000010100011001;
	2313 : 01100101000011011011111111010001;
	2314 : 10010010100001010000010100011001;
	2315 : 01100101000011011011011111110001;
	2316 : 10010011110001010000010100011001;
	2317 : 01100101000011011011011111010001;
	2318 : 10010101110001010000010100011001;
	2319 : 01100101000011011011111101110101;
	2320 : 10010111110001010000010100011001;
	2321 : 01100101000011011011111101010101;
	2322 : 10011001010001010000010100011001;
	2323 : 01100101000011011011011101110101;
	2324 : 10011010100001010000010100011001;
	2325 : 01100101000011011011011101010101;
	2326 : 10011100000001010000010100011001;
	2327 : 01100101000011011011111101110001;
	2328 : 10011101000001010000010100011001;
	2329 : 01100101000011011011111101010001;
	2330 : 10011110000001010000010100011001;
	2331 : 01100101000011011011011101110001;
	2332 : 10011111000001010000010100011001;
	2333 : 01100101000011011011011101010001;
	2334 : 10100000000001010000010100011001;
	2335 : 01100101000011011011111110110101;
	2336 : 10100001010001010000010100011001;
	2337 : 01100101000011011011111110010101;
	2338 : 10100010010001010000010100011001;
	2339 : 01100101000011011011011110110101;
	2340 : 10100011010001010000010100011001;
	2341 : 01100101000011011011011110010101;
	2342 : 10100100010001010000010100011001;
	2343 : 01100101000011011011111110110001;
	2344 : 10100101010001010000010100011001;
	2345 : 01100101000011011011111110010001;
	2346 : 10100110010001010000010100011001;
	2347 : 01100101000011011011011110110001;
	2348 : 10100111010001010000010100011001;
	2349 : 01100101000011011011011110010001;
	2350 : 10101000010001010000010100011001;
	2351 : 01100101000011011011111100110101;
	2352 : 10101001010001010000010100011001;
	2353 : 01100101000011011011111100010101;
	2354 : 10101010100001010000010100011001;
	2355 : 01100101000011011011011100110101;
	2356 : 10101011100001010000010100011001;
	2357 : 01100111100010011011011100010101;
	2358 : 10000000000001111000011110011001;
	2359 : 00110000000001111001000001111001;
	2360 : 10010000011100110100011110010000;
	2361 : 00100111111100110011000001011100;
	2362 : 11100111100001011111000101000000;
	2363 : 10000110100100110110011010010010;
	2364 : 10000110000100110011000011101100;
	2365 : 00000101100100111001000010010000;
	2366 : 10010111000100110000001000000000;
	2367 : 10010111001100100000000000111100;
	2368 : 10000111000100111100001100000101;
	2369 : 00000111000010100000001000011100;
	2370 : 11000011000101001001011100101001;
	2371 : 10010110111000110000011110010100;
	2372 : 00000000000011111111111010111101;
	2373 : 01100111100010010000111111100001;
	2374 : 00011100000001111000011110011001;
	2375 : 10010000011100111001101111110001;
	2376 : 10000000100000100011000001011101;
	2377 : 11111111111101010000011100111101;
	2378 : 00011000011000111000011110101010;
	2379 : 01110111100000010000000011110100;
	2380 : 00000111101101110100011110000010;
	2381 : 10001101011111010000000000001000;
	2382 : 00000111001101111000000010001000;
	2383 : 01000101000000011111111111101101;
	2384 : 11111110111001111001110011111000;
	2385 : 01000111100010000111011110010000;
	2386 : 00000010000000000000011110111101;
	2387 : 01000001000111001011011111110110;
	2388 : 00000000110001111001011100011001;
	2389 : 11111110000001110101110111111000;
	2390 : 10000000100000101100000101000110;
	2391 : 11001100001000100001000100010000;
	2392 : 11001110000001101100100001001010;
	2393 : 10000100001011101100101000101100;
	2394 : 01000100100000110100100100110010;
	2395 : 11100100100110010000000000000100;
	2396 : 01000100011000100100000011101001;
	2397 : 01001001010000100100010011001001;
	2398 : 10000000100000100110000100010100;
	2399 : 10010110011000110000010000010100;
	2400 : 01000101101101010000000100100100;
	2401 : 00110111111000011100011000101010;
	2402 : 10000101101001100100010100101001;
	2403 : 00110111110000011100011000101010;
	2404 : 10111111111000010100010100101001;
	2405 : 10000111001010100100001100110111;
	2406 : 00000010110000110111001101111000;
	2407 : 00000000111101110111011110011001;
	2408 : 11100101101011011110111110110111;
	2409 : 11111111000001100111011010011001;
	2410 : 10010110101110101000101000110111;
	2411 : 11000011010011001100001100000110;
	2412 : 11000111010011001100011100000110;
	2413 : 01101011111000110000011101010000;
	2414 : 11100010000100011111111011011101;
	2415 : 00000110101100111000000010001000;
	2416 : 00000110100010100100000011011000;
	2417 : 00000000000000000000001010011101;
	2418 : 10000000011001111001011010001101;
	2419 : 00000111001000110000000010101100;
	2420 : 00000110101000110000000010111101;
	2421 : 00000110001000110000000010111101;
	2422 : 00000101101000110000000010111101;
	2423 : 00000101001000110000000010111101;
	2424 : 00000100101000110000000010111101;
	2425 : 00000100001000110000000010111101;
	2426 : 00000011101000110000000010111101;
	2427 : 00000011001000110000000010111101;
	2428 : 00000010101000110000000010111101;
	2429 : 00000010001000110000000010111101;
	2430 : 00000001101000110000000010111101;
	2431 : 00000001001000110000000010111101;
	2432 : 00000000101000110000000010111101;
	2433 : 00000000001000110000000010111101;
	2434 : 10000000100000100000000010111101;
	2435 : 00001111111101011111010110011001;
	2436 : 00000000100001011001011010011001;
	2437 : 10010110100100111000110111010101;
	2438 : 10001101110101010000000100010100;
	2439 : 10010110100100111011011101110000;
	2440 : 00000010100101110000000000111100;
	2441 : 10010110100101100000000000000000;
	2442 : 10000000111001111000001010001100;
	2443 : 10000000100101101111101010001100;
	2444 : 10001111000111010001011111010000;
	2445 : 01110100111000111001011000101111;
	2446 : 10110111101001011111100011011000;
	2447 : 00000000101001011100011110111001;
	2448 : 00001000101100111000101110010110;
	2449 : 11100111101100010000000011010100;
	2450 : 00000000010001100011011000011001;
	2451 : 01110111100100111110001000110011;
	2452 : 10000111001010100000000000110101;
	2453 : 11110110000100111110011111010110;
	2454 : 00000110101100111111111111000010;
	2455 : 00000111100100110100000011101100;
	2456 : 11000100011000110000001000000000;
	2457 : 10000110101011100000010011011101;
	2458 : 01110001011000111000011110101011;
	2459 : 10101000000000110000001011011100;
	2460 : 00000111100100010000000000001100;
	2461 : 10101110001000110000011010010001;
	2462 : 11101010111000111111111100011100;
	2463 : 00010110011111011111111011011100;
	2464 : 10011010011100011000111000010011;
	2465 : 00000111000100010000010110010001;
	2466 : 10010111001100101001010110101001;
	2467 : 00000001000101110110011001111000;
	2468 : 10000111001010101000000010001000;
	2469 : 11111111000101010111111011111000;
	2470 : 00000000000001011100011110011000;
	2471 : 00000101100001010000011100010100;
	2472 : 11111110111101110000111110111000;
	2473 : 11111110111010001001101011111000;
	2474 : 01000001100101001000000010001000;
	2475 : 00000000010001011010001010011000;
	2476 : 00000000100001011010111110011000;
	2477 : 00000000110001011010111100011000;
	2478 : 00000001000001011010111010011000;
	2479 : 00000001010001011010111000011000;
	2480 : 00000001100001011010001100011000;
	2481 : 00000001110001011010100000011000;
	2482 : 01010001100101001100001100000101;
	2483 : 00000010010001110000011100011001;
	2484 : 11111110010101110010000000111000;
	2485 : 11111110110101110010111000111000;
	2486 : 11111111111101110010001000111000;
	2487 : 01000000111001100000011010111001;
	2488 : 11111111111001110010010000111000;
	2489 : 11111111110101110010011000111000;
	2490 : 11111111110001110010100000111000;
	2491 : 11111110011001110010101000111000;
	2492 : 11111111000001110010110000111000;
	2493 : 00000010010001011000010110011001;
	2494 : 11111010110101111100100111111000;
	2495 : 11000110100000111011011110110110;
	2496 : 00000111000001010000000000010100;
	2497 : 00000000001101110111011110011001;
	2498 : 11111110110101110000111110111000;
	2499 : 11010111101000010000010110010100;
	2500 : 00000000000001011100011010011000;
	2501 : 01110111100100110000011100010100;
	2502 : 00001111101000110000000000111101;
	2503 : 00000101100001011111111011011101;
	2504 : 10111111000101011111111111110011;
	2505 : 00001010000010110000100011110110;
	2506 : 00000111000101000000101110001011;
	2507 : 00000101100011100000010111010101;
	2508 : 00000000110010100000000100011111;
	2509 : 00000010011011100000110001001101;
	2510 : 00000000101101100000011000110010;
	2511 : 00001000010011110000001111001000;
	2512 : 00000101101111000000011100111111;
	2513 : 00000111110101000000001000110111;
	2514 : 00000001011111110000000100000010;
	2515 : 00000101101100100000100111000100;
	2516 : 00001100011111110000011010111111;
	2517 : 00000011111110010000101001000011;
	2518 : 00000010011000000000001011000111;
	2519 : 00000001100110110000011011111011;
	2520 : 00000110110111100000110000100101;
	2521 : 00000010100011000000010011011100;
	2522 : 00000011111101110000101011010011;
	2523 : 00000101110100110000011111100101;
	2524 : 00000110111110010000101111111100;
	2525 : 00001100111110010000001000000100;
	2526 : 00001010011001110000101111010000;
	2527 : 00001000011101110000011010111110;
	2528 : 00000101101111010000000001101111;
	2529 : 00001100101001110000100110100110;
	2530 : 00000011001111100000101111101001;
	2531 : 00000111011101000000000001111010;
	2532 : 00001001010010100000110000001010;
	2533 : 00000011110000010000101101111001;
	2534 : 00001010001011000000011100010111;
	2535 : 00001000110110000000000111000000;
	2536 : 00001000000001100000001010110100;
	2537 : 00000001101011100000100010101001;
	2538 : 00000011010010110000001000111010;
	2539 : 00000011011001110000100000001111;
	2540 : 00000000011010010000011000001110;
	2541 : 00000010010010110000000110101100;
	2542 : 00001100000101100000000010110001;
	2543 : 00001011001101010000101111001111;
	2544 : 00000110011101010000011000101100;
	2545 : 00000011000010100000110000011010;
	2546 : 00001100011011100000010010011100;
	2547 : 00000101110010110000100111100011;
	2548 : 00000100010111110000101010111100;
	2549 : 00000010100001000000011011011010;
	2550 : 00000001010111010000100110010011;
	2551 : 00000001010010010000000110101000;
	2552 : 00001100101101100000110001110100;
	2553 : 00000100010010010000001100110001;
	2554 : 00000010011000100000001001011011;
	2555 : 00000111111111000000010100101010;
	2556 : 00000001100000000000011101000010;
	2557 : 00001100011110010000100001001000;
	2558 : 00000111110010100000010011001000;
	2559 : 00000000110111000000100110011101;
	2560 : 00000110100001100000100001001111;
	2561 : 00000111000001110000100001100000;
	2562 : 00000011000110100000100000011000;
	2563 : 00001001101010110000011100011011;
	2564 : 00000001110111100000100110011011;
	2565 : 00001011110011010000110010010101;
	2566 : 00000011110111110000001111100100;
	2567 : 00000111010011010000001110101111;
	2568 : 00000110010111000000010111101001;
	2569 : 00001000000001000000001000010000;
	2570 : 00000000010000000010000000000001;
	2571 : 00110011001100100011000100100001;
	2572 : 00110111001101100011010100100101;
	2573 : 01000010010000010011100100100011;
	2574 : 01000110010001010100010001011000;
	2575 : 00000000000000000000000000000000;
	2576 : 00111011001100010101101100011011;
	2577 : 00111100011011010011000100111001;
	2578 : 01010010010011110100010101001110;
	2579 : 00101101001100100011001101001101;
	2580 : 00101101010001010101010001001001;
	2581 : 01001001010011100100000101000001;
	2582 : 00000000001000000011111001011000;
	2583 : 01110101011100000110001101011011;
	2584 : 00000000000000000111110000110001;
	2585 : 00000000000000000000000000000000;
	2586 : 01110101011100000110001101011011;
	2587 : 00000000000000000111110000100001;
	2588 : 00000000001000000101110101010110;
	2589 : 00000000001000000101110101010101;
	2590 : 01110100011100110110111001010010;
	2591 : 01110100011000110111010101101001;
	2592 : 00100000011011100110111101110010;
	2593 : 01100101011000110110001101110000;
	2594 : 01100110001000000111001101111001;
	2595 : 01110100011011000111010101110000;
	2596 : 00000000000000000000000000000000;
	2597 : 01100101011011000110110001010010;
	2598 : 00100000011011000110000101111100;
	2599 : 01110100011100110110111001110010;
	2600 : 01110100011000110111010101101001;
	2601 : 00000000011011100110111101110010;
	2602 : 01110100011100110110111001010010;
	2603 : 01110100011000110111010101101001;
	2604 : 00100000011011100110111101110010;
	2605 : 01110010011001000110010001110000;
	2606 : 00100000011100110111001101110100;
	2607 : 01100001011100110110100101110110;
	2608 : 01101110011001110110100101100110;
	2609 : 00000000000000000110010001110100;
	2610 : 01101001011101100110111001010100;
	2611 : 01101101011011100110111101101001;
	2612 : 00100000011101000110111001110100;
	2613 : 01100001011001010111001001101000;
	2614 : 01101001011011110111000001111010;
	2615 : 00000000000000000111010001101110;
	2616 : 01100100011000010110111101000110;
	2617 : 01100100011001000110000100100000;
	2618 : 01110011011100110110010101101001;
	2619 : 01110011011010010110110100100000;
	2620 : 01100111011010010110110001110000;
	2621 : 00000000011001000110010101101110;
	2622 : 01100100011000010110111101000110;
	2623 : 01100011011000110110000100100000;
	2624 : 00100000011100110111001101110100;
	2625 : 01101100011101010110000101101100;
	2626 : 00000000000000000000000001100101;
	2627 : 01110010011011110111010001011001;
	2628 : 01100100011000010010000001110100;
	2629 : 01110011011001010111001001100100;
	2630 : 01101001011011010010000001111001;
	2631 : 01101001011011000110000101111001;
	2632 : 01100100011001010110111001111100;
	2633 : 00000000000000000000000000000000;
	2634 : 01110010011011110111010001011001;
	2635 : 01100011011000010010000001110100;
	2636 : 01110011011100110110010101111000;
	2637 : 01110101011000010110011000100000;
	2638 : 00000000000000000111010001100110;
	2639 : 01101001011101100110111001010100;
	2640 : 01101101011011100110111101101001;
	2641 : 00100000011101000110111001110100;
	2642 : 01101100011011000110000101111000;
	2643 : 01101111011100100110011000100000;
	2644 : 00101101010101010010000001110110;
	2645 : 01100101011001000110111101110110;
	2646 : 00000000000000000000000000000000;
	2647 : 01101001011101100110111001010100;
	2648 : 01101101011011100110111101101001;
	2649 : 00100000011101000110111001110100;
	2650 : 01101100011011000110000101111000;
	2651 : 01101111011100100110011000100000;
	2652 : 00101101010011010010000001110110;
	2653 : 01100101011001000110111101110110;
	2654 : 00000000000000000000000000000000;
	2655 : 01101000011000110110000101010110;
	2656 : 00100000011001010110111001110010;
	2657 : 01110100011001100110111101111001;
	2658 : 01100101011100100110000101111101;
	2659 : 01010001010100100100100100100000;
	2660 : 00000000000000000000000000000000;
	2661 : 01101000011000110110000101010110;
	2662 : 00100000011001010110111001110010;
	2663 : 01100101011011010110100101100101;
	2664 : 01010010010010010010000001101001;
	2665 : 00000000000000000000000001010001;
	2666 : 01101000011000110110000101010110;
	2667 : 00100000011001010110111001110010;
	2668 : 01100101011101000111100001110100;
	2669 : 01101100011000010110111001101001;
	2670 : 01010001010100100100100100100000;
	2671 : 00000000000000000000000000000000;
	2672 : 01010001010100100100100101001100;
	2673 : 00101000001000000011000000110110;
	2674 : 00101001010001000101011101000101;
	2675 : 00000000000000000000000000000000;
	2676 : 01010001010100100100100101001100;
	2677 : 00101000001000000011000100110110;
	2678 : 00101001010100110100011001011000;
	2679 : 00000000000000000000000000000000;
	2680 : 01010001010100100100100101001100;
	2681 : 00101000001000000011001000110110;
	2682 : 01010100010100100100000101010101;
	2683 : 00000000000000000010100100100001;
	2684 : 01010001010100100100100101001100;
	2685 : 00101000001000000011001100110110;
	2686 : 01010100010100100100000101010101;
	2687 : 00000000000000000010100100110001;
	2688 : 01010001010100100100100101001100;
	2689 : 00101000001000000011010000110110;
	2690 : 01100101011100110110010101101001;
	2691 : 01100100011001010111011001101001;
	2692 : 00000000000000000000000000110010;
	2693 : 01010001010100100100100101001100;
	2694 : 00101000001000000011010100110110;
	2695 : 01000011010000010101001001000101;
	2696 : 00000000001010010101001001010100;
	2697 : 01010001010100100100100101001100;
	2698 : 00101000001000000011011000110110;
	2699 : 00101001010010010101000001011001;
	2700 : 00000000000000000000000000000000;
	2701 : 01010001010100100100100101001100;
	2702 : 00101000001000000011011100110110;
	2703 : 00101001010010010101011101000101;
	2704 : 00000000000000000000000000000000;
	2705 : 01010001010100100100100101001100;
	2706 : 00101000001000000011100000110110;
	2707 : 01001111010010010101000001011100;
	2708 : 00000000000000000000000000110010;
	2709 : 01010001010100100100100101001100;
	2710 : 00101000001000000011100100110110;
	2711 : 01001100010011110100010101001110;
	2712 : 00000000001010010100010001010100;
	2713 : 01010001010100100100100101001100;
	2714 : 00100000001100000011000100110110;
	2715 : 01000001010011010100010000100010;
	2716 : 00000000000000000000000000110010;
	2717 : 01010001010100100100100101001100;
	2718 : 00100000001100010011000100110110;
	2719 : 01001001010001000101001100100010;
	2720 : 00000000000000000000000000110010;
	2721 : 01010001010100100100100101001100;
	2722 : 00100000001100100011000100110110;
	2723 : 01010100010100000100011100100010;
	2724 : 00000000001010010101001001010110;
	2725 : 01010001010100100100100101001100;
	2726 : 00100000001100110011000100110110;
	2727 : 01000101010011100100111100100010;
	2728 : 01000101010100100100100101011101;
	2729 : 00000000000000000000000000110010;
	2730 : 01010001010100100100100101001100;
	2731 : 00100000001101000011000100110110;
	2732 : 01001001010011000101001100100010;
	2733 : 00000000001010010100101101001110;
	2734 : 01010001010100100100100101001100;
	2735 : 00100000001101010011000100110110;
	2736 : 01001110010100100101010000100010;
	2737 : 00000000000000000010100101011100;
	2738 : 01101110011010110110111001010101;
	2739 : 00100000011011100111011101111110;
	2740 : 01110000011000010111001001100101;
	2741 : 01110101011000010110001100100000;
	2742 : 00000000001000000110010101111001;
	2743 : 01010000010001010100110100100000;
	2744 : 00000000000000000011110101011000;
	2745 : 01010110010101000100110100100000;
	2746 : 00000000001111010100110001010000;
	2747 : 01110011011010010100010000100000;
	2748 : 01101001011011000110001001110000;
	2749 : 01001001001000000110011101101110;
	2750 : 01110011001000000101000101001001;
	2751 : 01100011011100100111010101111110;
	2752 : 00000000000000000000000001110100;
	2753 : 01010100010000010100011000100000;
	2754 : 00100000001000010100110001010000;
	2755 : 01110100011011000110000101000010;
	2756 : 00100000011001110110111001110010;
	2757 : 00100000010101010101000001011000;
	2758 : 01000101010011100010111100100111;
	2759 : 00110011010101100101001001011110;
	2760 : 01010100010100100010110100101001;
	2761 : 01000001010100000010110101010100;
	2762 : 00111110010000110100100101001110;
	2763 : 01101101001100000101101100011011;
	2764 : 00000000000000000000000000001010;
	2765 : 01001110001011110011110000100000;
	2766 : 01010110010100100100111101010100;
	2767 : 01010010001011010011001000111001;
	2768 : 01010000001011010100010101000101;
	2769 : 01000011010010010100111001010000;
	2770 : 01011011000110110000101000101111;
	2771 : 00000000000000000110110100100001;
	2772 : 01100011110001101010010101111000;
	2773 : 01111100111110001000010001100111;
	2774 : 01110111111011101001100101111101;
	2775 : 01111011111101101000110101111011;
	2776 : 11110010111111110000110111101001;
	2777 : 01101011110101101011110101111010;
	2778 : 01101111110111101011000101111110;
	2779 : 11000101100100010101010011010100;
	2780 : 00110000011000000101000000100001;
	2781 : 00000001000000100000001100010000;
	2782 : 01100111110011101010100101111100;
	2783 : 00101011010101100111110100111010;
	2784 : 11111110111001110001100111101111;
	2785 : 11010111101101010110001011011101;
	2786 : 10101011010011011110011010111010;
	2787 : 01110110111011001001101001101101;
	2788 : 11001010100011110100010111001010;
	2789 : 10000010000111111001110110001000;
	2790 : 11001001100010010100000011010010;
	2791 : 01111101111110101000011101110111;
	2792 : 11111010111011110001010111101011;
	2793 : 01011001101100101110101101010011;
	2794 : 01000111100011101100100101011100;
	2795 : 11110000111110110000101111100001;
	2796 : 10101101010000011110110010110110;
	2797 : 11010100101100110110011111000101;
	2798 : 10100010010111111111110110101000;
	2799 : 10101111010001011110101010111110;
	2800 : 10011100001000111011111110000111;
	2801 : 10100100010100111111011110100100;
	2802 : 01110010111001001001011001101001;
	2803 : 11000000100110110101101111000000;
	2804 : 10110111011101011100001010111101;
	2805 : 11111101111000010001110011110111;
	2806 : 10010011001111011010111010011001;
	2807 : 00100110010011000110101000101100;
	2808 : 00110110011011000101101000101101;
	2809 : 00111111011111100100000100111111;
	2810 : 11110111111101010000001011111101;
	2811 : 11001100100000110100111111000110;
	2812 : 00110100011010000101110000100101;
	2813 : 10100101010100011111010010110100;
	2814 : 11100101110100010011010011110100;
	2815 : 11110001111110010000100011110001;
	2816 : 01110001111000101001001101110001;
	2817 : 11011000101010110111001111000011;
	2818 : 00110001011000100101001100110001;
	2819 : 00010101001010100011111100010101;
	2820 : 00000100000010000000110000000100;
	2821 : 11000111100101010101001011011100;
	2822 : 00100011010001100110010100111000;
	2823 : 11000011100111010101111011011000;
	2824 : 00011000001100000010100000000011;
	2825 : 10010110001101111010000110001101;
	2826 : 00000101000010100000111100010100;
	2827 : 10011010001011111011010110001011;
	2828 : 00000111000011100000100100011100;
	2829 : 00010010001001000011011000001001;
	2830 : 10000000000110111001101110000000;
	2831 : 11100010110111110011110111101000;
	2832 : 11101011110011010010011011111010;
	2833 : 00100111010011100110100100111100;
	2834 : 10110010011111111100110110101001;
	2835 : 01110101111010101001111101110101;
	2836 : 00001001000100100001101100010010;
	2837 : 10000011000111011001111010011000;
	2838 : 00101100010110000111010000100110;
	2839 : 00011010001101000010111000001011;
	2840 : 00011011001101100010110100011011;
	2841 : 01101110110111001011001001101110;
	2842 : 01011010101101001110111001001011;
	2843 : 10100000010110111111101110100000;
	2844 : 01010010101001001111011001001001;
	2845 : 00111011011101100100110100111011;
	2846 : 11010110101101110110000111001101;
	2847 : 10110011011111011100111010111001;
	2848 : 00101001010100100111101100110010;
	2849 : 11100011110111010011111011111000;
	2850 : 00101111010111100111000100111110;
	2851 : 10000100000100111001011110000100;
	2852 : 01010011101001101111010101011001;
	2853 : 11010001101110010110100011010001;
	2854 : 00000000000000000000000000000000;
	2855 : 11101101110000010010110011110110;
	2856 : 00100000010000000110000000100000;
	2857 : 11111100111000110001111111100111;
	2858 : 10110001011110011100100010110001;
	2859 : 01011011101101101110110101011011;
	2860 : 01101010110101001011111001101010;
	2861 : 11001011100011010100011011011010;
	2862 : 10111110011001111101100110101111;
	2863 : 00111001011100100100101100110011;
	2864 : 01001010100101001101111001001010;
	2865 : 01001100100110001101010001000110;
	2866 : 01011000101100001110100001000011;
	2867 : 11001111100001010100101011011110;
	2868 : 11010000101110110110101111000001;
	2869 : 11101111110001010010101011111110;
	2870 : 10101010010011111110010110101010;
	2871 : 11111011111011010001011011111011;
	2872 : 01000011100001101100010101011000;
	2873 : 01001101100110101101011101010110;
	2874 : 00110011011001100101010100111001;
	2875 : 10000101000100011001010010010100;
	2876 : 01000101100010101100111101010100;
	2877 : 11111001111010010001000011110011;
	2878 : 00000010000001000000011000001000;
	2879 : 01111111111111101000000101111111;
	2880 : 01010000101000001111000001000001;
	2881 : 00111100011110000100010000100111;
	2882 : 10011111001001011011101010011111;
	2883 : 10101000010010111110001110100010;
	2884 : 01010001101000101111001101010001;
	2885 : 10100011010111011111111010111000;
	2886 : 01000000100000001100000001000000;
	2887 : 10001111000001011000101010011110;
	2888 : 10010010001111111010110110001001;
	2889 : 10011101001000011011110010010111;
	2890 : 00111000011100000100100000100011;
	2891 : 11110101111100010000010011110101;
	2892 : 10111100011000111101111110100111;
	2893 : 10110110011101111100000110101101;
	2894 : 11011010101011110111010111001011;
	2895 : 00100001010000100110001100110000;
	2896 : 00010000001000000011000000000001;
	2897 : 11111111111001010001101011111111;
	2898 : 11110011111111010000111011111001;
	2899 : 11010010101111110110110111001001;
	2900 : 11001101100000010100110011010110;
	2901 : 00001100000110000001010000000110;
	2902 : 00010011001001100011010100011001;
	2903 : 11101100110000110010111111100110;
	2904 : 01011111101111101110000101011111;
	2905 : 10010111001101011010001010011101;
	2906 : 01000100100010001100110001000100;
	2907 : 00010111001011100011100100011101;
	2908 : 11000100100100110101011111000100;
	2909 : 10100111010101011111001010111100;
	2910 : 01111110111111001000001001101111;
	2911 : 00111101011110100100011100110111;
	2912 : 01100100110010001010110001100100;
	2913 : 01011101101110101110011101010111;
	2914 : 00011001001100100010101100010011;
	2915 : 01110011111001101001010101111001;
	2916 : 01100000110000001010000001100000;
	2917 : 10000001000110011001100010010000;
	2918 : 01001111100111101101000101011110;
	2919 : 11011100101000110111111111000111;
	2920 : 00100010010001000110011000101000;
	2921 : 00101010010101000111111000101010;
	2922 : 10010000001110111010101110000001;
	2923 : 10001000000010111000001110000010;
	2924 : 01000110100011001100101001001100;
	2925 : 11101110110001110010100111101110;
	2926 : 10111000011010111101001110100011;
	2927 : 00010100001010000011110000000101;
	2928 : 11011110101001110111100111001111;
	2929 : 01011110101111001110001001001111;
	2930 : 00001011000101100001110100011010;
	2931 : 11011011101011010111011011011011;
	2932 : 11100000110110110011101111100000;
	2933 : 00110010011001000101011000101001;
	2934 : 00111010011101000100111000101011;
	2935 : 00001010000101000001111000001010;
	2936 : 01001001100100101101101101010010;
	2937 : 00000110000011000000101000001100;
	2938 : 00100100010010000110110000100100;
	2939 : 01011100101110001110010001000111;
	2940 : 11000010100111110101110111001000;
	2941 : 11010011101111010110111011011001;
	2942 : 10101100010000111110111110100110;
	2943 : 01100010110001001010011001101000;
	2944 : 10010001001110011010100010010001;
	2945 : 10010101001100011010010010010101;
	2946 : 11100100110100110011011111100100;
	2947 : 01111001111100101000101101110011;
	2948 : 11100111110101010011001011111100;
	2949 : 11001000100010110100001111000010;
	2950 : 00110111011011100101100100111101;
	2951 : 01101101110110101011011101110110;
	2952 : 10001101000000011000110010010110;
	2953 : 11010101101100010110010011010101;
	2954 : 01001110100111001101001001001110;
	2955 : 10101001010010011110000010110010;
	2956 : 01101100110110001011010001100110;
	2957 : 01010110101011001111101001001101;
	2958 : 11110100111100110000011111100101;
	2959 : 11101010110011110010010111101010;
	2960 : 01100101110010101010111101110100;
	2961 : 01111010111101001000111001101011;
	2962 : 10101110010001111110100110101110;
	2963 : 00001000000100000001100000000010;
	2964 : 10111010011011111101010110101011;
	2965 : 01111000111100001000100001100011;
	2966 : 00100101010010100110111100110100;
	2967 : 00101110010111000111001000101110;
	2968 : 00011100001110000010010000000111;
	2969 : 10100110010101111111000110101100;
	2970 : 10110100011100111100011110100101;
	2971 : 11000110100101110101000111001100;
	2972 : 11101000110010110010001111100010;
	2973 : 11011101101000010111110011010111;
	2974 : 01110100111010001001110001100101;
	2975 : 00011111001111100010000100011111;
	2976 : 01001011100101101101110101011010;
	2977 : 10111101011000011101110010110111;
	2978 : 10001011000011011000011010011010;
	2979 : 10001010000011111000010110001010;
	2980 : 01110000111000001001000001100001;
	2981 : 00111110011111000100001000101111;
	2982 : 10110101011100011100010010110101;
	2983 : 01100110110011001010101001101100;
	2984 : 01001000100100001101100001000010;
	2985 : 00000011000001100000010100011000;
	2986 : 11110110111101110000000111101101;
	2987 : 00001110000111000001001000001110;
	2988 : 01100001110000101010001101110000;
	2989 : 00110101011010100101111100110101;
	2990 : 01010111101011101111100101011101;
	2991 : 10111001011010011101000010110011;
	2992 : 10000110000101111001000110001100;
	2993 : 11000001100110010101100011010000;
	2994 : 00011101001110100010011100010111;
	2995 : 10011110001001111011100110001111;
	2996 : 11100001110110010011100011110000;
	2997 : 11111000111010110001001111100011;
	2998 : 10011000001010111011001110000011;
	2999 : 00010001001000100011001100010001;
	3000 : 01101001110100101011101101110010;
	3001 : 11011001101010010111000011010011;
	3002 : 10001110000001111000100110001110;
	3003 : 10010100001100111010011110000101;
	3004 : 10011011001011011011011010011011;
	3005 : 00011110001111000010001000001111;
	3006 : 10000111000101011001001010011100;
	3007 : 11101001110010010010000011110010;
	3008 : 11001110100001110100100111001110;
	3009 : 01010101101010101111111101010101;
	3010 : 00101000010100000111100000100010;
	3011 : 11011111101001010111101011011111;
	3012 : 10001100000000111000111110000110;
	3013 : 10100001010110011111100010110000;
	3014 : 10001001000010011000000010010010;
	3015 : 00001101000110100001011100010110;
	3016 : 10111111011001011101101010111111;
	3017 : 11100110110101110011000111101100;
	3018 : 01000010100001001100011001001000;
	3019 : 01101000110100001011100001100010;
	3020 : 01000001100000101100001101010000;
	3021 : 10011001001010011011000010010011;
	3022 : 00101101010110100111011100110110;
	3023 : 00001111000111100001000100011110;
	3024 : 10110000011110111100101110100001;
	3025 : 01010100101010001111110001000101;
	3026 : 10111011011011011101011010111011;
	3027 : 00010110001011000011101000001101;
	3028 : 00000000000000000000000000010000;
	3029 : 00000000000000000000000000000000;
	3030 : 00000000000000000000000000000000;
	3031 : 00000000000000000000000010010010;
	3032 : 00000000000000000000000000000000;
	3033 : 10000000000000000000000010011010;
	3034 : 00000000000000000000000000000000;
	3035 : 10000000000000001000000010000000;
	3036 : 00000000000000000000000000010000;
	3037 : 00000000000000000000000010011010;
	3038 : 00000000000000000000000000010000;
	3039 : 00000000000000001000000000000000;
	3040 : 00000000000000000000000000010000;
	3041 : 10000000000000001000000010000010;
	3042 : 00000000000000000000000000010000;
	3043 : 10000000000000000000000010001000;
	3044 : 00000000000000000000000000000000;
	3045 : 00000000000000000000000000011010;
	3046 : 00000000000000000000000000000000;
	3047 : 00000000000000000000000000001010;
	3048 : 00000000000000000000000000010000;
	3049 : 00000000000000001000000010001000;
	3050 : 00000000000000000000000000000000;
	3051 : 00000000000000001000000000011000;
	3052 : 00000000000000000000000000010000;
	3053 : 00000000000000001000000010011010;
	3054 : 00000000000000000000000000010000;
	3055 : 10000000000000000000000000011010;
	3056 : 00000000000000000000000000010000;
	3057 : 10000000000000000000000010001010;
	3058 : 00000000000000000000000000010000;
	3059 : 10000000000000000000000010010000;
	3060 : 00000000000000000000000000000000;
	3061 : 10000000000000000000000010010000;
	3062 : 00000000000000000000000000000000;
	3063 : 10000000000000000000000000000010;
	3064 : 00000000000000000000000000000000;
	3065 : 00000000000000000000000010011000;
	3066 : 00000000000000000000000000000000;
	3067 : 10000000000000001000000000011000;
	3068 : 00000000000000000000000000010000;
	3069 : 10000000000000001000000010000010;
	3070 : 00000000000000000000000000000000;
	3071 : 10000000000000000000000010000010;
	3072 : 00000000000000000000000000010000;
	3073 : 00000000000000001000000000000000;
	3074 : 00000000000000000000000000000000;
	3075 : 10000000000000001000000010001000;
	3076 : 00000000000000000010001111101111;
	3077 : 00000000000000000010001110001101;
	3078 : 00000000000000000010001111101001;
	3079 : 00000000000000000010010000001100;
	3080 : 00000000000000000010010000001110;
	3081 : 00000000000000000010010000001101;
	3082 : 00000000000000000010010000001111;
	3083 : 00000000000000000010010000101100;
	3084 : 00000000000000000010010000101110;
	3085 : 00000000000000000010001110000010;
	3086 : 00000000000000000010001110000010;
	3087 : 00000000000000000010010000101101;
	3088 : 00000000000000000010010000101111;
	3089 : 00000000000000000010001110000010;
	3090 : 00000000000000000010001110000010;
	3091 : 00000000000000000010001110000010;
	3092 : 00000000000000000010010001001100;
	3093 : 00000000000000000010001110000010;
	3094 : 00000000000000000010001110000010;
	3095 : 00000000000000000010001110000010;
	3096 : 00000000000000000010010001001110;
	3097 : 00000000000000000010001110000010;
	3098 : 00000000000000000010001110000010;
	3099 : 00000000000000000010001110000010;
	3100 : 00000000000000000010001110000010;
	3101 : 00000000000000000010010001001101;
	3102 : 00000000000000000010010001001111;
	3103 : 00000000000000000010010001101100;
	3104 : 00000000000000000010010001101110;
	3105 : 00000000000000000010010001101101;
	3106 : 00000000000000000010010001101111;
	3107 : 00000000000000000010010010001100;
	3108 : 00000000000000000010010010001110;
	3109 : 00000000000000000010010010001101;
	3110 : 00000000000000000010010010001111;
	3111 : 00000000000000000010010010101100;
	3112 : 00000000000000000010010010101110;
	3113 : 00000000000000000010010010101101;
	3114 : 00000000000000000010010010101111;
	3115 : 00000000000000000010010011001100;
	3116 : 00000000000000000010010011001110;
	3117 : 00000000000000000000000000000000;
	3118 : 00000000000000000000000000000000;
	3119 : 00000000000000000000000000000000;
	3120 : 00000000000000000000000000000000;
	3121 : 00000000000000000000000000000000;
	3122 : 00000000000000000000000000000000;
	3123 : 00000000000000000000000000000000;
	3124 : 00000000000000000000000000000000;
	3125 : 00000000000000000000000000000000;
	3126 : 00000000000000000000000000000000;
	3127 : 00000000000000000000000000000000;
	3128 : 00000000000000000000000000000000;
	3129 : 00000000000000000000000000000000;
	3130 : 00000000000000000000000000000000;
	3131 : 00000000000000000000000000000000;
	3132 : 00000000000000000000000000000000;
	3133 : 00000000000000000000000000000000;
	3134 : 00000000000000000000000000000000;
	3135 : 00000000000000000000000000000000;
	3136 : 00000000000000000000000000000000;
	3137 : 00000000000000000000000000000000;
	3138 : 00000000000000000000000000000000;
	3139 : 00000000000000000000000000000000;
	3140 : 00000000000000000000000000000000;
	3141 : 00000000000000000000000000000000;
	3142 : 00000000000000000000000000000000;
	3143 : 00000000000000000000000000000000;
	3144 : 00000000000000000000000000000000;
	3145 : 00000000000000000000000000000000;
	3146 : 00000000000000000000000000000000;
	3147 : 00000000000000000000000000000000;
	3148 : 00000000000000000000000000000000;
	3149 : 00000000000000000000000000000000;
	3150 : 00000000000000000000000000000000;
	3151 : 00000000000000000000000000000000;
	3152 : 00000000000000000000000000000000;
	3153 : 00000000000000000000000000000000;
	3154 : 00000000000000000000000000000000;
	3155 : 00000000000000000000000000000000;
	3156 : 00000000000000000000000000000000;
	3157 : 00000000000000000000000000000000;
	3158 : 00000000000000000000000000000000;
	3159 : 00000000000000000000000000000000;
	3160 : 00000000000000000000000000000000;
	3161 : 00000000000000000000000000000000;
	3162 : 00000000000000000000000000000000;
	3163 : 00000000000000000000000000000000;
	3164 : 00000000000000000000000000000000;
	3165 : 00000000000000000000000000000000;
	3166 : 00000000000000000000000000000000;
	3167 : 00000000000000000000000000000000;
	3168 : 00000000000000000000000000000000;
	3169 : 00000000000000000000000000000000;
	3170 : 00000000000000000000000000000000;
	3171 : 00000000000000000000000000000000;
	3172 : 00000000000000000000000000000000;
	3173 : 00000000000000000000000000000000;
	3174 : 00000000000000000000000000000000;
	3175 : 00000000000000000000000000000000;
	3176 : 00000000000000000000000000000000;
	3177 : 00000000000000000000000000000000;
	3178 : 00000000000000000000000000000000;
	3179 : 00000000000000000000000000000000;
	3180 : 00000000000000000000000000000000;
	3181 : 00000000000000000000000000000000;
	3182 : 00000000000000000000000000000000;
	3183 : 00000000000000000000000000000000;
	3184 : 00000000000000000000000000000000;
	3185 : 00000000000000000000000000000000;
	3186 : 00000000000000000000000000000000;
	3187 : 00000000000000000000000000000000;
	3188 : 00000000000000000000000000000000;
	3189 : 00000000000000000000000000000000;
	3190 : 00000000000000000000000000000000;
	3191 : 00000000000000000000000000000000;
	3192 : 00000000000000000000000000000000;
	3193 : 00000000000000000000000000000000;
	3194 : 00000000000000000000000000000000;
	3195 : 00000000000000000000000000000000;
	3196 : 00000000000000000000000000000000;
	3197 : 00000000000000000000000000000000;
	3198 : 00000000000000000000000000000000;
	3199 : 00000000000000000000000000000000;
	3200 : 00000000000000000000000000000000;
	3201 : 00000000000000000000000000000000;
	3202 : 00000000000000000000000000000000;
	3203 : 00000000000000000000000000000000;
	3204 : 00000000000000000000000000000000;
	3205 : 00000000000000000000000000000000;
	3206 : 00000000000000000000000000000000;
	3207 : 00000000000000000000000000000000;
	3208 : 00000000000000000000000000000000;
	3209 : 00000000000000000000000000000000;
	3210 : 00000000000000000000000000000000;
	3211 : 00000000000000000000000000000000;
	3212 : 00000000000000000000000000000000;
	3213 : 00000000000000000000000000000000;
	3214 : 00000000000000000000000000000000;
	3215 : 00000000000000000000000000000000;
	3216 : 00000000000000000000000000000000;
	3217 : 00000000000000000000000000000000;
	3218 : 00000000000000000000000000000000;
	3219 : 00000000000000000000000000000000;
	3220 : 00000000000000000000000000000000;
	3221 : 00000000000000000000000000000000;
	3222 : 00000000000000000000000000000000;
	3223 : 00000000000000000000000000000000;
	3224 : 00000000000000000000000000000000;
	3225 : 00000000000000000000000000000000;
	3226 : 00000000000000000000000000000000;
	3227 : 00000000000000000000000000000000;
	3228 : 00000000000000000000000000000000;
	3229 : 00000000000000000000000000000000;
	3230 : 00000000000000000000000000000000;
	3231 : 00000000000000000000000000000000;
	3232 : 00000000000000000000000000000000;
	3233 : 00000000000000000000000000000000;
	3234 : 00000000000000000000000000000000;
	3235 : 00000000000000000000000000000000;
	3236 : 00000000000000000000000000000000;
	3237 : 00000000000000000000000000000000;
	3238 : 00000000000000000000000000000000;
	3239 : 00000000000000000000000000000000;
	3240 : 00000000000000000000000000000000;
	3241 : 00000000000000000000000000000000;
	3242 : 00000000000000000000000000000000;
	3243 : 00000000000000000000000000000000;
	3244 : 00000000000000000000000000000000;
	3245 : 00000000000000000000000000000000;
	3246 : 00000000000000000000000000000000;
	3247 : 00000000000000000000000000000000;
	3248 : 00000000000000000000000000000000;
	3249 : 00000000000000000000000000000000;
	3250 : 00000000000000000000000000000000;
	3251 : 00000000000000000000000000000000;
	3252 : 00000000000000000000000000000000;
	3253 : 00000000000000000000000000000000;
	3254 : 00000000000000000000000000000000;
	3255 : 00000000000000000000000000000000;
	3256 : 00000000000000000000000000000000;
	3257 : 00000000000000000000000000000000;
	3258 : 00000000000000000000000000000000;
	3259 : 00000000000000000000000000000000;
	3260 : 00000000000000000000000000000000;
	3261 : 00000000000000000000000000000000;
	3262 : 00000000000000000000000000000000;
	3263 : 00000000000000000000000000000000;
	3264 : 00000000000000000000000000000000;
	3265 : 00000000000000000000000000000000;
	3266 : 00000000000000000000000000000000;
	3267 : 00000000000000000000000000000000;
	3268 : 00000000000000000000000000000000;
	3269 : 00000000000000000000000000000000;
	3270 : 00000000000000000000000000000000;
	3271 : 00000000000000000000000000000000;
	3272 : 00000000000000000000000000000000;
	3273 : 00000000000000000000000000000000;
	3274 : 00000000000000000000000000000000;
	3275 : 00000000000000000000000000000000;
	3276 : 00000000000000000000000000000000;
	3277 : 00000000000000000000000000000000;
	3278 : 00000000000000000000000000000000;
	3279 : 00000000000000000000000000000000;
	3280 : 00000000000000000000000000000000;
	3281 : 00000000000000000000000000000000;
	3282 : 00000000000000000000000000000000;
	3283 : 00000000000000000000000000000000;
	3284 : 00000000000000000000000000000000;
	3285 : 00000000000000000000000000000000;
	3286 : 00000000000000000000000000000000;
	3287 : 00000000000000000000000000000000;
	3288 : 00000000000000000000000000000000;
	3289 : 00000000000000000000000000000000;
	3290 : 00000000000000000000000000000000;
	3291 : 00000000000000000000000000000000;
	3292 : 00000000000000000000000000000000;
	3293 : 00000000000000000000000000000000;
	3294 : 00000000000000000000000000000000;
	3295 : 00000000000000000000000000000000;
	3296 : 00000000000000000000000000000000;
	3297 : 00000000000000000000000000000000;
	3298 : 00000000000000000000000000000000;
	3299 : 00000000000000000000000000000000;
	3300 : 00000000000000000000000000000000;
	3301 : 00000000000000000000000000000000;
	3302 : 00000000000000000000000000000000;
	3303 : 00000000000000000000000000000000;
	3304 : 00000000000000000000000000000000;
	3305 : 00000000000000000000000000000000;
	3306 : 00000000000000000000000000000000;
	3307 : 00000000000000000000000000000000;
	3308 : 00000000000000000000000000000000;
	3309 : 00000000000000000000000000000000;
	3310 : 00000000000000000000000000000000;
	3311 : 00000000000000000000000000000000;
	3312 : 00000000000000000000000000000000;
	3313 : 00000000000000000000000000000000;
	3314 : 00000000000000000000000000000000;
	3315 : 00000000000000000000000000000000;
	3316 : 00000000000000000000000000000000;
	3317 : 00000000000000000000000000000000;
	3318 : 00000000000000000000000000000000;
	3319 : 00000000000000000000000000000000;
	3320 : 00000000000000000000000000000000;
	3321 : 00000000000000000000000000000000;
	3322 : 00000000000000000000000000000000;
	3323 : 00000000000000000000000000000000;
	3324 : 00000000000000000000000000000000;
	3325 : 00000000000000000000000000000000;
	3326 : 00000000000000000000000000000000;
	3327 : 00000000000000000000000000000000;
	3328 : 00000000000000000000000000000000;
	3329 : 00000000000000000000000000000000;
	3330 : 00000000000000000000000000000000;
	3331 : 00000000000000000000000000000000;
	3332 : 00000000000000000000000000000000;
	3333 : 00000000000000000000000000000000;
	3334 : 00000000000000000000000000000000;
	3335 : 00000000000000000000000000000000;
	3336 : 00000000000000000000000000000000;
	3337 : 00000000000000000000000000000000;
	3338 : 00000000000000000000000000000000;
	3339 : 00000000000000000000000000000000;
	3340 : 00000000000000000000000000000000;
	3341 : 00000000000000000000000000000000;
	3342 : 00000000000000000000000000000000;
	3343 : 00000000000000000000000000000000;
	3344 : 00000000000000000000000000000000;
	3345 : 00000000000000000000000000000000;
	3346 : 00000000000000000000000000000000;
	3347 : 00000000000000000000000000000000;
	3348 : 00000000000000000000000000000000;
	3349 : 00000000000000000000000000000000;
	3350 : 00000000000000000000000000000000;
	3351 : 00000000000000000000000000000000;
	3352 : 00000000000000000000000000000000;
	3353 : 00000000000000000000000000000000;
	3354 : 00000000000000000000000000000000;
	3355 : 00000000000000000000000000000000;
	3356 : 00000000000000000000000000000000;
	3357 : 00000000000000000000000000000000;
	3358 : 00000000000000000000000000000000;
	3359 : 00000000000000000000000000000000;
	3360 : 00000000000000000000000000000000;
	3361 : 00000000000000000000000000000000;
	3362 : 00000000000000000000000000000000;
	3363 : 00000000000000000000000000000000;
	3364 : 00000000000000000000000000000000;
	3365 : 00000000000000000000000000000000;
	3366 : 00000000000000000000000000000000;
	3367 : 00000000000000000000000000000000;
	3368 : 00000000000000000000000000000000;
	3369 : 00000000000000000000000000000000;
	3370 : 00000000000000000000000000000000;
	3371 : 00000000000000000000000000000000;
	3372 : 00000000000000000000000000000000;
	3373 : 00000000000000000000000000000000;
	3374 : 00000000000000000000000000000000;
	3375 : 00000000000000000000000000000000;
	3376 : 00000000000000000000000000000000;
	3377 : 00000000000000000000000000000000;
	3378 : 00000000000000000000000000000000;
	3379 : 00000000000000000000000000000000;
	3380 : 00000000000000000000000000000000;
	3381 : 00000000000000000000000000000000;
	3382 : 00000000000000000000000000000000;
	3383 : 00000000000000000000000000000000;
	3384 : 00000000000000000000000000000000;
	3385 : 00000000000000000000000000000000;
	3386 : 00000000000000000000000000000000;
	3387 : 00000000000000000000000000000000;
	3388 : 00000000000000000000000000000000;
	3389 : 00000000000000000000000000000000;
	3390 : 00000000000000000000000000000000;
	3391 : 00000000000000000000000000000000;
	3392 : 00000000000000000000000000000000;
	3393 : 00000000000000000000000000000000;
	3394 : 00000000000000000000000000000000;
	3395 : 00000000000000000000000000000000;
	3396 : 00000000000000000000000000000000;
	3397 : 00000000000000000000000000000000;
	3398 : 00000000000000000000000000000000;
	3399 : 00000000000000000000000000000000;
	3400 : 00000000000000000000000000000000;
	3401 : 00000000000000000000000000000000;
	3402 : 00000000000000000000000000000000;
	3403 : 00000000000000000000000000000000;
	3404 : 00000000000000000000000000000000;
	3405 : 00000000000000000000000000000000;
	3406 : 00000000000000000000000000000000;
	3407 : 00000000000000000000000000000000;
	3408 : 00000000000000000000000000000000;
	3409 : 00000000000000000000000000000000;
	3410 : 00000000000000000000000000000000;
	3411 : 00000000000000000000000000000000;
	3412 : 00000000000000000000000000000000;
	3413 : 00000000000000000000000000000000;
	3414 : 00000000000000000000000000000000;
	3415 : 00000000000000000000000000000000;
	3416 : 00000000000000000000000000000000;
	3417 : 00000000000000000000000000000000;
	3418 : 00000000000000000000000000000000;
	3419 : 00000000000000000000000000000000;
	3420 : 00000000000000000000000000000000;
	3421 : 00000000000000000000000000000000;
	3422 : 00000000000000000000000000000000;
	3423 : 00000000000000000000000000000000;
	3424 : 00000000000000000000000000000000;
	3425 : 00000000000000000000000000000000;
	3426 : 00000000000000000000000000000000;
	3427 : 00000000000000000000000000000000;
	3428 : 00000000000000000000000000000000;
	3429 : 00000000000000000000000000000000;
	3430 : 00000000000000000000000000000000;
	3431 : 00000000000000000000000000000000;
	3432 : 00000000000000000000000000000000;
	3433 : 00000000000000000000000000000000;
	3434 : 00000000000000000000000000000000;
	3435 : 00000000000000000000000000000000;
	3436 : 00000000000000000000000000000000;
	3437 : 00000000000000000000000000000000;
	3438 : 00000000000000000000000000000000;
	3439 : 00000000000000000000000000000000;
	3440 : 00000000000000000000000000000000;
	3441 : 00000000000000000000000000000000;
	3442 : 00000000000000000000000000000000;
	3443 : 00000000000000000000000000000000;
	3444 : 00000000000000000000000000000000;
	3445 : 00000000000000000000000000000000;
	3446 : 00000000000000000000000000000000;
	3447 : 00000000000000000000000000000000;
	3448 : 00000000000000000000000000000000;
	3449 : 00000000000000000000000000000000;
	3450 : 00000000000000000000000000000000;
	3451 : 00000000000000000000000000000000;
	3452 : 00000000000000000000000000000000;
	3453 : 00000000000000000000000000000000;
	3454 : 00000000000000000000000000000000;
	3455 : 00000000000000000000000000000000;
	3456 : 00000000000000000000000000000000;
	3457 : 00000000000000000000000000000000;
	3458 : 00000000000000000000000000000000;
	3459 : 00000000000000000000000000000000;
	3460 : 00000000000000000000000000000000;
	3461 : 00000000000000000000000000000000;
	3462 : 00000000000000000000000000000000;
	3463 : 00000000000000000000000000000000;
	3464 : 00000000000000000000000000000000;
	3465 : 00000000000000000000000000000000;
	3466 : 00000000000000000000000000000000;
	3467 : 00000000000000000000000000000000;
	3468 : 00000000000000000000000000000000;
	3469 : 00000000000000000000000000000000;
	3470 : 00000000000000000000000000000000;
	3471 : 00000000000000000000000000000000;
	3472 : 00000000000000000000000000000000;
	3473 : 00000000000000000000000000000000;
	3474 : 00000000000000000000000000000000;
	3475 : 00000000000000000000000000000000;
	3476 : 00000000000000000000000000000000;
	3477 : 00000000000000000000000000000000;
	3478 : 00000000000000000000000000000000;
	3479 : 00000000000000000000000000000000;
	3480 : 00000000000000000000000000000000;
	3481 : 00000000000000000000000000000000;
	3482 : 00000000000000000000000000000000;
	3483 : 00000000000000000000000000000000;
	3484 : 00000000000000000000000000000000;
	3485 : 00000000000000000000000000000000;
	3486 : 00000000000000000000000000000000;
	3487 : 00000000000000000000000000000000;
	3488 : 00000000000000000000000000000000;
	3489 : 00000000000000000000000000000000;
	3490 : 00000000000000000000000000000000;
	3491 : 00000000000000000000000000000000;
	3492 : 00000000000000000000000000000000;
	3493 : 00000000000000000000000000000000;
	3494 : 00000000000000000000000000000000;
	3495 : 00000000000000000000000000000000;
	3496 : 00000000000000000000000000000000;
	3497 : 00000000000000000000000000000000;
	3498 : 00000000000000000000000000000000;
	3499 : 00000000000000000000000000000000;
	3500 : 00000000000000000000000000000000;
	3501 : 00000000000000000000000000000000;
	3502 : 00000000000000000000000000000000;
	3503 : 00000000000000000000000000000000;
	3504 : 00000000000000000000000000000000;
	3505 : 00000000000000000000000000000000;
	3506 : 00000000000000000000000000000000;
	3507 : 00000000000000000000000000000000;
	3508 : 00000000000000000000000000000000;
	3509 : 00000000000000000000000000000000;
	3510 : 00000000000000000000000000000000;
	3511 : 00000000000000000000000000000000;
	3512 : 00000000000000000000000000000000;
	3513 : 00000000000000000000000000000000;
	3514 : 00000000000000000000000000000000;
	3515 : 00000000000000000000000000000000;
	3516 : 00000000000000000000000000000000;
	3517 : 00000000000000000000000000000000;
	3518 : 00000000000000000000000000000000;
	3519 : 00000000000000000000000000000000;
	3520 : 00000000000000000000000000000000;
	3521 : 00000000000000000000000000000000;
	3522 : 00000000000000000000000000000000;
	3523 : 00000000000000000000000000000000;
	3524 : 00000000000000000000000000000000;
	3525 : 00000000000000000000000000000000;
	3526 : 00000000000000000000000000000000;
	3527 : 00000000000000000000000000000000;
	3528 : 00000000000000000000000000000000;
	3529 : 00000000000000000000000000000000;
	3530 : 00000000000000000000000000000000;
	3531 : 00000000000000000000000000000000;
	3532 : 00000000000000000000000000000000;
	3533 : 00000000000000000000000000000000;
	3534 : 00000000000000000000000000000000;
	3535 : 00000000000000000000000000000000;
	3536 : 00000000000000000000000000000000;
	3537 : 00000000000000000000000000000000;
	3538 : 00000000000000000000000000000000;
	3539 : 00000000000000000000000000000000;
	3540 : 00000000000000000000000000000000;
	3541 : 00000000000000000000000000000000;
	3542 : 00000000000000000000000000000000;
	3543 : 00000000000000000000000000000000;
	3544 : 00000000000000000000000000000000;
	3545 : 00000000000000000000000000000000;
	3546 : 00000000000000000000000000000000;
	3547 : 00000000000000000000000000000000;
	3548 : 00000000000000000000000000000000;
	3549 : 00000000000000000000000000000000;
	3550 : 00000000000000000000000000000000;
	3551 : 00000000000000000000000000000000;
	3552 : 00000000000000000000000000000000;
	3553 : 00000000000000000000000000000000;
	3554 : 00000000000000000000000000000000;
	3555 : 00000000000000000000000000000000;
	3556 : 00000000000000000000000000000000;
	3557 : 00000000000000000000000000000000;
	3558 : 00000000000000000000000000000000;
	3559 : 00000000000000000000000000000000;
	3560 : 00000000000000000000000000000000;
	3561 : 00000000000000000000000000000000;
	3562 : 00000000000000000000000000000000;
	3563 : 00000000000000000000000000000000;
	3564 : 00000000000000000000000000000000;
	3565 : 00000000000000000000000000000000;
	3566 : 00000000000000000000000000000000;
	3567 : 00000000000000000000000000000000;
	3568 : 00000000000000000000000000000000;
	3569 : 00000000000000000000000000000000;
	3570 : 00000000000000000000000000000000;
	3571 : 00000000000000000000000000000000;
	3572 : 00000000000000000000000000000000;
	3573 : 00000000000000000000000000000000;
	3574 : 00000000000000000000000000000000;
	3575 : 00000000000000000000000000000000;
	3576 : 00000000000000000000000000000000;
	3577 : 00000000000000000000000000000000;
	3578 : 00000000000000000000000000000000;
	3579 : 00000000000000000000000000000000;
	3580 : 00000000000000000000000000000000;
	3581 : 00000000000000000000000000000000;
	3582 : 00000000000000000000000000000000;
	3583 : 00000000000000000000000000000000;
	3584 : 00000000000000000000000000000000;
	3585 : 00000000000000000000000000000000;
	3586 : 00000000000000000000000000000000;
	3587 : 00000000000000000000000000000000;
	3588 : 00000000000000000000000000000000;
	3589 : 00000000000000000000000000000000;
	3590 : 00000000000000000000000000000000;
	3591 : 00000000000000000000000000000000;
	3592 : 00000000000000000000000000000000;
	3593 : 00000000000000000000000000000000;
	3594 : 00000000000000000000000000000000;
	3595 : 00000000000000000000000000000000;
	3596 : 00000000000000000000000000000000;
	3597 : 00000000000000000000000000000000;
	3598 : 00000000000000000000000000000000;
	3599 : 00000000000000000000000000000000;
	3600 : 00000000000000000000000000000000;
	3601 : 00000000000000000000000000000000;
	3602 : 00000000000000000000000000000000;
	3603 : 00000000000000000000000000000000;
	3604 : 00000000000000000000000000000000;
	3605 : 00000000000000000000000000000000;
	3606 : 00000000000000000000000000000000;
	3607 : 00000000000000000000000000000000;
	3608 : 00000000000000000000000000000000;
	3609 : 00000000000000000000000000000000;
	3610 : 00000000000000000000000000000000;
	3611 : 00000000000000000000000000000000;
	3612 : 00000000000000000000000000000000;
	3613 : 00000000000000000000000000000000;
	3614 : 00000000000000000000000000000000;
	3615 : 00000000000000000000000000000000;
	3616 : 00000000000000000000000000000000;
	3617 : 00000000000000000000000000000000;
	3618 : 00000000000000000000000000000000;
	3619 : 00000000000000000000000000000000;
	3620 : 00000000000000000000000000000000;
	3621 : 00000000000000000000000000000000;
	3622 : 00000000000000000000000000000000;
	3623 : 00000000000000000000000000000000;
	3624 : 00000000000000000000000000000000;
	3625 : 00000000000000000000000000000000;
	3626 : 00000000000000000000000000000000;
	3627 : 00000000000000000000000000000000;
	3628 : 00000000000000000000000000000000;
	3629 : 00000000000000000000000000000000;
	3630 : 00000000000000000000000000000000;
	3631 : 00000000000000000000000000000000;
	3632 : 00000000000000000000000000000000;
	3633 : 00000000000000000000000000000000;
	3634 : 00000000000000000000000000000000;
	3635 : 00000000000000000000000000000000;
	3636 : 00000000000000000000000000000000;
	3637 : 00000000000000000000000000000000;
	3638 : 00000000000000000000000000000000;
	3639 : 00000000000000000000000000000000;
	3640 : 00000000000000000000000000000000;
	3641 : 00000000000000000000000000000000;
	3642 : 00000000000000000000000000000000;
	3643 : 00000000000000000000000000000000;
	3644 : 00000000000000000000000000000000;
	3645 : 00000000000000000000000000000000;
	3646 : 00000000000000000000000000000000;
	3647 : 00000000000000000000000000000000;
	3648 : 00000000000000000000000000000000;
	3649 : 00000000000000000000000000000000;
	3650 : 00000000000000000000000000000000;
	3651 : 00000000000000000000000000000000;
	3652 : 00000000000000000000000000000000;
	3653 : 00000000000000000000000000000000;
	3654 : 00000000000000000000000000000000;
	3655 : 00000000000000000000000000000000;
	3656 : 00000000000000000000000000000000;
	3657 : 00000000000000000000000000000000;
	3658 : 00000000000000000000000000000000;
	3659 : 00000000000000000000000000000000;
	3660 : 00000000000000000000000000000000;
	3661 : 00000000000000000000000000000000;
	3662 : 00000000000000000000000000000000;
	3663 : 00000000000000000000000000000000;
	3664 : 00000000000000000000000000000000;
	3665 : 00000000000000000000000000000000;
	3666 : 00000000000000000000000000000000;
	3667 : 00000000000000000000000000000000;
	3668 : 00000000000000000000000000000000;
	3669 : 00000000000000000000000000000000;
	3670 : 00000000000000000000000000000000;
	3671 : 00000000000000000000000000000000;
	3672 : 00000000000000000000000000000000;
	3673 : 00000000000000000000000000000000;
	3674 : 00000000000000000000000000000000;
	3675 : 00000000000000000000000000000000;
	3676 : 00000000000000000000000000000000;
	3677 : 00000000000000000000000000000000;
	3678 : 00000000000000000000000000000000;
	3679 : 00000000000000000000000000000000;
	3680 : 00000000000000000000000000000000;
	3681 : 00000000000000000000000000000000;
	3682 : 00000000000000000000000000000000;
	3683 : 00000000000000000000000000000000;
	3684 : 00000000000000000000000000000000;
	3685 : 00000000000000000000000000000000;
	3686 : 00000000000000000000000000000000;
	3687 : 00000000000000000000000000000000;
	3688 : 00000000000000000000000000000000;
	3689 : 00000000000000000000000000000000;
	3690 : 00000000000000000000000000000000;
	3691 : 00000000000000000000000000000000;
	3692 : 00000000000000000000000000000000;
	3693 : 00000000000000000000000000000000;
	3694 : 00000000000000000000000000000000;
	3695 : 00000000000000000000000000000000;
	3696 : 00000000000000000000000000000000;
	3697 : 00000000000000000000000000000000;
	3698 : 00000000000000000000000000000000;
	3699 : 00000000000000000000000000000000;
	3700 : 00000000000000000000000000000000;
	3701 : 00000000000000000000000000000000;
	3702 : 00000000000000000000000000000000;
	3703 : 00000000000000000000000000000000;
	3704 : 00000000000000000000000000000000;
	3705 : 00000000000000000000000000000000;
	3706 : 00000000000000000000000000000000;
	3707 : 00000000000000000000000000000000;
	3708 : 00000000000000000000000000000000;
	3709 : 00000000000000000000000000000000;
	3710 : 00000000000000000000000000000000;
	3711 : 00000000000000000000000000000000;
	3712 : 00000000000000000000000000000000;
	3713 : 00000000000000000000000000000000;
	3714 : 00000000000000000000000000000000;
	3715 : 00000000000000000000000000000000;
	3716 : 00000000000000000000000000000000;
	3717 : 00000000000000000000000000000000;
	3718 : 00000000000000000000000000000000;
	3719 : 00000000000000000000000000000000;
	3720 : 00000000000000000000000000000000;
	3721 : 00000000000000000000000000000000;
	3722 : 00000000000000000000000000000000;
	3723 : 00000000000000000000000000000000;
	3724 : 00000000000000000000000000000000;
	3725 : 00000000000000000000000000000000;
	3726 : 00000000000000000000000000000000;
	3727 : 00000000000000000000000000000000;
	3728 : 00000000000000000000000000000000;
	3729 : 00000000000000000000000000000000;
	3730 : 00000000000000000000000000000000;
	3731 : 00000000000000000000000000000000;
	3732 : 00000000000000000000000000000000;
	3733 : 00000000000000000000000000000000;
	3734 : 00000000000000000000000000000000;
	3735 : 00000000000000000000000000000000;
	3736 : 00000000000000000000000000000000;
	3737 : 00000000000000000000000000000000;
	3738 : 00000000000000000000000000000000;
	3739 : 00000000000000000000000000000000;
	3740 : 00000000000000000000000000000000;
	3741 : 00000000000000000000000000000000;
	3742 : 00000000000000000000000000000000;
	3743 : 00000000000000000000000000000000;
	3744 : 00000000000000000000000000000000;
	3745 : 00000000000000000000000000000000;
	3746 : 00000000000000000000000000000000;
	3747 : 00000000000000000000000000000000;
	3748 : 00000000000000000000000000000000;
	3749 : 00000000000000000000000000000000;
	3750 : 00000000000000000000000000000000;
	3751 : 00000000000000000000000000000000;
	3752 : 00000000000000000000000000000000;
	3753 : 00000000000000000000000000000000;
	3754 : 00000000000000000000000000000000;
	3755 : 00000000000000000000000000000000;
	3756 : 00000000000000000000000000000000;
	3757 : 00000000000000000000000000000000;
	3758 : 00000000000000000000000000000000;
	3759 : 00000000000000000000000000000000;
	3760 : 00000000000000000000000000000000;
	3761 : 00000000000000000000000000000000;
	3762 : 00000000000000000000000000000000;
	3763 : 00000000000000000000000000000000;
	3764 : 00000000000000000000000000000000;
	3765 : 00000000000000000000000000000000;
	3766 : 00000000000000000000000000000000;
	3767 : 00000000000000000000000000000000;
	3768 : 00000000000000000000000000000000;
	3769 : 00000000000000000000000000000000;
	3770 : 00000000000000000000000000000000;
	3771 : 00000000000000000000000000000000;
	3772 : 00000000000000000000000000000000;
	3773 : 00000000000000000000000000000000;
	3774 : 00000000000000000000000000000000;
	3775 : 00000000000000000000000000000000;
	3776 : 00000000000000000000000000000000;
	3777 : 00000000000000000000000000000000;
	3778 : 00000000000000000000000000000000;
	3779 : 00000000000000000000000000000000;
	3780 : 00000000000000000000000000000000;
	3781 : 00000000000000000000000000000000;
	3782 : 00000000000000000000000000000000;
	3783 : 00000000000000000000000000000000;
	3784 : 00000000000000000000000000000000;
	3785 : 00000000000000000000000000000000;
	3786 : 00000000000000000000000000000000;
	3787 : 00000000000000000000000000000000;
	3788 : 00000000000000000000000000000000;
	3789 : 00000000000000000000000000000000;
	3790 : 00000000000000000000000000000000;
	3791 : 00000000000000000000000000000000;
	3792 : 00000000000000000000000000000000;
	3793 : 00000000000000000000000000000000;
	3794 : 00000000000000000000000000000000;
	3795 : 00000000000000000000000000000000;
	3796 : 00000000000000000000000000000000;
	3797 : 00000000000000000000000000000000;
	3798 : 00000000000000000000000000000000;
	3799 : 00000000000000000000000000000000;
	3800 : 00000000000000000000000000000000;
	3801 : 00000000000000000000000000000000;
	3802 : 00000000000000000000000000000000;
	3803 : 00000000000000000000000000000000;
	3804 : 00000000000000000000000000000000;
	3805 : 00000000000000000000000000000000;
	3806 : 00000000000000000000000000000000;
	3807 : 00000000000000000000000000000000;
	3808 : 00000000000000000000000000000000;
	3809 : 00000000000000000000000000000000;
	3810 : 00000000000000000000000000000000;
	3811 : 00000000000000000000000000000000;
	3812 : 00000000000000000000000000000000;
	3813 : 00000000000000000000000000000000;
	3814 : 00000000000000000000000000000000;
	3815 : 00000000000000000000000000000000;
	3816 : 00000000000000000000000000000000;
	3817 : 00000000000000000000000000000000;
	3818 : 00000000000000000000000000000000;
	3819 : 00000000000000000000000000000000;
	3820 : 00000000000000000000000000000000;
	3821 : 00000000000000000000000000000000;
	3822 : 00000000000000000000000000000000;
	3823 : 00000000000000000000000000000000;
	3824 : 00000000000000000000000000000000;
	3825 : 00000000000000000000000000000000;
	3826 : 00000000000000000000000000000000;
	3827 : 00000000000000000000000000000000;
	3828 : 00000000000000000000000000000000;
	3829 : 00000000000000000000000000000000;
	3830 : 00000000000000000000000000000000;
	3831 : 00000000000000000000000000000000;
	3832 : 00000000000000000000000000000000;
	3833 : 00000000000000000000000000000000;
	3834 : 00000000000000000000000000000000;
	3835 : 00000000000000000000000000000000;
	3836 : 00000000000000000000000000000000;
	3837 : 00000000000000000000000000000000;
	3838 : 00000000000000000000000000000000;
	3839 : 00000000000000000000000000000000;
	3840 : 00000000000000000000000000000000;
	3841 : 00000000000000000000000000000000;
	3842 : 00000000000000000000000000000000;
	3843 : 00000000000000000000000000000000;
	3844 : 00000000000000000000000000000000;
	3845 : 00000000000000000000000000000000;
	3846 : 00000000000000000000000000000000;
	3847 : 00000000000000000000000000000000;
	3848 : 00000000000000000000000000000000;
	3849 : 00000000000000000000000000000000;
	3850 : 00000000000000000000000000000000;
	3851 : 00000000000000000000000000000000;
	3852 : 00000000000000000000000000000000;
	3853 : 00000000000000000000000000000000;
	3854 : 00000000000000000000000000000000;
	3855 : 00000000000000000000000000000000;
	3856 : 00000000000000000000000000000000;
	3857 : 00000000000000000000000000000000;
	3858 : 00000000000000000000000000000000;
	3859 : 00000000000000000000000000000000;
	3860 : 00000000000000000000000000000000;
	3861 : 00000000000000000000000000000000;
	3862 : 00000000000000000000000000000000;
	3863 : 00000000000000000000000000000000;
	3864 : 00000000000000000000000000000000;
	3865 : 00000000000000000000000000000000;
	3866 : 00000000000000000000000000000000;
	3867 : 00000000000000000000000000000000;
	3868 : 00000000000000000000000000000000;
	3869 : 00000000000000000000000000000000;
	3870 : 00000000000000000000000000000000;
	3871 : 00000000000000000000000000000000;
	3872 : 00000000000000000000000000000000;
	3873 : 00000000000000000000000000000000;
	3874 : 00000000000000000000000000000000;
	3875 : 00000000000000000000000000000000;
	3876 : 00000000000000000000000000000000;
	3877 : 00000000000000000000000000000000;
	3878 : 00000000000000000000000000000000;
	3879 : 00000000000000000000000000000000;
	3880 : 00000000000000000000000000000000;
	3881 : 00000000000000000000000000000000;
	3882 : 00000000000000000000000000000000;
	3883 : 00000000000000000000000000000000;
	3884 : 00000000000000000000000000000000;
	3885 : 00000000000000000000000000000000;
	3886 : 00000000000000000000000000000000;
	3887 : 00000000000000000000000000000000;
	3888 : 00000000000000000000000000000000;
	3889 : 00000000000000000000000000000000;
	3890 : 00000000000000000000000000000000;
	3891 : 00000000000000000000000000000000;
	3892 : 00000000000000000000000000000000;
	3893 : 00000000000000000000000000000000;
	3894 : 00000000000000000000000000000000;
	3895 : 00000000000000000000000000000000;
	3896 : 00000000000000000000000000000000;
	3897 : 00000000000000000000000000000000;
	3898 : 00000000000000000000000000000000;
	3899 : 00000000000000000000000000000000;
	3900 : 00000000000000000000000000000000;
	3901 : 00000000000000000000000000000000;
	3902 : 00000000000000000000000000000000;
	3903 : 00000000000000000000000000000000;
	3904 : 00000000000000000000000000000000;
	3905 : 00000000000000000000000000000000;
	3906 : 00000000000000000000000000000000;
	3907 : 00000000000000000000000000000000;
	3908 : 00000000000000000000000000000000;
	3909 : 00000000000000000000000000000000;
	3910 : 00000000000000000000000000000000;
	3911 : 00000000000000000000000000000000;
	3912 : 00000000000000000000000000000000;
	3913 : 00000000000000000000000000000000;
	3914 : 00000000000000000000000000000000;
	3915 : 00000000000000000000000000000000;
	3916 : 00000000000000000000000000000000;
	3917 : 00000000000000000000000000000000;
	3918 : 00000000000000000000000000000000;
	3919 : 00000000000000000000000000000000;
	3920 : 00000000000000000000000000000000;
	3921 : 00000000000000000000000000000000;
	3922 : 00000000000000000000000000000000;
	3923 : 00000000000000000000000000000000;
	3924 : 00000000000000000000000000000000;
	3925 : 00000000000000000000000000000000;
	3926 : 00000000000000000000000000000000;
	3927 : 00000000000000000000000000000000;
	3928 : 00000000000000000000000000000000;
	3929 : 00000000000000000000000000000000;
	3930 : 00000000000000000000000000000000;
	3931 : 00000000000000000000000000000000;
	3932 : 00000000000000000000000000000000;
	3933 : 00000000000000000000000000000000;
	3934 : 00000000000000000000000000000000;
	3935 : 00000000000000000000000000000000;
	3936 : 00000000000000000000000000000000;
	3937 : 00000000000000000000000000000000;
	3938 : 00000000000000000000000000000000;
	3939 : 00000000000000000000000000000000;
	3940 : 00000000000000000000000000000000;
	3941 : 00000000000000000000000000000000;
	3942 : 00000000000000000000000000000000;
	3943 : 00000000000000000000000000000000;
	3944 : 00000000000000000000000000000000;
	3945 : 00000000000000000000000000000000;
	3946 : 00000000000000000000000000000000;
	3947 : 00000000000000000000000000000000;
	3948 : 00000000000000000000000000000000;
	3949 : 00000000000000000000000000000000;
	3950 : 00000000000000000000000000000000;
	3951 : 00000000000000000000000000000000;
	3952 : 00000000000000000000000000000000;
	3953 : 00000000000000000000000000000000;
	3954 : 00000000000000000000000000000000;
	3955 : 00000000000000000000000000000000;
	3956 : 00000000000000000000000000000000;
	3957 : 00000000000000000000000000000000;
	3958 : 00000000000000000000000000000000;
	3959 : 00000000000000000000000000000000;
	3960 : 00000000000000000000000000000000;
	3961 : 00000000000000000000000000000000;
	3962 : 00000000000000000000000000000000;
	3963 : 00000000000000000000000000000000;
	3964 : 00000000000000000000000000000000;
	3965 : 00000000000000000000000000000000;
	3966 : 00000000000000000000000000000000;
	3967 : 00000000000000000000000000000000;
	3968 : 00000000000000000000000000000000;
	3969 : 00000000000000000000000000000000;
	3970 : 00000000000000000000000000000000;
	3971 : 00000000000000000000000000000000;
	3972 : 00000000000000000000000000000000;
	3973 : 00000000000000000000000000000000;
	3974 : 00000000000000000000000000000000;
	3975 : 00000000000000000000000000000000;
	3976 : 00000000000000000000000000000000;
	3977 : 00000000000000000000000000000000;
	3978 : 00000000000000000000000000000000;
	3979 : 00000000000000000000000000000000;
	3980 : 00000000000000000000000000000000;
	3981 : 00000000000000000000000000000000;
	3982 : 00000000000000000000000000000000;
	3983 : 00000000000000000000000000000000;
	3984 : 00000000000000000000000000000000;
	3985 : 00000000000000000000000000000000;
	3986 : 00000000000000000000000000000000;
	3987 : 00000000000000000000000000000000;
	3988 : 00000000000000000000000000000000;
	3989 : 00000000000000000000000000000000;
	3990 : 00000000000000000000000000000000;
	3991 : 00000000000000000000000000000000;
	3992 : 00000000000000000000000000000000;
	3993 : 00000000000000000000000000000000;
	3994 : 00000000000000000000000000000000;
	3995 : 00000000000000000000000000000000;
	3996 : 00000000000000000000000000000000;
	3997 : 00000000000000000000000000000000;
	3998 : 00000000000000000000000000000000;
	3999 : 00000000000000000000000000000000;
	4000 : 00000000000000000000000000000000;
	4001 : 00000000000000000000000000000000;
	4002 : 00000000000000000000000000000000;
	4003 : 00000000000000000000000000000000;
	4004 : 00000000000000000000000000000000;
	4005 : 00000000000000000000000000000000;
	4006 : 00000000000000000000000000000000;
	4007 : 00000000000000000000000000000000;
	4008 : 00000000000000000000000000000000;
	4009 : 00000000000000000000000000000000;
	4010 : 00000000000000000000000000000000;
	4011 : 00000000000000000000000000000000;
	4012 : 00000000000000000000000000000000;
	4013 : 00000000000000000000000000000000;
	4014 : 00000000000000000000000000000000;
	4015 : 00000000000000000000000000000000;
	4016 : 00000000000000000000000000000000;
	4017 : 00000000000000000000000000000000;
	4018 : 00000000000000000000000000000000;
	4019 : 00000000000000000000000000000000;
	4020 : 00000000000000000000000000000000;
	4021 : 00000000000000000000000000000000;
	4022 : 00000000000000000000000000000000;
	4023 : 00000000000000000000000000000000;
	4024 : 00000000000000000000000000000000;
	4025 : 00000000000000000000000000000000;
	4026 : 00000000000000000000000000000000;
	4027 : 00000000000000000000000000000000;
	4028 : 00000000000000000000000000000000;
	4029 : 00000000000000000000000000000000;
	4030 : 00000000000000000000000000000000;
	4031 : 00000000000000000000000000000000;
	4032 : 00000000000000000000000000000000;
	4033 : 00000000000000000000000000000000;
	4034 : 00000000000000000000000000000000;
	4035 : 00000000000000000000000000000000;
	4036 : 00000000000000000000000000000000;
	4037 : 00000000000000000000000000000000;
	4038 : 00000000000000000000000000000000;
	4039 : 00000000000000000000000000000000;
	4040 : 00000000000000000000000000000000;
	4041 : 00000000000000000000000000000000;
	4042 : 00000000000000000000000000000000;
	4043 : 00000000000000000000000000000000;
	4044 : 00000000000000000000000000000000;
	4045 : 00000000000000000000000000000000;
	4046 : 00000000000000000000000000000000;
	4047 : 00000000000000000000000000000000;
	4048 : 00000000000000000000000000000000;
	4049 : 00000000000000000000000000000000;
	4050 : 00000000000000000000000000000000;
	4051 : 00000000000000000000000000000000;
	4052 : 00000000000000000000000000000000;
	4053 : 00000000000000000000000000000000;
	4054 : 00000000000000000000000000000000;
	4055 : 00000000000000000000000000000000;
	4056 : 00000000000000000000000000000000;
	4057 : 00000000000000000000000000000000;
	4058 : 00000000000000000000000000000000;
	4059 : 00000000000000000000000000000000;
	4060 : 00000000000000000000000000000000;
	4061 : 00000000000000000000000000000000;
	4062 : 00000000000000000000000000000000;
	4063 : 00000000000000000000000000000000;
	4064 : 00000000000000000000000000000000;
	4065 : 00000000000000000000000000000000;
	4066 : 00000000000000000000000000000000;
	4067 : 00000000000000000000000000000000;
	4068 : 00000000000000000000000000000000;
	4069 : 00000000000000000000000000000000;
	4070 : 00000000000000000000000000000000;
	4071 : 00000000000000000000000000000000;
	4072 : 00000000000000000000000000000000;
	4073 : 00000000000000000000000000000000;
	4074 : 00000000000000000000000000000000;
	4075 : 00000000000000000000000000000000;
	4076 : 00000000000000000000000000000000;
	4077 : 00000000000000000000000000000000;
	4078 : 00000000000000000000000000000000;
	4079 : 00000000000000000000000000000000;
	4080 : 00000000000000000000000000000000;
	4081 : 00000000000000000000000000000000;
	4082 : 00000000000000000000000000000000;
	4083 : 00000000000000000000000000000000;
	4084 : 00000000000000000000000000000000;
	4085 : 00000000000000000000000000000000;
	4086 : 00000000000000000000000000000000;
	4087 : 00000000000000000000000000000000;
	4088 : 00000000000000000000000000000000;
	4089 : 00000000000000000000000000000000;
	4090 : 00000000000000000000000000000000;
	4091 : 00000000000000000000000000000000;
	4092 : 00000000000000000000000000000000;
	4093 : 00000000000000000000000000000000;
	4094 : 00000000000000000000000000000000;
	4095 : 00000000000000000000000000000000;
END;
