Analysis & Synthesis report for kyber-neorv32
Tue Aug 25 18:45:18 2026
Quartus Prime Version 20.1.1 Build 720 11/11/2020 SJ Lite Edition


---------------------
; Table of Contents ;
---------------------
  1. Legal Notice
  2. Analysis & Synthesis Summary
  3. Analysis & Synthesis Settings
  4. Parallel Compilation
  5. Analysis & Synthesis Source Files Read
  6. Analysis & Synthesis Resource Usage Summary
  7. Analysis & Synthesis Resource Utilization by Entity
  8. Analysis & Synthesis RAM Summary
  9. State Machine - |kyber_neorv32_top|neorv32_top:softcore|neorv32_bus_switch:\core_complex_gen:0:neorv32_core_bus_switch_inst|state
 10. State Machine - |kyber_neorv32_top|neorv32_top:softcore|neorv32_cpu:\core_complex_gen:0:neorv32_cpu_inst|neorv32_cpu_alu:neorv32_cpu_alu_inst|neorv32_cpu_alu_crypto:\neorv32_cpu_alu_crypto_enabled:neorv32_cpu_alu_crypto_inst|state
 11. State Machine - |kyber_neorv32_top|neorv32_top:softcore|neorv32_cpu:\core_complex_gen:0:neorv32_cpu_inst|neorv32_cpu_alu:neorv32_cpu_alu_inst|neorv32_cpu_alu_bitmanip:\neorv32_cpu_alu_bitmanip_enabled:neorv32_cpu_alu_bitmanip_inst|ctrl_state
 12. State Machine - |kyber_neorv32_top|neorv32_top:softcore|neorv32_cpu:\core_complex_gen:0:neorv32_cpu_inst|neorv32_cpu_alu:neorv32_cpu_alu_inst|neorv32_cpu_alu_muldiv:\neorv32_cpu_alu_muldiv_enabled:neorv32_cpu_alu_muldiv_inst|ctrl.state
 13. State Machine - |kyber_neorv32_top|neorv32_top:softcore|neorv32_cpu:\core_complex_gen:0:neorv32_cpu_inst|neorv32_cpu_control:neorv32_cpu_control_inst|exec.state
 14. State Machine - |kyber_neorv32_top|neorv32_top:softcore|neorv32_cpu:\core_complex_gen:0:neorv32_cpu_inst|neorv32_cpu_frontend:neorv32_cpu_frontend_inst|fetch.state
 15. Registers Removed During Synthesis
 16. Removed Registers Triggering Further Register Optimizations
 17. General Register Statistics
 18. Inverted Register Statistics
 19. Registers Packed Into Inferred Megafunctions
 20. Multiplexer Restructuring Statistics (Restructuring Performed)
 21. Source assignments for neorv32_top:softcore|neorv32_dmem:\memory_system:neorv32_dmem_enabled:neorv32_dmem_inst|neorv32_dmem_ram:dmem_ram_inst|neorv32_prim_spram:\ram_gen:3:ram_inst|altsyncram:spram_rtl_0|altsyncram_c6q1:auto_generated
 22. Source assignments for neorv32_top:softcore|neorv32_dmem:\memory_system:neorv32_dmem_enabled:neorv32_dmem_inst|neorv32_dmem_ram:dmem_ram_inst|neorv32_prim_spram:\ram_gen:2:ram_inst|altsyncram:spram_rtl_0|altsyncram_c6q1:auto_generated
 23. Source assignments for neorv32_top:softcore|neorv32_dmem:\memory_system:neorv32_dmem_enabled:neorv32_dmem_inst|neorv32_dmem_ram:dmem_ram_inst|neorv32_prim_spram:\ram_gen:1:ram_inst|altsyncram:spram_rtl_0|altsyncram_c6q1:auto_generated
 24. Source assignments for neorv32_top:softcore|neorv32_dmem:\memory_system:neorv32_dmem_enabled:neorv32_dmem_inst|neorv32_dmem_ram:dmem_ram_inst|neorv32_prim_spram:\ram_gen:0:ram_inst|altsyncram:spram_rtl_0|altsyncram_c6q1:auto_generated
 25. Source assignments for neorv32_top:softcore|neorv32_cpu:\core_complex_gen:0:neorv32_cpu_inst|neorv32_cpu_regfile:neorv32_cpu_regfile_inst|altsyncram:regfile_rtl_0|altsyncram_u2n1:auto_generated
 26. Source assignments for neorv32_top:softcore|neorv32_cpu:\core_complex_gen:0:neorv32_cpu_inst|neorv32_cpu_regfile:neorv32_cpu_regfile_inst|altsyncram:regfile_rtl_1|altsyncram_u2n1:auto_generated
 27. Source assignments for neorv32_top:softcore|neorv32_imem:\memory_system:neorv32_imem_enabled:neorv32_imem_inst|neorv32_imem_rom:\imem_rom:imem_rom_inst|altsyncram:Mux27_rtl_0|altsyncram_q581:auto_generated
 28. Source assignments for neorv32_top:softcore|neorv32_cpu:\core_complex_gen:0:neorv32_cpu_inst|neorv32_cpu_alu:neorv32_cpu_alu_inst|neorv32_cpu_alu_crypto:\neorv32_cpu_alu_crypto_enabled:neorv32_cpu_alu_crypto_inst|altsyncram:Mux104_rtl_0|altsyncram_9971:auto_generated
 29. Parameter Settings for User Entity Instance: neorv32_top:softcore
 30. Parameter Settings for User Entity Instance: neorv32_top:softcore|neorv32_cpu:\core_complex_gen:0:neorv32_cpu_inst
 31. Parameter Settings for User Entity Instance: neorv32_top:softcore|neorv32_cpu:\core_complex_gen:0:neorv32_cpu_inst|neorv32_cpu_frontend:neorv32_cpu_frontend_inst
 32. Parameter Settings for User Entity Instance: neorv32_top:softcore|neorv32_cpu:\core_complex_gen:0:neorv32_cpu_inst|neorv32_cpu_frontend:neorv32_cpu_frontend_inst|neorv32_cpu_frontend_ipb:\prefetch_buffer:0:ipb_inst
 33. Parameter Settings for User Entity Instance: neorv32_top:softcore|neorv32_cpu:\core_complex_gen:0:neorv32_cpu_inst|neorv32_cpu_frontend:neorv32_cpu_frontend_inst|neorv32_cpu_frontend_ipb:\prefetch_buffer:1:ipb_inst
 34. Parameter Settings for User Entity Instance: neorv32_top:softcore|neorv32_cpu:\core_complex_gen:0:neorv32_cpu_inst|neorv32_cpu_frontend:neorv32_cpu_frontend_inst|neorv32_cpu_decompressor:\issue_enabled:neorv32_cpu_decompressor_inst
 35. Parameter Settings for User Entity Instance: neorv32_top:softcore|neorv32_cpu:\core_complex_gen:0:neorv32_cpu_inst|neorv32_cpu_control:neorv32_cpu_control_inst
 36. Parameter Settings for User Entity Instance: neorv32_top:softcore|neorv32_cpu:\core_complex_gen:0:neorv32_cpu_inst|neorv32_cpu_regfile:neorv32_cpu_regfile_inst
 37. Parameter Settings for User Entity Instance: neorv32_top:softcore|neorv32_cpu:\core_complex_gen:0:neorv32_cpu_inst|neorv32_cpu_alu:neorv32_cpu_alu_inst
 38. Parameter Settings for User Entity Instance: neorv32_top:softcore|neorv32_cpu:\core_complex_gen:0:neorv32_cpu_inst|neorv32_cpu_alu:neorv32_cpu_alu_inst|neorv32_cpu_alu_shifter:neorv32_cpu_alu_shifter_inst
 39. Parameter Settings for User Entity Instance: neorv32_top:softcore|neorv32_cpu:\core_complex_gen:0:neorv32_cpu_inst|neorv32_cpu_alu:neorv32_cpu_alu_inst|neorv32_cpu_alu_muldiv:\neorv32_cpu_alu_muldiv_enabled:neorv32_cpu_alu_muldiv_inst
 40. Parameter Settings for User Entity Instance: neorv32_top:softcore|neorv32_cpu:\core_complex_gen:0:neorv32_cpu_inst|neorv32_cpu_alu:neorv32_cpu_alu_inst|neorv32_cpu_alu_bitmanip:\neorv32_cpu_alu_bitmanip_enabled:neorv32_cpu_alu_bitmanip_inst
 41. Parameter Settings for User Entity Instance: neorv32_top:softcore|neorv32_cpu:\core_complex_gen:0:neorv32_cpu_inst|neorv32_cpu_alu:neorv32_cpu_alu_inst|neorv32_cpu_alu_crypto:\neorv32_cpu_alu_crypto_enabled:neorv32_cpu_alu_crypto_inst
 42. Parameter Settings for User Entity Instance: neorv32_top:softcore|neorv32_cpu:\core_complex_gen:0:neorv32_cpu_inst|neorv32_cpu_lsu:neorv32_cpu_lsu_inst
 43. Parameter Settings for User Entity Instance: neorv32_top:softcore|neorv32_bus_switch:\core_complex_gen:0:neorv32_core_bus_switch_inst
 44. Parameter Settings for User Entity Instance: neorv32_top:softcore|neorv32_bus_gateway:neorv32_bus_gateway_inst
 45. Parameter Settings for User Entity Instance: neorv32_top:softcore|neorv32_imem:\memory_system:neorv32_imem_enabled:neorv32_imem_inst
 46. Parameter Settings for User Entity Instance: neorv32_top:softcore|neorv32_imem:\memory_system:neorv32_imem_enabled:neorv32_imem_inst|neorv32_imem_rom:\imem_rom:imem_rom_inst
 47. Parameter Settings for User Entity Instance: neorv32_top:softcore|neorv32_dmem:\memory_system:neorv32_dmem_enabled:neorv32_dmem_inst
 48. Parameter Settings for User Entity Instance: neorv32_top:softcore|neorv32_dmem:\memory_system:neorv32_dmem_enabled:neorv32_dmem_inst|neorv32_dmem_ram:dmem_ram_inst
 49. Parameter Settings for User Entity Instance: neorv32_top:softcore|neorv32_dmem:\memory_system:neorv32_dmem_enabled:neorv32_dmem_inst|neorv32_dmem_ram:dmem_ram_inst|neorv32_prim_spram:\ram_gen:0:ram_inst
 50. Parameter Settings for User Entity Instance: neorv32_top:softcore|neorv32_dmem:\memory_system:neorv32_dmem_enabled:neorv32_dmem_inst|neorv32_dmem_ram:dmem_ram_inst|neorv32_prim_spram:\ram_gen:1:ram_inst
 51. Parameter Settings for User Entity Instance: neorv32_top:softcore|neorv32_dmem:\memory_system:neorv32_dmem_enabled:neorv32_dmem_inst|neorv32_dmem_ram:dmem_ram_inst|neorv32_prim_spram:\ram_gen:2:ram_inst
 52. Parameter Settings for User Entity Instance: neorv32_top:softcore|neorv32_dmem:\memory_system:neorv32_dmem_enabled:neorv32_dmem_inst|neorv32_dmem_ram:dmem_ram_inst|neorv32_prim_spram:\ram_gen:3:ram_inst
 53. Parameter Settings for User Entity Instance: neorv32_top:softcore|neorv32_bus_io_switch:\io_system:neorv32_bus_io_switch_inst
 54. Parameter Settings for User Entity Instance: neorv32_top:softcore|neorv32_bus_io_switch:\io_system:neorv32_bus_io_switch_inst|neorv32_bus_reg:neorv32_bus_reg_inst
 55. Parameter Settings for User Entity Instance: neorv32_top:softcore|neorv32_gpio:\io_system:neorv32_gpio_enabled:neorv32_gpio_inst
 56. Parameter Settings for User Entity Instance: neorv32_top:softcore|neorv32_uart:\io_system:neorv32_uart0_enabled:neorv32_uart0_inst
 57. Parameter Settings for User Entity Instance: neorv32_top:softcore|neorv32_uart:\io_system:neorv32_uart0_enabled:neorv32_uart0_inst|neorv32_prim_fifo:tx_fifo_inst
 58. Parameter Settings for User Entity Instance: neorv32_top:softcore|neorv32_uart:\io_system:neorv32_uart0_enabled:neorv32_uart0_inst|neorv32_prim_fifo:rx_fifo_inst
 59. Parameter Settings for User Entity Instance: neorv32_top:softcore|neorv32_sysinfo:\io_system:neorv32_sysinfo_inst
 60. Parameter Settings for User Entity Instance: debounce:debounce_inst
 61. Parameter Settings for Inferred Entity Instance: neorv32_top:softcore|neorv32_dmem:\memory_system:neorv32_dmem_enabled:neorv32_dmem_inst|neorv32_dmem_ram:dmem_ram_inst|neorv32_prim_spram:\ram_gen:3:ram_inst|altsyncram:spram_rtl_0
 62. Parameter Settings for Inferred Entity Instance: neorv32_top:softcore|neorv32_dmem:\memory_system:neorv32_dmem_enabled:neorv32_dmem_inst|neorv32_dmem_ram:dmem_ram_inst|neorv32_prim_spram:\ram_gen:2:ram_inst|altsyncram:spram_rtl_0
 63. Parameter Settings for Inferred Entity Instance: neorv32_top:softcore|neorv32_dmem:\memory_system:neorv32_dmem_enabled:neorv32_dmem_inst|neorv32_dmem_ram:dmem_ram_inst|neorv32_prim_spram:\ram_gen:1:ram_inst|altsyncram:spram_rtl_0
 64. Parameter Settings for Inferred Entity Instance: neorv32_top:softcore|neorv32_dmem:\memory_system:neorv32_dmem_enabled:neorv32_dmem_inst|neorv32_dmem_ram:dmem_ram_inst|neorv32_prim_spram:\ram_gen:0:ram_inst|altsyncram:spram_rtl_0
 65. Parameter Settings for Inferred Entity Instance: neorv32_top:softcore|neorv32_cpu:\core_complex_gen:0:neorv32_cpu_inst|neorv32_cpu_regfile:neorv32_cpu_regfile_inst|altsyncram:regfile_rtl_0
 66. Parameter Settings for Inferred Entity Instance: neorv32_top:softcore|neorv32_cpu:\core_complex_gen:0:neorv32_cpu_inst|neorv32_cpu_regfile:neorv32_cpu_regfile_inst|altsyncram:regfile_rtl_1
 67. Parameter Settings for Inferred Entity Instance: neorv32_top:softcore|neorv32_imem:\memory_system:neorv32_imem_enabled:neorv32_imem_inst|neorv32_imem_rom:\imem_rom:imem_rom_inst|altsyncram:Mux27_rtl_0
 68. Parameter Settings for Inferred Entity Instance: neorv32_top:softcore|neorv32_cpu:\core_complex_gen:0:neorv32_cpu_inst|neorv32_cpu_alu:neorv32_cpu_alu_inst|neorv32_cpu_alu_crypto:\neorv32_cpu_alu_crypto_enabled:neorv32_cpu_alu_crypto_inst|altsyncram:Mux104_rtl_0
 69. altsyncram Parameter Settings by Entity Instance
 70. Port Connectivity Checks: "debounce:debounce_inst"
 71. Port Connectivity Checks: "neorv32_top:softcore|neorv32_bus_io_switch:\io_system:neorv32_bus_io_switch_inst"
 72. Port Connectivity Checks: "neorv32_top:softcore|neorv32_bus_gateway:neorv32_bus_gateway_inst"
 73. Port Connectivity Checks: "neorv32_top:softcore|neorv32_cpu:\core_complex_gen:0:neorv32_cpu_inst|neorv32_cpu_lsu:neorv32_cpu_lsu_inst"
 74. Port Connectivity Checks: "neorv32_top:softcore|neorv32_cpu:\core_complex_gen:0:neorv32_cpu_inst|neorv32_cpu_control:neorv32_cpu_control_inst"
 75. Port Connectivity Checks: "neorv32_top:softcore|neorv32_cpu:\core_complex_gen:0:neorv32_cpu_inst|neorv32_cpu_frontend:neorv32_cpu_frontend_inst"
 76. Port Connectivity Checks: "neorv32_top:softcore|neorv32_cpu:\core_complex_gen:0:neorv32_cpu_inst"
 77. Port Connectivity Checks: "neorv32_top:softcore|neorv32_sys_clock:\soc_generators:neorv32_sys_clock_inst"
 78. Port Connectivity Checks: "neorv32_top:softcore|neorv32_sys_reset:\soc_generators:neorv32_sys_reset_inst"
 79. Port Connectivity Checks: "neorv32_top:softcore"
 80. Post-Synthesis Netlist Statistics for Top Partition
 81. Elapsed Time Per Partition
 82. Analysis & Synthesis Messages



----------------
; Legal Notice ;
----------------
Copyright (C) 2020  Intel Corporation. All rights reserved.
Your use of Intel Corporation's design tools, logic functions 
and other software and tools, and any partner logic 
functions, and any output files from any of the foregoing 
(including device programming or simulation files), and any 
associated documentation or information are expressly subject 
to the terms and conditions of the Intel Program License 
Subscription Agreement, the Intel Quartus Prime License Agreement,
the Intel FPGA IP License Agreement, or other applicable license
agreement, including, without limitation, that your use is for
the sole purpose of programming logic devices manufactured by
Intel and sold by Intel or its authorized distributors.  Please
refer to the applicable agreement for further details, at
https://fpgasoftware.intel.com/eula.



+-------------------------------------------------------------------------------+
; Analysis & Synthesis Summary                                                  ;
+---------------------------------+---------------------------------------------+
; Analysis & Synthesis Status     ; Successful - Tue Aug 25 18:45:18 2026       ;
; Quartus Prime Version           ; 20.1.1 Build 720 11/11/2020 SJ Lite Edition ;
; Revision Name                   ; kyber-neorv32                               ;
; Top-level Entity Name           ; kyber_neorv32_top                           ;
; Family                          ; Cyclone V                                   ;
; Logic utilization (in ALMs)     ; N/A                                         ;
; Total registers                 ; 1596                                        ;
; Total pins                      ; 204                                         ;
; Total virtual pins              ; 0                                           ;
; Total block memory bits         ; 206,848                                     ;
; Total DSP Blocks                ; 0                                           ;
; Total HSSI RX PCSs              ; 0                                           ;
; Total HSSI PMA RX Deserializers ; 0                                           ;
; Total HSSI TX PCSs              ; 0                                           ;
; Total HSSI PMA TX Serializers   ; 0                                           ;
; Total PLLs                      ; 0                                           ;
; Total DLLs                      ; 0                                           ;
+---------------------------------+---------------------------------------------+


+---------------------------------------------------------------------------------------------------------------------------+
; Analysis & Synthesis Settings                                                                                             ;
+---------------------------------------------------------------------------------+--------------------+--------------------+
; Option                                                                          ; Setting            ; Default Value      ;
+---------------------------------------------------------------------------------+--------------------+--------------------+
; Device                                                                          ; 5CSXFC6D6F31C6     ;                    ;
; Top-level entity name                                                           ; kyber_neorv32_top  ; kyber-neorv32      ;
; Family name                                                                     ; Cyclone V          ; Cyclone V          ;
; Use smart compilation                                                           ; Off                ; Off                ;
; Enable parallel Assembler and Timing Analyzer during compilation                ; On                 ; On                 ;
; Enable compact report table                                                     ; Off                ; Off                ;
; Restructure Multiplexers                                                        ; Auto               ; Auto               ;
; MLAB Add Timing Constraints For Mixed-Port Feed-Through Mode Setting Don't Care ; Off                ; Off                ;
; Create Debugging Nodes for IP Cores                                             ; Off                ; Off                ;
; Preserve fewer node names                                                       ; On                 ; On                 ;
; Intel FPGA IP Evaluation Mode                                                   ; Enable             ; Enable             ;
; Verilog Version                                                                 ; Verilog_2001       ; Verilog_2001       ;
; VHDL Version                                                                    ; VHDL_1993          ; VHDL_1993          ;
; State Machine Processing                                                        ; Auto               ; Auto               ;
; Safe State Machine                                                              ; Off                ; Off                ;
; Extract Verilog State Machines                                                  ; On                 ; On                 ;
; Extract VHDL State Machines                                                     ; On                 ; On                 ;
; Ignore Verilog initial constructs                                               ; Off                ; Off                ;
; Iteration limit for constant Verilog loops                                      ; 5000               ; 5000               ;
; Iteration limit for non-constant Verilog loops                                  ; 250                ; 250                ;
; Add Pass-Through Logic to Inferred RAMs                                         ; On                 ; On                 ;
; Infer RAMs from Raw Logic                                                       ; On                 ; On                 ;
; Parallel Synthesis                                                              ; On                 ; On                 ;
; DSP Block Balancing                                                             ; Auto               ; Auto               ;
; NOT Gate Push-Back                                                              ; On                 ; On                 ;
; Power-Up Don't Care                                                             ; On                 ; On                 ;
; Remove Redundant Logic Cells                                                    ; Off                ; Off                ;
; Remove Duplicate Registers                                                      ; On                 ; On                 ;
; Ignore CARRY Buffers                                                            ; Off                ; Off                ;
; Ignore CASCADE Buffers                                                          ; Off                ; Off                ;
; Ignore GLOBAL Buffers                                                           ; Off                ; Off                ;
; Ignore ROW GLOBAL Buffers                                                       ; Off                ; Off                ;
; Ignore LCELL Buffers                                                            ; Off                ; Off                ;
; Ignore SOFT Buffers                                                             ; On                 ; On                 ;
; Limit AHDL Integers to 32 Bits                                                  ; Off                ; Off                ;
; Optimization Technique                                                          ; Balanced           ; Balanced           ;
; Carry Chain Length                                                              ; 70                 ; 70                 ;
; Auto Carry Chains                                                               ; On                 ; On                 ;
; Auto Open-Drain Pins                                                            ; On                 ; On                 ;
; Perform WYSIWYG Primitive Resynthesis                                           ; Off                ; Off                ;
; Auto ROM Replacement                                                            ; On                 ; On                 ;
; Auto RAM Replacement                                                            ; On                 ; On                 ;
; Auto DSP Block Replacement                                                      ; On                 ; On                 ;
; Auto Shift Register Replacement                                                 ; Auto               ; Auto               ;
; Allow Shift Register Merging across Hierarchies                                 ; Auto               ; Auto               ;
; Auto Clock Enable Replacement                                                   ; On                 ; On                 ;
; Strict RAM Replacement                                                          ; Off                ; Off                ;
; Allow Synchronous Control Signals                                               ; On                 ; On                 ;
; Force Use of Synchronous Clear Signals                                          ; Off                ; Off                ;
; Auto Resource Sharing                                                           ; Off                ; Off                ;
; Allow Any RAM Size For Recognition                                              ; Off                ; Off                ;
; Allow Any ROM Size For Recognition                                              ; Off                ; Off                ;
; Allow Any Shift Register Size For Recognition                                   ; Off                ; Off                ;
; Use LogicLock Constraints during Resource Balancing                             ; On                 ; On                 ;
; Ignore translate_off and synthesis_off directives                               ; Off                ; Off                ;
; Timing-Driven Synthesis                                                         ; On                 ; On                 ;
; Report Parameter Settings                                                       ; On                 ; On                 ;
; Report Source Assignments                                                       ; On                 ; On                 ;
; Report Connectivity Checks                                                      ; On                 ; On                 ;
; Ignore Maximum Fan-Out Assignments                                              ; Off                ; Off                ;
; Synchronization Register Chain Length                                           ; 3                  ; 3                  ;
; Power Optimization During Synthesis                                             ; Normal compilation ; Normal compilation ;
; HDL message level                                                               ; Level2             ; Level2             ;
; Suppress Register Optimization Related Messages                                 ; Off                ; Off                ;
; Number of Removed Registers Reported in Synthesis Report                        ; 5000               ; 5000               ;
; Number of Swept Nodes Reported in Synthesis Report                              ; 5000               ; 5000               ;
; Number of Inverted Registers Reported in Synthesis Report                       ; 100                ; 100                ;
; Clock MUX Protection                                                            ; On                 ; On                 ;
; Auto Gated Clock Conversion                                                     ; Off                ; Off                ;
; Block Design Naming                                                             ; Auto               ; Auto               ;
; SDC constraint protection                                                       ; Off                ; Off                ;
; Synthesis Effort                                                                ; Auto               ; Auto               ;
; Shift Register Replacement - Allow Asynchronous Clear Signal                    ; On                 ; On                 ;
; Pre-Mapping Resynthesis Optimization                                            ; Off                ; Off                ;
; Analysis & Synthesis Message Level                                              ; Medium             ; Medium             ;
; Disable Register Merging Across Hierarchies                                     ; Auto               ; Auto               ;
; Resource Aware Inference For Block RAM                                          ; On                 ; On                 ;
; Automatic Parallel Synthesis                                                    ; On                 ; On                 ;
; Partial Reconfiguration Bitstream ID                                            ; Off                ; Off                ;
+---------------------------------------------------------------------------------+--------------------+--------------------+


+------------------------------------------+
; Parallel Compilation                     ;
+----------------------------+-------------+
; Processors                 ; Number      ;
+----------------------------+-------------+
; Number detected on machine ; 8           ;
; Maximum allowed            ; 8           ;
;                            ;             ;
; Average used               ; 1.00        ;
; Maximum used               ; 8           ;
;                            ;             ;
; Usage by Processor         ; % Time Used ;
;     Processor 1            ; 100.0%      ;
;     Processor 2            ;   0.1%      ;
;     Processor 3            ;   0.1%      ;
;     Processor 4            ;   0.0%      ;
;     Processor 5            ;   0.0%      ;
;     Processor 6            ;   0.0%      ;
;     Processor 7            ;   0.0%      ;
;     Processor 8            ;   0.0%      ;
+----------------------------+-------------+


+----------------------------------------------------------------------------------------------------------------------------------------------------------------------------------------------------------------------------------------------+
; Analysis & Synthesis Source Files Read                                                                                                                                                                                                       ;
+--------------------------------------------------------------------+-----------------+------------------------------+--------------------------------------------------------------------------------------------------------------+---------+
; File Name with User-Entered Path                                   ; Used in Netlist ; File Type                    ; File Name with Absolute Path                                                                                 ; Library ;
+--------------------------------------------------------------------+-----------------+------------------------------+--------------------------------------------------------------------------------------------------------------+---------+
; ../../rtl/kyber_neorv32/kyber_neorv32_top.v                        ; yes             ; User Verilog HDL File        ; /home/dgam00/Documents/UFPE/Mestrado/kyber-neorv32/hw/rtl/kyber_neorv32/kyber_neorv32_top.v                  ;         ;
; ../../../third_party/neorv32/rtl/core/neorv32_xbus.vhd             ; yes             ; User VHDL File               ; /home/dgam00/Documents/UFPE/Mestrado/kyber-neorv32/third_party/neorv32/rtl/core/neorv32_xbus.vhd             ;         ;
; ../../../third_party/neorv32/rtl/core/neorv32_wdt.vhd              ; yes             ; User VHDL File               ; /home/dgam00/Documents/UFPE/Mestrado/kyber-neorv32/third_party/neorv32/rtl/core/neorv32_wdt.vhd              ;         ;
; ../../../third_party/neorv32/rtl/core/neorv32_uart.vhd             ; yes             ; User VHDL File               ; /home/dgam00/Documents/UFPE/Mestrado/kyber-neorv32/third_party/neorv32/rtl/core/neorv32_uart.vhd             ;         ;
; ../../../third_party/neorv32/rtl/core/neorv32_twi.vhd              ; yes             ; User VHDL File               ; /home/dgam00/Documents/UFPE/Mestrado/kyber-neorv32/third_party/neorv32/rtl/core/neorv32_twi.vhd              ;         ;
; ../../../third_party/neorv32/rtl/core/neorv32_twd.vhd              ; yes             ; User VHDL File               ; /home/dgam00/Documents/UFPE/Mestrado/kyber-neorv32/third_party/neorv32/rtl/core/neorv32_twd.vhd              ;         ;
; ../../../third_party/neorv32/rtl/core/neorv32_trng.vhd             ; yes             ; User VHDL File               ; /home/dgam00/Documents/UFPE/Mestrado/kyber-neorv32/third_party/neorv32/rtl/core/neorv32_trng.vhd             ;         ;
; ../../../third_party/neorv32/rtl/core/neorv32_tracer.vhd           ; yes             ; User VHDL File               ; /home/dgam00/Documents/UFPE/Mestrado/kyber-neorv32/third_party/neorv32/rtl/core/neorv32_tracer.vhd           ;         ;
; ../../../third_party/neorv32/rtl/core/neorv32_top.vhd              ; yes             ; User VHDL File               ; /home/dgam00/Documents/UFPE/Mestrado/kyber-neorv32/third_party/neorv32/rtl/core/neorv32_top.vhd              ;         ;
; ../../../third_party/neorv32/rtl/core/neorv32_sysinfo.vhd          ; yes             ; User VHDL File               ; /home/dgam00/Documents/UFPE/Mestrado/kyber-neorv32/third_party/neorv32/rtl/core/neorv32_sysinfo.vhd          ;         ;
; ../../../third_party/neorv32/rtl/core/neorv32_sys.vhd              ; yes             ; User VHDL File               ; /home/dgam00/Documents/UFPE/Mestrado/kyber-neorv32/third_party/neorv32/rtl/core/neorv32_sys.vhd              ;         ;
; ../../../third_party/neorv32/rtl/core/neorv32_spi.vhd              ; yes             ; User VHDL File               ; /home/dgam00/Documents/UFPE/Mestrado/kyber-neorv32/third_party/neorv32/rtl/core/neorv32_spi.vhd              ;         ;
; ../../../third_party/neorv32/rtl/core/neorv32_slink.vhd            ; yes             ; User VHDL File               ; /home/dgam00/Documents/UFPE/Mestrado/kyber-neorv32/third_party/neorv32/rtl/core/neorv32_slink.vhd            ;         ;
; ../../../third_party/neorv32/rtl/core/neorv32_sdi.vhd              ; yes             ; User VHDL File               ; /home/dgam00/Documents/UFPE/Mestrado/kyber-neorv32/third_party/neorv32/rtl/core/neorv32_sdi.vhd              ;         ;
; ../../../third_party/neorv32/rtl/core/neorv32_pwm.vhd              ; yes             ; User VHDL File               ; /home/dgam00/Documents/UFPE/Mestrado/kyber-neorv32/third_party/neorv32/rtl/core/neorv32_pwm.vhd              ;         ;
; ../../../third_party/neorv32/rtl/core/neorv32_prim.vhd             ; yes             ; User VHDL File               ; /home/dgam00/Documents/UFPE/Mestrado/kyber-neorv32/third_party/neorv32/rtl/core/neorv32_prim.vhd             ;         ;
; ../../../third_party/neorv32/rtl/core/neorv32_package.vhd          ; yes             ; User VHDL File               ; /home/dgam00/Documents/UFPE/Mestrado/kyber-neorv32/third_party/neorv32/rtl/core/neorv32_package.vhd          ;         ;
; ../../../third_party/neorv32/rtl/core/neorv32_onewire.vhd          ; yes             ; User VHDL File               ; /home/dgam00/Documents/UFPE/Mestrado/kyber-neorv32/third_party/neorv32/rtl/core/neorv32_onewire.vhd          ;         ;
; ../../../third_party/neorv32/rtl/core/neorv32_neoled.vhd           ; yes             ; User VHDL File               ; /home/dgam00/Documents/UFPE/Mestrado/kyber-neorv32/third_party/neorv32/rtl/core/neorv32_neoled.vhd           ;         ;
; ../../../third_party/neorv32/rtl/core/neorv32_imem_rom.vhd         ; yes             ; User VHDL File               ; /home/dgam00/Documents/UFPE/Mestrado/kyber-neorv32/third_party/neorv32/rtl/core/neorv32_imem_rom.vhd         ;         ;
; ../../../sw/kyber_neorv32_basic/neorv32_imem_image.vhd             ; yes             ; User VHDL File               ; /home/dgam00/Documents/UFPE/Mestrado/kyber-neorv32/sw/kyber_neorv32_basic/neorv32_imem_image.vhd             ;         ;
; ../../../third_party/neorv32/rtl/core/neorv32_imem.vhd             ; yes             ; User VHDL File               ; /home/dgam00/Documents/UFPE/Mestrado/kyber-neorv32/third_party/neorv32/rtl/core/neorv32_imem.vhd             ;         ;
; ../../../third_party/neorv32/rtl/core/neorv32_gptmr.vhd            ; yes             ; User VHDL File               ; /home/dgam00/Documents/UFPE/Mestrado/kyber-neorv32/third_party/neorv32/rtl/core/neorv32_gptmr.vhd            ;         ;
; ../../../third_party/neorv32/rtl/core/neorv32_gpio.vhd             ; yes             ; User VHDL File               ; /home/dgam00/Documents/UFPE/Mestrado/kyber-neorv32/third_party/neorv32/rtl/core/neorv32_gpio.vhd             ;         ;
; ../../../third_party/neorv32/rtl/core/neorv32_dmem_ram.vhd         ; yes             ; User VHDL File               ; /home/dgam00/Documents/UFPE/Mestrado/kyber-neorv32/third_party/neorv32/rtl/core/neorv32_dmem_ram.vhd         ;         ;
; ../../../third_party/neorv32/rtl/core/neorv32_dmem.vhd             ; yes             ; User VHDL File               ; /home/dgam00/Documents/UFPE/Mestrado/kyber-neorv32/third_party/neorv32/rtl/core/neorv32_dmem.vhd             ;         ;
; ../../../third_party/neorv32/rtl/core/neorv32_dma.vhd              ; yes             ; User VHDL File               ; /home/dgam00/Documents/UFPE/Mestrado/kyber-neorv32/third_party/neorv32/rtl/core/neorv32_dma.vhd              ;         ;
; ../../../third_party/neorv32/rtl/core/neorv32_debug_dtm.vhd        ; yes             ; User VHDL File               ; /home/dgam00/Documents/UFPE/Mestrado/kyber-neorv32/third_party/neorv32/rtl/core/neorv32_debug_dtm.vhd        ;         ;
; ../../../third_party/neorv32/rtl/core/neorv32_debug_dm.vhd         ; yes             ; User VHDL File               ; /home/dgam00/Documents/UFPE/Mestrado/kyber-neorv32/third_party/neorv32/rtl/core/neorv32_debug_dm.vhd         ;         ;
; ../../../third_party/neorv32/rtl/core/neorv32_debug_auth.vhd       ; yes             ; User VHDL File               ; /home/dgam00/Documents/UFPE/Mestrado/kyber-neorv32/third_party/neorv32/rtl/core/neorv32_debug_auth.vhd       ;         ;
; ../../../third_party/neorv32/rtl/core/neorv32_cpu_trace.vhd        ; yes             ; User VHDL File               ; /home/dgam00/Documents/UFPE/Mestrado/kyber-neorv32/third_party/neorv32/rtl/core/neorv32_cpu_trace.vhd        ;         ;
; ../../../third_party/neorv32/rtl/core/neorv32_cpu_regfile.vhd      ; yes             ; User VHDL File               ; /home/dgam00/Documents/UFPE/Mestrado/kyber-neorv32/third_party/neorv32/rtl/core/neorv32_cpu_regfile.vhd      ;         ;
; ../../../third_party/neorv32/rtl/core/neorv32_cpu_pmp.vhd          ; yes             ; User VHDL File               ; /home/dgam00/Documents/UFPE/Mestrado/kyber-neorv32/third_party/neorv32/rtl/core/neorv32_cpu_pmp.vhd          ;         ;
; ../../../third_party/neorv32/rtl/core/neorv32_cpu_lsu.vhd          ; yes             ; User VHDL File               ; /home/dgam00/Documents/UFPE/Mestrado/kyber-neorv32/third_party/neorv32/rtl/core/neorv32_cpu_lsu.vhd          ;         ;
; ../../../third_party/neorv32/rtl/core/neorv32_cpu_hwtrig.vhd       ; yes             ; User VHDL File               ; /home/dgam00/Documents/UFPE/Mestrado/kyber-neorv32/third_party/neorv32/rtl/core/neorv32_cpu_hwtrig.vhd       ;         ;
; ../../../third_party/neorv32/rtl/core/neorv32_cpu_frontend.vhd     ; yes             ; User VHDL File               ; /home/dgam00/Documents/UFPE/Mestrado/kyber-neorv32/third_party/neorv32/rtl/core/neorv32_cpu_frontend.vhd     ;         ;
; ../../../third_party/neorv32/rtl/core/neorv32_cpu_decompressor.vhd ; yes             ; User VHDL File               ; /home/dgam00/Documents/UFPE/Mestrado/kyber-neorv32/third_party/neorv32/rtl/core/neorv32_cpu_decompressor.vhd ;         ;
; ../../../third_party/neorv32/rtl/core/neorv32_cpu_counters.vhd     ; yes             ; User VHDL File               ; /home/dgam00/Documents/UFPE/Mestrado/kyber-neorv32/third_party/neorv32/rtl/core/neorv32_cpu_counters.vhd     ;         ;
; ../../../third_party/neorv32/rtl/core/neorv32_cpu_control.vhd      ; yes             ; User VHDL File               ; /home/dgam00/Documents/UFPE/Mestrado/kyber-neorv32/third_party/neorv32/rtl/core/neorv32_cpu_control.vhd      ;         ;
; ../../../third_party/neorv32/rtl/core/neorv32_cpu_alu_shifter.vhd  ; yes             ; User VHDL File               ; /home/dgam00/Documents/UFPE/Mestrado/kyber-neorv32/third_party/neorv32/rtl/core/neorv32_cpu_alu_shifter.vhd  ;         ;
; ../../../third_party/neorv32/rtl/core/neorv32_cpu_alu_muldiv.vhd   ; yes             ; User VHDL File               ; /home/dgam00/Documents/UFPE/Mestrado/kyber-neorv32/third_party/neorv32/rtl/core/neorv32_cpu_alu_muldiv.vhd   ;         ;
; ../../../third_party/neorv32/rtl/core/neorv32_cpu_alu_fpu.vhd      ; yes             ; User VHDL File               ; /home/dgam00/Documents/UFPE/Mestrado/kyber-neorv32/third_party/neorv32/rtl/core/neorv32_cpu_alu_fpu.vhd      ;         ;
; ../../../third_party/neorv32/rtl/core/neorv32_cpu_alu_crypto.vhd   ; yes             ; User VHDL File               ; /home/dgam00/Documents/UFPE/Mestrado/kyber-neorv32/third_party/neorv32/rtl/core/neorv32_cpu_alu_crypto.vhd   ;         ;
; ../../../third_party/neorv32/rtl/core/neorv32_cpu_alu_cond.vhd     ; yes             ; User VHDL File               ; /home/dgam00/Documents/UFPE/Mestrado/kyber-neorv32/third_party/neorv32/rtl/core/neorv32_cpu_alu_cond.vhd     ;         ;
; ../../../third_party/neorv32/rtl/core/neorv32_cpu_alu_cfu.vhd      ; yes             ; User VHDL File               ; /home/dgam00/Documents/UFPE/Mestrado/kyber-neorv32/third_party/neorv32/rtl/core/neorv32_cpu_alu_cfu.vhd      ;         ;
; ../../../third_party/neorv32/rtl/core/neorv32_cpu_alu_bitmanip.vhd ; yes             ; User VHDL File               ; /home/dgam00/Documents/UFPE/Mestrado/kyber-neorv32/third_party/neorv32/rtl/core/neorv32_cpu_alu_bitmanip.vhd ;         ;
; ../../../third_party/neorv32/rtl/core/neorv32_cpu_alu.vhd          ; yes             ; User VHDL File               ; /home/dgam00/Documents/UFPE/Mestrado/kyber-neorv32/third_party/neorv32/rtl/core/neorv32_cpu_alu.vhd          ;         ;
; ../../../third_party/neorv32/rtl/core/neorv32_cpu.vhd              ; yes             ; User VHDL File               ; /home/dgam00/Documents/UFPE/Mestrado/kyber-neorv32/third_party/neorv32/rtl/core/neorv32_cpu.vhd              ;         ;
; ../../../third_party/neorv32/rtl/core/neorv32_clint.vhd            ; yes             ; User VHDL File               ; /home/dgam00/Documents/UFPE/Mestrado/kyber-neorv32/third_party/neorv32/rtl/core/neorv32_clint.vhd            ;         ;
; ../../../third_party/neorv32/rtl/core/neorv32_cfs.vhd              ; yes             ; User VHDL File               ; /home/dgam00/Documents/UFPE/Mestrado/kyber-neorv32/third_party/neorv32/rtl/core/neorv32_cfs.vhd              ;         ;
; ../../../third_party/neorv32/rtl/core/neorv32_cache.vhd            ; yes             ; User VHDL File               ; /home/dgam00/Documents/UFPE/Mestrado/kyber-neorv32/third_party/neorv32/rtl/core/neorv32_cache.vhd            ;         ;
; ../../../third_party/neorv32/rtl/core/neorv32_bus.vhd              ; yes             ; User VHDL File               ; /home/dgam00/Documents/UFPE/Mestrado/kyber-neorv32/third_party/neorv32/rtl/core/neorv32_bus.vhd              ;         ;
; ../../../third_party/neorv32/rtl/core/neorv32_bootrom.vhd          ; yes             ; User VHDL File               ; /home/dgam00/Documents/UFPE/Mestrado/kyber-neorv32/third_party/neorv32/rtl/core/neorv32_bootrom.vhd          ;         ;
; ip/debounce/debounce.v                                             ; yes             ; User Verilog HDL File        ; /home/dgam00/Documents/UFPE/Mestrado/kyber-neorv32/hw/quartus/kyber_neorv32/ip/debounce/debounce.v           ;         ;
; altsyncram.tdf                                                     ; yes             ; Megafunction                 ; /home/dgam00/intelFPGA_lite/20.1/quartus/libraries/megafunctions/altsyncram.tdf                              ;         ;
; stratix_ram_block.inc                                              ; yes             ; Megafunction                 ; /home/dgam00/intelFPGA_lite/20.1/quartus/libraries/megafunctions/stratix_ram_block.inc                       ;         ;
; lpm_mux.inc                                                        ; yes             ; Megafunction                 ; /home/dgam00/intelFPGA_lite/20.1/quartus/libraries/megafunctions/lpm_mux.inc                                 ;         ;
; lpm_decode.inc                                                     ; yes             ; Megafunction                 ; /home/dgam00/intelFPGA_lite/20.1/quartus/libraries/megafunctions/lpm_decode.inc                              ;         ;
; aglobal201.inc                                                     ; yes             ; Megafunction                 ; /home/dgam00/intelFPGA_lite/20.1/quartus/libraries/megafunctions/aglobal201.inc                              ;         ;
; a_rdenreg.inc                                                      ; yes             ; Megafunction                 ; /home/dgam00/intelFPGA_lite/20.1/quartus/libraries/megafunctions/a_rdenreg.inc                               ;         ;
; altrom.inc                                                         ; yes             ; Megafunction                 ; /home/dgam00/intelFPGA_lite/20.1/quartus/libraries/megafunctions/altrom.inc                                  ;         ;
; altram.inc                                                         ; yes             ; Megafunction                 ; /home/dgam00/intelFPGA_lite/20.1/quartus/libraries/megafunctions/altram.inc                                  ;         ;
; altdpram.inc                                                       ; yes             ; Megafunction                 ; /home/dgam00/intelFPGA_lite/20.1/quartus/libraries/megafunctions/altdpram.inc                                ;         ;
; db/altsyncram_c6q1.tdf                                             ; yes             ; Auto-Generated Megafunction  ; /home/dgam00/Documents/UFPE/Mestrado/kyber-neorv32/hw/quartus/kyber_neorv32/db/altsyncram_c6q1.tdf           ;         ;
; db/altsyncram_u2n1.tdf                                             ; yes             ; Auto-Generated Megafunction  ; /home/dgam00/Documents/UFPE/Mestrado/kyber-neorv32/hw/quartus/kyber_neorv32/db/altsyncram_u2n1.tdf           ;         ;
; db/altsyncram_q581.tdf                                             ; yes             ; Auto-Generated Megafunction  ; /home/dgam00/Documents/UFPE/Mestrado/kyber-neorv32/hw/quartus/kyber_neorv32/db/altsyncram_q581.tdf           ;         ;
; db/altsyncram_9971.tdf                                             ; yes             ; Auto-Generated Megafunction  ; /home/dgam00/Documents/UFPE/Mestrado/kyber-neorv32/hw/quartus/kyber_neorv32/db/altsyncram_9971.tdf           ;         ;
+--------------------------------------------------------------------+-----------------+------------------------------+--------------------------------------------------------------------------------------------------------------+---------+


+--------------------------------------------------------------+
; Analysis & Synthesis Resource Usage Summary                  ;
+---------------------------------------------+----------------+
; Resource                                    ; Usage          ;
+---------------------------------------------+----------------+
; Estimate of Logic utilization (ALMs needed) ; 1944           ;
;                                             ;                ;
; Combinational ALUT usage for logic          ; 3088           ;
;     -- 7 input functions                    ; 87             ;
;     -- 6 input functions                    ; 545            ;
;     -- 5 input functions                    ; 812            ;
;     -- 4 input functions                    ; 505            ;
;     -- <=3 input functions                  ; 1139           ;
;                                             ;                ;
; Dedicated logic registers                   ; 1596           ;
;                                             ;                ;
; I/O pins                                    ; 204            ;
; Total MLAB memory bits                      ; 0              ;
; Total block memory bits                     ; 206848         ;
;                                             ;                ;
; Total DSP Blocks                            ; 0              ;
;                                             ;                ;
; Maximum fan-out node                        ; CLOCK_50~input ;
; Maximum fan-out                             ; 1740           ;
; Total fan-out                               ; 20495          ;
; Average fan-out                             ; 3.87           ;
+---------------------------------------------+----------------+


+-------------------------------------------------------------------------------------------------------------------------------------------------------------------------------------------------------------------------------------------------------------------------------------------------------------------------------------------------------------------------------------------------------------------------------------------------------------------------------------------------------------------------------------+
; Analysis & Synthesis Resource Utilization by Entity                                                                                                                                                                                                                                                                                                                                                                                                                                                                                 ;
+--------------------------------------------------------------------------------------------------------+---------------------+---------------------------+-------------------+------------+------+--------------+-------------------------------------------------------------------------------------------------------------------------------------------------------------------------------------------------------------------------------------------------------------------------+--------------------------+--------------+
; Compilation Hierarchy Node                                                                             ; Combinational ALUTs ; Dedicated Logic Registers ; Block Memory Bits ; DSP Blocks ; Pins ; Virtual Pins ; Full Hierarchy Name                                                                                                                                                                                                                                                     ; Entity Name              ; Library Name ;
+--------------------------------------------------------------------------------------------------------+---------------------+---------------------------+-------------------+------------+------+--------------+-------------------------------------------------------------------------------------------------------------------------------------------------------------------------------------------------------------------------------------------------------------------------+--------------------------+--------------+
; |kyber_neorv32_top                                                                                     ; 3088 (0)            ; 1596 (0)                  ; 206848            ; 0          ; 204  ; 0            ; |kyber_neorv32_top                                                                                                                                                                                                                                                      ; kyber_neorv32_top        ; work         ;
;    |neorv32_top:softcore|                                                                              ; 3088 (0)            ; 1596 (0)                  ; 206848            ; 0          ; 0    ; 0            ; |kyber_neorv32_top|neorv32_top:softcore                                                                                                                                                                                                                                 ; neorv32_top              ; work         ;
;       |neorv32_bus_gateway:neorv32_bus_gateway_inst|                                                   ; 59 (59)             ; 7 (7)                     ; 0                 ; 0          ; 0    ; 0            ; |kyber_neorv32_top|neorv32_top:softcore|neorv32_bus_gateway:neorv32_bus_gateway_inst                                                                                                                                                                                    ; neorv32_bus_gateway      ; work         ;
;       |neorv32_bus_io_switch:\io_system:neorv32_bus_io_switch_inst|                                    ; 32 (31)             ; 76 (0)                    ; 0                 ; 0          ; 0    ; 0            ; |kyber_neorv32_top|neorv32_top:softcore|neorv32_bus_io_switch:\io_system:neorv32_bus_io_switch_inst                                                                                                                                                                     ; neorv32_bus_io_switch    ; work         ;
;          |neorv32_bus_reg:neorv32_bus_reg_inst|                                                        ; 1 (1)               ; 76 (76)                   ; 0                 ; 0          ; 0    ; 0            ; |kyber_neorv32_top|neorv32_top:softcore|neorv32_bus_io_switch:\io_system:neorv32_bus_io_switch_inst|neorv32_bus_reg:neorv32_bus_reg_inst                                                                                                                                ; neorv32_bus_reg          ; work         ;
;       |neorv32_bus_switch:\core_complex_gen:0:neorv32_core_bus_switch_inst|                            ; 31 (31)             ; 6 (6)                     ; 0                 ; 0          ; 0    ; 0            ; |kyber_neorv32_top|neorv32_top:softcore|neorv32_bus_switch:\core_complex_gen:0:neorv32_core_bus_switch_inst                                                                                                                                                             ; neorv32_bus_switch       ; work         ;
;       |neorv32_cpu:\core_complex_gen:0:neorv32_cpu_inst|                                               ; 2787 (170)          ; 1241 (0)                  ; 10240             ; 0          ; 0    ; 0            ; |kyber_neorv32_top|neorv32_top:softcore|neorv32_cpu:\core_complex_gen:0:neorv32_cpu_inst                                                                                                                                                                                ; neorv32_cpu              ; work         ;
;          |neorv32_cpu_alu:neorv32_cpu_alu_inst|                                                        ; 1824 (139)          ; 609 (0)                   ; 8192              ; 0          ; 0    ; 0            ; |kyber_neorv32_top|neorv32_top:softcore|neorv32_cpu:\core_complex_gen:0:neorv32_cpu_inst|neorv32_cpu_alu:neorv32_cpu_alu_inst                                                                                                                                           ; neorv32_cpu_alu          ; work         ;
;             |neorv32_cpu_alu_bitmanip:\neorv32_cpu_alu_bitmanip_enabled:neorv32_cpu_alu_bitmanip_inst| ; 760 (760)           ; 227 (227)                 ; 0                 ; 0          ; 0    ; 0            ; |kyber_neorv32_top|neorv32_top:softcore|neorv32_cpu:\core_complex_gen:0:neorv32_cpu_inst|neorv32_cpu_alu:neorv32_cpu_alu_inst|neorv32_cpu_alu_bitmanip:\neorv32_cpu_alu_bitmanip_enabled:neorv32_cpu_alu_bitmanip_inst                                                  ; neorv32_cpu_alu_bitmanip ; work         ;
;             |neorv32_cpu_alu_crypto:\neorv32_cpu_alu_crypto_enabled:neorv32_cpu_alu_crypto_inst|       ; 601 (601)           ; 173 (173)                 ; 8192              ; 0          ; 0    ; 0            ; |kyber_neorv32_top|neorv32_top:softcore|neorv32_cpu:\core_complex_gen:0:neorv32_cpu_inst|neorv32_cpu_alu:neorv32_cpu_alu_inst|neorv32_cpu_alu_crypto:\neorv32_cpu_alu_crypto_enabled:neorv32_cpu_alu_crypto_inst                                                        ; neorv32_cpu_alu_crypto   ; work         ;
;                |altsyncram:Mux104_rtl_0|                                                               ; 0 (0)               ; 0 (0)                     ; 8192              ; 0          ; 0    ; 0            ; |kyber_neorv32_top|neorv32_top:softcore|neorv32_cpu:\core_complex_gen:0:neorv32_cpu_inst|neorv32_cpu_alu:neorv32_cpu_alu_inst|neorv32_cpu_alu_crypto:\neorv32_cpu_alu_crypto_enabled:neorv32_cpu_alu_crypto_inst|altsyncram:Mux104_rtl_0                                ; altsyncram               ; work         ;
;                   |altsyncram_9971:auto_generated|                                                     ; 0 (0)               ; 0 (0)                     ; 8192              ; 0          ; 0    ; 0            ; |kyber_neorv32_top|neorv32_top:softcore|neorv32_cpu:\core_complex_gen:0:neorv32_cpu_inst|neorv32_cpu_alu:neorv32_cpu_alu_inst|neorv32_cpu_alu_crypto:\neorv32_cpu_alu_crypto_enabled:neorv32_cpu_alu_crypto_inst|altsyncram:Mux104_rtl_0|altsyncram_9971:auto_generated ; altsyncram_9971          ; work         ;
;             |neorv32_cpu_alu_muldiv:\neorv32_cpu_alu_muldiv_enabled:neorv32_cpu_alu_muldiv_inst|       ; 276 (276)           ; 170 (170)                 ; 0                 ; 0          ; 0    ; 0            ; |kyber_neorv32_top|neorv32_top:softcore|neorv32_cpu:\core_complex_gen:0:neorv32_cpu_inst|neorv32_cpu_alu:neorv32_cpu_alu_inst|neorv32_cpu_alu_muldiv:\neorv32_cpu_alu_muldiv_enabled:neorv32_cpu_alu_muldiv_inst                                                        ; neorv32_cpu_alu_muldiv   ; work         ;
;             |neorv32_cpu_alu_shifter:neorv32_cpu_alu_shifter_inst|                                     ; 48 (48)             ; 39 (39)                   ; 0                 ; 0          ; 0    ; 0            ; |kyber_neorv32_top|neorv32_top:softcore|neorv32_cpu:\core_complex_gen:0:neorv32_cpu_inst|neorv32_cpu_alu:neorv32_cpu_alu_inst|neorv32_cpu_alu_shifter:neorv32_cpu_alu_shifter_inst                                                                                      ; neorv32_cpu_alu_shifter  ; work         ;
;          |neorv32_cpu_control:neorv32_cpu_control_inst|                                                ; 442 (442)           ; 418 (418)                 ; 0                 ; 0          ; 0    ; 0            ; |kyber_neorv32_top|neorv32_top:softcore|neorv32_cpu:\core_complex_gen:0:neorv32_cpu_inst|neorv32_cpu_control:neorv32_cpu_control_inst                                                                                                                                   ; neorv32_cpu_control      ; work         ;
;          |neorv32_cpu_frontend:neorv32_cpu_frontend_inst|                                              ; 308 (206)           ; 112 (36)                  ; 0                 ; 0          ; 0    ; 0            ; |kyber_neorv32_top|neorv32_top:softcore|neorv32_cpu:\core_complex_gen:0:neorv32_cpu_inst|neorv32_cpu_frontend:neorv32_cpu_frontend_inst                                                                                                                                 ; neorv32_cpu_frontend     ; work         ;
;             |neorv32_cpu_decompressor:\issue_enabled:neorv32_cpu_decompressor_inst|                    ; 73 (73)             ; 0 (0)                     ; 0                 ; 0          ; 0    ; 0            ; |kyber_neorv32_top|neorv32_top:softcore|neorv32_cpu:\core_complex_gen:0:neorv32_cpu_inst|neorv32_cpu_frontend:neorv32_cpu_frontend_inst|neorv32_cpu_decompressor:\issue_enabled:neorv32_cpu_decompressor_inst                                                           ; neorv32_cpu_decompressor ; work         ;
;             |neorv32_cpu_frontend_ipb:\prefetch_buffer:0:ipb_inst|                                     ; 15 (15)             ; 38 (38)                   ; 0                 ; 0          ; 0    ; 0            ; |kyber_neorv32_top|neorv32_top:softcore|neorv32_cpu:\core_complex_gen:0:neorv32_cpu_inst|neorv32_cpu_frontend:neorv32_cpu_frontend_inst|neorv32_cpu_frontend_ipb:\prefetch_buffer:0:ipb_inst                                                                            ; neorv32_cpu_frontend_ipb ; work         ;
;             |neorv32_cpu_frontend_ipb:\prefetch_buffer:1:ipb_inst|                                     ; 14 (14)             ; 38 (38)                   ; 0                 ; 0          ; 0    ; 0            ; |kyber_neorv32_top|neorv32_top:softcore|neorv32_cpu:\core_complex_gen:0:neorv32_cpu_inst|neorv32_cpu_frontend:neorv32_cpu_frontend_inst|neorv32_cpu_frontend_ipb:\prefetch_buffer:1:ipb_inst                                                                            ; neorv32_cpu_frontend_ipb ; work         ;
;          |neorv32_cpu_lsu:neorv32_cpu_lsu_inst|                                                        ; 37 (37)             ; 102 (102)                 ; 0                 ; 0          ; 0    ; 0            ; |kyber_neorv32_top|neorv32_top:softcore|neorv32_cpu:\core_complex_gen:0:neorv32_cpu_inst|neorv32_cpu_lsu:neorv32_cpu_lsu_inst                                                                                                                                           ; neorv32_cpu_lsu          ; work         ;
;          |neorv32_cpu_regfile:neorv32_cpu_regfile_inst|                                                ; 6 (6)               ; 0 (0)                     ; 2048              ; 0          ; 0    ; 0            ; |kyber_neorv32_top|neorv32_top:softcore|neorv32_cpu:\core_complex_gen:0:neorv32_cpu_inst|neorv32_cpu_regfile:neorv32_cpu_regfile_inst                                                                                                                                   ; neorv32_cpu_regfile      ; work         ;
;             |altsyncram:regfile_rtl_0|                                                                 ; 0 (0)               ; 0 (0)                     ; 1024              ; 0          ; 0    ; 0            ; |kyber_neorv32_top|neorv32_top:softcore|neorv32_cpu:\core_complex_gen:0:neorv32_cpu_inst|neorv32_cpu_regfile:neorv32_cpu_regfile_inst|altsyncram:regfile_rtl_0                                                                                                          ; altsyncram               ; work         ;
;                |altsyncram_u2n1:auto_generated|                                                        ; 0 (0)               ; 0 (0)                     ; 1024              ; 0          ; 0    ; 0            ; |kyber_neorv32_top|neorv32_top:softcore|neorv32_cpu:\core_complex_gen:0:neorv32_cpu_inst|neorv32_cpu_regfile:neorv32_cpu_regfile_inst|altsyncram:regfile_rtl_0|altsyncram_u2n1:auto_generated                                                                           ; altsyncram_u2n1          ; work         ;
;             |altsyncram:regfile_rtl_1|                                                                 ; 0 (0)               ; 0 (0)                     ; 1024              ; 0          ; 0    ; 0            ; |kyber_neorv32_top|neorv32_top:softcore|neorv32_cpu:\core_complex_gen:0:neorv32_cpu_inst|neorv32_cpu_regfile:neorv32_cpu_regfile_inst|altsyncram:regfile_rtl_1                                                                                                          ; altsyncram               ; work         ;
;                |altsyncram_u2n1:auto_generated|                                                        ; 0 (0)               ; 0 (0)                     ; 1024              ; 0          ; 0    ; 0            ; |kyber_neorv32_top|neorv32_top:softcore|neorv32_cpu:\core_complex_gen:0:neorv32_cpu_inst|neorv32_cpu_regfile:neorv32_cpu_regfile_inst|altsyncram:regfile_rtl_1|altsyncram_u2n1:auto_generated                                                                           ; altsyncram_u2n1          ; work         ;
;       |neorv32_dmem:\memory_system:neorv32_dmem_enabled:neorv32_dmem_inst|                             ; 14 (10)             ; 2 (2)                     ; 65536             ; 0          ; 0    ; 0            ; |kyber_neorv32_top|neorv32_top:softcore|neorv32_dmem:\memory_system:neorv32_dmem_enabled:neorv32_dmem_inst                                                                                                                                                              ; neorv32_dmem             ; work         ;
;          |neorv32_dmem_ram:dmem_ram_inst|                                                              ; 4 (0)               ; 0 (0)                     ; 65536             ; 0          ; 0    ; 0            ; |kyber_neorv32_top|neorv32_top:softcore|neorv32_dmem:\memory_system:neorv32_dmem_enabled:neorv32_dmem_inst|neorv32_dmem_ram:dmem_ram_inst                                                                                                                               ; neorv32_dmem_ram         ; work         ;
;             |neorv32_prim_spram:\ram_gen:0:ram_inst|                                                   ; 1 (1)               ; 0 (0)                     ; 16384             ; 0          ; 0    ; 0            ; |kyber_neorv32_top|neorv32_top:softcore|neorv32_dmem:\memory_system:neorv32_dmem_enabled:neorv32_dmem_inst|neorv32_dmem_ram:dmem_ram_inst|neorv32_prim_spram:\ram_gen:0:ram_inst                                                                                        ; neorv32_prim_spram       ; work         ;
;                |altsyncram:spram_rtl_0|                                                                ; 0 (0)               ; 0 (0)                     ; 16384             ; 0          ; 0    ; 0            ; |kyber_neorv32_top|neorv32_top:softcore|neorv32_dmem:\memory_system:neorv32_dmem_enabled:neorv32_dmem_inst|neorv32_dmem_ram:dmem_ram_inst|neorv32_prim_spram:\ram_gen:0:ram_inst|altsyncram:spram_rtl_0                                                                 ; altsyncram               ; work         ;
;                   |altsyncram_c6q1:auto_generated|                                                     ; 0 (0)               ; 0 (0)                     ; 16384             ; 0          ; 0    ; 0            ; |kyber_neorv32_top|neorv32_top:softcore|neorv32_dmem:\memory_system:neorv32_dmem_enabled:neorv32_dmem_inst|neorv32_dmem_ram:dmem_ram_inst|neorv32_prim_spram:\ram_gen:0:ram_inst|altsyncram:spram_rtl_0|altsyncram_c6q1:auto_generated                                  ; altsyncram_c6q1          ; work         ;
;             |neorv32_prim_spram:\ram_gen:1:ram_inst|                                                   ; 1 (1)               ; 0 (0)                     ; 16384             ; 0          ; 0    ; 0            ; |kyber_neorv32_top|neorv32_top:softcore|neorv32_dmem:\memory_system:neorv32_dmem_enabled:neorv32_dmem_inst|neorv32_dmem_ram:dmem_ram_inst|neorv32_prim_spram:\ram_gen:1:ram_inst                                                                                        ; neorv32_prim_spram       ; work         ;
;                |altsyncram:spram_rtl_0|                                                                ; 0 (0)               ; 0 (0)                     ; 16384             ; 0          ; 0    ; 0            ; |kyber_neorv32_top|neorv32_top:softcore|neorv32_dmem:\memory_system:neorv32_dmem_enabled:neorv32_dmem_inst|neorv32_dmem_ram:dmem_ram_inst|neorv32_prim_spram:\ram_gen:1:ram_inst|altsyncram:spram_rtl_0                                                                 ; altsyncram               ; work         ;
;                   |altsyncram_c6q1:auto_generated|                                                     ; 0 (0)               ; 0 (0)                     ; 16384             ; 0          ; 0    ; 0            ; |kyber_neorv32_top|neorv32_top:softcore|neorv32_dmem:\memory_system:neorv32_dmem_enabled:neorv32_dmem_inst|neorv32_dmem_ram:dmem_ram_inst|neorv32_prim_spram:\ram_gen:1:ram_inst|altsyncram:spram_rtl_0|altsyncram_c6q1:auto_generated                                  ; altsyncram_c6q1          ; work         ;
;             |neorv32_prim_spram:\ram_gen:2:ram_inst|                                                   ; 1 (1)               ; 0 (0)                     ; 16384             ; 0          ; 0    ; 0            ; |kyber_neorv32_top|neorv32_top:softcore|neorv32_dmem:\memory_system:neorv32_dmem_enabled:neorv32_dmem_inst|neorv32_dmem_ram:dmem_ram_inst|neorv32_prim_spram:\ram_gen:2:ram_inst                                                                                        ; neorv32_prim_spram       ; work         ;
;                |altsyncram:spram_rtl_0|                                                                ; 0 (0)               ; 0 (0)                     ; 16384             ; 0          ; 0    ; 0            ; |kyber_neorv32_top|neorv32_top:softcore|neorv32_dmem:\memory_system:neorv32_dmem_enabled:neorv32_dmem_inst|neorv32_dmem_ram:dmem_ram_inst|neorv32_prim_spram:\ram_gen:2:ram_inst|altsyncram:spram_rtl_0                                                                 ; altsyncram               ; work         ;
;                   |altsyncram_c6q1:auto_generated|                                                     ; 0 (0)               ; 0 (0)                     ; 16384             ; 0          ; 0    ; 0            ; |kyber_neorv32_top|neorv32_top:softcore|neorv32_dmem:\memory_system:neorv32_dmem_enabled:neorv32_dmem_inst|neorv32_dmem_ram:dmem_ram_inst|neorv32_prim_spram:\ram_gen:2:ram_inst|altsyncram:spram_rtl_0|altsyncram_c6q1:auto_generated                                  ; altsyncram_c6q1          ; work         ;
;             |neorv32_prim_spram:\ram_gen:3:ram_inst|                                                   ; 1 (1)               ; 0 (0)                     ; 16384             ; 0          ; 0    ; 0            ; |kyber_neorv32_top|neorv32_top:softcore|neorv32_dmem:\memory_system:neorv32_dmem_enabled:neorv32_dmem_inst|neorv32_dmem_ram:dmem_ram_inst|neorv32_prim_spram:\ram_gen:3:ram_inst                                                                                        ; neorv32_prim_spram       ; work         ;
;                |altsyncram:spram_rtl_0|                                                                ; 0 (0)               ; 0 (0)                     ; 16384             ; 0          ; 0    ; 0            ; |kyber_neorv32_top|neorv32_top:softcore|neorv32_dmem:\memory_system:neorv32_dmem_enabled:neorv32_dmem_inst|neorv32_dmem_ram:dmem_ram_inst|neorv32_prim_spram:\ram_gen:3:ram_inst|altsyncram:spram_rtl_0                                                                 ; altsyncram               ; work         ;
;                   |altsyncram_c6q1:auto_generated|                                                     ; 0 (0)               ; 0 (0)                     ; 16384             ; 0          ; 0    ; 0            ; |kyber_neorv32_top|neorv32_top:softcore|neorv32_dmem:\memory_system:neorv32_dmem_enabled:neorv32_dmem_inst|neorv32_dmem_ram:dmem_ram_inst|neorv32_prim_spram:\ram_gen:3:ram_inst|altsyncram:spram_rtl_0|altsyncram_c6q1:auto_generated                                  ; altsyncram_c6q1          ; work         ;
;       |neorv32_gpio:\io_system:neorv32_gpio_enabled:neorv32_gpio_inst|                                 ; 26 (26)             ; 57 (57)                   ; 0                 ; 0          ; 0    ; 0            ; |kyber_neorv32_top|neorv32_top:softcore|neorv32_gpio:\io_system:neorv32_gpio_enabled:neorv32_gpio_inst                                                                                                                                                                  ; neorv32_gpio             ; work         ;
;       |neorv32_imem:\memory_system:neorv32_imem_enabled:neorv32_imem_inst|                             ; 1 (1)               ; 1 (1)                     ; 131072            ; 0          ; 0    ; 0            ; |kyber_neorv32_top|neorv32_top:softcore|neorv32_imem:\memory_system:neorv32_imem_enabled:neorv32_imem_inst                                                                                                                                                              ; neorv32_imem             ; work         ;
;          |neorv32_imem_rom:\imem_rom:imem_rom_inst|                                                    ; 0 (0)               ; 0 (0)                     ; 131072            ; 0          ; 0    ; 0            ; |kyber_neorv32_top|neorv32_top:softcore|neorv32_imem:\memory_system:neorv32_imem_enabled:neorv32_imem_inst|neorv32_imem_rom:\imem_rom:imem_rom_inst                                                                                                                     ; neorv32_imem_rom         ; work         ;
;             |altsyncram:Mux27_rtl_0|                                                                   ; 0 (0)               ; 0 (0)                     ; 131072            ; 0          ; 0    ; 0            ; |kyber_neorv32_top|neorv32_top:softcore|neorv32_imem:\memory_system:neorv32_imem_enabled:neorv32_imem_inst|neorv32_imem_rom:\imem_rom:imem_rom_inst|altsyncram:Mux27_rtl_0                                                                                              ; altsyncram               ; work         ;
;                |altsyncram_q581:auto_generated|                                                        ; 0 (0)               ; 0 (0)                     ; 131072            ; 0          ; 0    ; 0            ; |kyber_neorv32_top|neorv32_top:softcore|neorv32_imem:\memory_system:neorv32_imem_enabled:neorv32_imem_inst|neorv32_imem_rom:\imem_rom:imem_rom_inst|altsyncram:Mux27_rtl_0|altsyncram_q581:auto_generated                                                               ; altsyncram_q581          ; work         ;
;       |neorv32_sys_clock:\soc_generators:neorv32_sys_clock_inst|                                       ; 19 (19)             ; 19 (19)                   ; 0                 ; 0          ; 0    ; 0            ; |kyber_neorv32_top|neorv32_top:softcore|neorv32_sys_clock:\soc_generators:neorv32_sys_clock_inst                                                                                                                                                                        ; neorv32_sys_clock        ; work         ;
;       |neorv32_sysinfo:\io_system:neorv32_sysinfo_inst|                                                ; 28 (28)             ; 66 (66)                   ; 0                 ; 0          ; 0    ; 0            ; |kyber_neorv32_top|neorv32_top:softcore|neorv32_sysinfo:\io_system:neorv32_sysinfo_inst                                                                                                                                                                                 ; neorv32_sysinfo          ; work         ;
;       |neorv32_uart:\io_system:neorv32_uart0_enabled:neorv32_uart0_inst|                               ; 91 (82)             ; 121 (101)                 ; 0                 ; 0          ; 0    ; 0            ; |kyber_neorv32_top|neorv32_top:softcore|neorv32_uart:\io_system:neorv32_uart0_enabled:neorv32_uart0_inst                                                                                                                                                                ; neorv32_uart             ; work         ;
;          |neorv32_prim_fifo:rx_fifo_inst|                                                              ; 5 (5)               ; 10 (10)                   ; 0                 ; 0          ; 0    ; 0            ; |kyber_neorv32_top|neorv32_top:softcore|neorv32_uart:\io_system:neorv32_uart0_enabled:neorv32_uart0_inst|neorv32_prim_fifo:rx_fifo_inst                                                                                                                                 ; neorv32_prim_fifo        ; work         ;
;          |neorv32_prim_fifo:tx_fifo_inst|                                                              ; 4 (4)               ; 10 (10)                   ; 0                 ; 0          ; 0    ; 0            ; |kyber_neorv32_top|neorv32_top:softcore|neorv32_uart:\io_system:neorv32_uart0_enabled:neorv32_uart0_inst|neorv32_prim_fifo:tx_fifo_inst                                                                                                                                 ; neorv32_prim_fifo        ; work         ;
+--------------------------------------------------------------------------------------------------------+---------------------+---------------------------+-------------------+------------+------+--------------+-------------------------------------------------------------------------------------------------------------------------------------------------------------------------------------------------------------------------------------------------------------------------+--------------------------+--------------+
Note: For table entries with two numbers listed, the numbers in parentheses indicate the number of resources of the given type used by the specific entity alone. The numbers listed outside of parentheses indicate the total resources of the given type used by the specific entity and all of its sub-entities in the hierarchy.


+-----------------------------------------------------------------------------------------------------------------------------------------------------------------------------------------------------------------------------------------------------------------------------------------------------------------------------------------------------------------------------------------------------------+
; Analysis & Synthesis RAM Summary                                                                                                                                                                                                                                                                                                                                                                          ;
+-----------------------------------------------------------------------------------------------------------------------------------------------------------------------------------------------------------------------------------------------------------------+------+------------------+--------------+--------------+--------------+--------------+--------+------------------------------------------+
; Name                                                                                                                                                                                                                                                            ; Type ; Mode             ; Port A Depth ; Port A Width ; Port B Depth ; Port B Width ; Size   ; MIF                                      ;
+-----------------------------------------------------------------------------------------------------------------------------------------------------------------------------------------------------------------------------------------------------------------+------+------------------+--------------+--------------+--------------+--------------+--------+------------------------------------------+
; neorv32_top:softcore|neorv32_cpu:\core_complex_gen:0:neorv32_cpu_inst|neorv32_cpu_alu:neorv32_cpu_alu_inst|neorv32_cpu_alu_crypto:\neorv32_cpu_alu_crypto_enabled:neorv32_cpu_alu_crypto_inst|altsyncram:Mux104_rtl_0|altsyncram_9971:auto_generated|ALTSYNCRAM ; AUTO ; ROM              ; 512          ; 16           ; --           ; --           ; 8192   ; kyber-neorv32.kyber_neorv32_top1.rtl.mif ;
; neorv32_top:softcore|neorv32_cpu:\core_complex_gen:0:neorv32_cpu_inst|neorv32_cpu_regfile:neorv32_cpu_regfile_inst|altsyncram:regfile_rtl_0|altsyncram_u2n1:auto_generated|ALTSYNCRAM                                                                           ; AUTO ; Simple Dual Port ; 32           ; 32           ; 32           ; 32           ; 1024   ; None                                     ;
; neorv32_top:softcore|neorv32_cpu:\core_complex_gen:0:neorv32_cpu_inst|neorv32_cpu_regfile:neorv32_cpu_regfile_inst|altsyncram:regfile_rtl_1|altsyncram_u2n1:auto_generated|ALTSYNCRAM                                                                           ; AUTO ; Simple Dual Port ; 32           ; 32           ; 32           ; 32           ; 1024   ; None                                     ;
; neorv32_top:softcore|neorv32_dmem:\memory_system:neorv32_dmem_enabled:neorv32_dmem_inst|neorv32_dmem_ram:dmem_ram_inst|neorv32_prim_spram:\ram_gen:0:ram_inst|altsyncram:spram_rtl_0|altsyncram_c6q1:auto_generated|ALTSYNCRAM                                  ; AUTO ; Simple Dual Port ; 2048         ; 8            ; 2048         ; 8            ; 16384  ; None                                     ;
; neorv32_top:softcore|neorv32_dmem:\memory_system:neorv32_dmem_enabled:neorv32_dmem_inst|neorv32_dmem_ram:dmem_ram_inst|neorv32_prim_spram:\ram_gen:1:ram_inst|altsyncram:spram_rtl_0|altsyncram_c6q1:auto_generated|ALTSYNCRAM                                  ; AUTO ; Simple Dual Port ; 2048         ; 8            ; 2048         ; 8            ; 16384  ; None                                     ;
; neorv32_top:softcore|neorv32_dmem:\memory_system:neorv32_dmem_enabled:neorv32_dmem_inst|neorv32_dmem_ram:dmem_ram_inst|neorv32_prim_spram:\ram_gen:2:ram_inst|altsyncram:spram_rtl_0|altsyncram_c6q1:auto_generated|ALTSYNCRAM                                  ; AUTO ; Simple Dual Port ; 2048         ; 8            ; 2048         ; 8            ; 16384  ; None                                     ;
; neorv32_top:softcore|neorv32_dmem:\memory_system:neorv32_dmem_enabled:neorv32_dmem_inst|neorv32_dmem_ram:dmem_ram_inst|neorv32_prim_spram:\ram_gen:3:ram_inst|altsyncram:spram_rtl_0|altsyncram_c6q1:auto_generated|ALTSYNCRAM                                  ; AUTO ; Simple Dual Port ; 2048         ; 8            ; 2048         ; 8            ; 16384  ; None                                     ;
; neorv32_top:softcore|neorv32_imem:\memory_system:neorv32_imem_enabled:neorv32_imem_inst|neorv32_imem_rom:\imem_rom:imem_rom_inst|altsyncram:Mux27_rtl_0|altsyncram_q581:auto_generated|ALTSYNCRAM                                                               ; AUTO ; ROM              ; 4096         ; 32           ; --           ; --           ; 131072 ; kyber-neorv32.kyber_neorv32_top0.rtl.mif ;
+-----------------------------------------------------------------------------------------------------------------------------------------------------------------------------------------------------------------------------------------------------------------+------+------------------+--------------+--------------+--------------+--------------+--------+------------------------------------------+


Encoding Type:  One-Hot
+-----------------------------------------------------------------------------------------------------------------------------------+
; State Machine - |kyber_neorv32_top|neorv32_top:softcore|neorv32_bus_switch:\core_complex_gen:0:neorv32_core_bus_switch_inst|state ;
+----------------+----------------+----------------+--------------------------------------------------------------------------------+
; Name           ; state.S_BUSY_B ; state.S_BUSY_A ; state.S_IDLE                                                                   ;
+----------------+----------------+----------------+--------------------------------------------------------------------------------+
; state.S_IDLE   ; 0              ; 0              ; 0                                                                              ;
; state.S_BUSY_A ; 0              ; 1              ; 1                                                                              ;
; state.S_BUSY_B ; 1              ; 0              ; 1                                                                              ;
+----------------+----------------+----------------+--------------------------------------------------------------------------------+


Encoding Type:  One-Hot
+----------------------------------------------------------------------------------------------------------------------------------------------------------------------------------------------------------------------------------------+
; State Machine - |kyber_neorv32_top|neorv32_top:softcore|neorv32_cpu:\core_complex_gen:0:neorv32_cpu_inst|neorv32_cpu_alu:neorv32_cpu_alu_inst|neorv32_cpu_alu_crypto:\neorv32_cpu_alu_crypto_enabled:neorv32_cpu_alu_crypto_inst|state ;
+--------------+--------------+--------------+-------------------------------------------------------------------------------------------------------------------------------------------------------------------------------------------+
; Name         ; state.S_DONE ; state.S_BUSY ; state.S_IDLE                                                                                                                                                                              ;
+--------------+--------------+--------------+-------------------------------------------------------------------------------------------------------------------------------------------------------------------------------------------+
; state.S_IDLE ; 0            ; 0            ; 0                                                                                                                                                                                         ;
; state.S_BUSY ; 0            ; 1            ; 1                                                                                                                                                                                         ;
; state.S_DONE ; 1            ; 0            ; 1                                                                                                                                                                                         ;
+--------------+--------------+--------------+-------------------------------------------------------------------------------------------------------------------------------------------------------------------------------------------+


Encoding Type:  One-Hot
+---------------------------------------------------------------------------------------------------------------------------------------------------------------------------------------------------------------------------------------------------+
; State Machine - |kyber_neorv32_top|neorv32_top:softcore|neorv32_cpu:\core_complex_gen:0:neorv32_cpu_inst|neorv32_cpu_alu:neorv32_cpu_alu_inst|neorv32_cpu_alu_bitmanip:\neorv32_cpu_alu_bitmanip_enabled:neorv32_cpu_alu_bitmanip_inst|ctrl_state ;
+--------------------+-------------------+--------------------+-------------------------------------------------------------------------------------------------------------------------------------------------------------------------------------+
; Name               ; ctrl_state.S_BUSY ; ctrl_state.S_START ; ctrl_state.S_IDLE                                                                                                                                                                   ;
+--------------------+-------------------+--------------------+-------------------------------------------------------------------------------------------------------------------------------------------------------------------------------------+
; ctrl_state.S_IDLE  ; 0                 ; 0                  ; 0                                                                                                                                                                                   ;
; ctrl_state.S_START ; 0                 ; 1                  ; 1                                                                                                                                                                                   ;
; ctrl_state.S_BUSY  ; 1                 ; 0                  ; 1                                                                                                                                                                                   ;
+--------------------+-------------------+--------------------+-------------------------------------------------------------------------------------------------------------------------------------------------------------------------------------+


Encoding Type:  One-Hot
+---------------------------------------------------------------------------------------------------------------------------------------------------------------------------------------------------------------------------------------------+
; State Machine - |kyber_neorv32_top|neorv32_top:softcore|neorv32_cpu:\core_complex_gen:0:neorv32_cpu_inst|neorv32_cpu_alu:neorv32_cpu_alu_inst|neorv32_cpu_alu_muldiv:\neorv32_cpu_alu_muldiv_enabled:neorv32_cpu_alu_muldiv_inst|ctrl.state ;
+-------------------+-------------------+-------------------+---------------------------------------------------------------------------------------------------------------------------------------------------------------------------------+
; Name              ; ctrl.state.S_DONE ; ctrl.state.S_BUSY ; ctrl.state.S_IDLE                                                                                                                                                               ;
+-------------------+-------------------+-------------------+---------------------------------------------------------------------------------------------------------------------------------------------------------------------------------+
; ctrl.state.S_IDLE ; 0                 ; 0                 ; 0                                                                                                                                                                               ;
; ctrl.state.S_BUSY ; 0                 ; 1                 ; 1                                                                                                                                                                               ;
; ctrl.state.S_DONE ; 1                 ; 0                 ; 1                                                                                                                                                                               ;
+-------------------+-------------------+-------------------+---------------------------------------------------------------------------------------------------------------------------------------------------------------------------------+


Encoding Type:  One-Hot
+-----------------------------------------------------------------------------------------------------------------------------------------------------------------------------------------------------------------------------------------------------------------------------------------+
; State Machine - |kyber_neorv32_top|neorv32_top:softcore|neorv32_cpu:\core_complex_gen:0:neorv32_cpu_inst|neorv32_cpu_control:neorv32_cpu_control_inst|exec.state                                                                                                                        ;
+-------------------------+--------------------+---------------------+----------------------+----------------------+---------------------+-----------------------+----------------------+------------------------+-------------------------+-----------------------+----------------------+
; Name                    ; exec.state.S_SLEEP ; exec.state.S_SYSTEM ; exec.state.S_MEM_RSP ; exec.state.S_MEM_REQ ; exec.state.S_BRANCH ; exec.state.S_ALU_WAIT ; exec.state.S_EXECUTE ; exec.state.S_TRAP_EXIT ; exec.state.S_TRAP_ENTER ; exec.state.S_DISPATCH ; exec.state.S_RESTART ;
+-------------------------+--------------------+---------------------+----------------------+----------------------+---------------------+-----------------------+----------------------+------------------------+-------------------------+-----------------------+----------------------+
; exec.state.S_RESTART    ; 0                  ; 0                   ; 0                    ; 0                    ; 0                   ; 0                     ; 0                    ; 0                      ; 0                       ; 0                     ; 0                    ;
; exec.state.S_DISPATCH   ; 0                  ; 0                   ; 0                    ; 0                    ; 0                   ; 0                     ; 0                    ; 0                      ; 0                       ; 1                     ; 1                    ;
; exec.state.S_TRAP_ENTER ; 0                  ; 0                   ; 0                    ; 0                    ; 0                   ; 0                     ; 0                    ; 0                      ; 1                       ; 0                     ; 1                    ;
; exec.state.S_TRAP_EXIT  ; 0                  ; 0                   ; 0                    ; 0                    ; 0                   ; 0                     ; 0                    ; 1                      ; 0                       ; 0                     ; 1                    ;
; exec.state.S_EXECUTE    ; 0                  ; 0                   ; 0                    ; 0                    ; 0                   ; 0                     ; 1                    ; 0                      ; 0                       ; 0                     ; 1                    ;
; exec.state.S_ALU_WAIT   ; 0                  ; 0                   ; 0                    ; 0                    ; 0                   ; 1                     ; 0                    ; 0                      ; 0                       ; 0                     ; 1                    ;
; exec.state.S_BRANCH     ; 0                  ; 0                   ; 0                    ; 0                    ; 1                   ; 0                     ; 0                    ; 0                      ; 0                       ; 0                     ; 1                    ;
; exec.state.S_MEM_REQ    ; 0                  ; 0                   ; 0                    ; 1                    ; 0                   ; 0                     ; 0                    ; 0                      ; 0                       ; 0                     ; 1                    ;
; exec.state.S_MEM_RSP    ; 0                  ; 0                   ; 1                    ; 0                    ; 0                   ; 0                     ; 0                    ; 0                      ; 0                       ; 0                     ; 1                    ;
; exec.state.S_SYSTEM     ; 0                  ; 1                   ; 0                    ; 0                    ; 0                   ; 0                     ; 0                    ; 0                      ; 0                       ; 0                     ; 1                    ;
; exec.state.S_SLEEP      ; 1                  ; 0                   ; 0                    ; 0                    ; 0                   ; 0                     ; 0                    ; 0                      ; 0                       ; 0                     ; 1                    ;
+-------------------------+--------------------+---------------------+----------------------+----------------------+---------------------+-----------------------+----------------------+------------------------+-------------------------+-----------------------+----------------------+


Encoding Type:  One-Hot
+---------------------------------------------------------------------------------------------------------------------------------------------------------------------+
; State Machine - |kyber_neorv32_top|neorv32_top:softcore|neorv32_cpu:\core_complex_gen:0:neorv32_cpu_inst|neorv32_cpu_frontend:neorv32_cpu_frontend_inst|fetch.state ;
+-----------------------+-----------------------+-----------------------+---------------------------------------------------------------------------------------------+
; Name                  ; fetch.state.S_PENDING ; fetch.state.S_REQUEST ; fetch.state.S_RESTART                                                                       ;
+-----------------------+-----------------------+-----------------------+---------------------------------------------------------------------------------------------+
; fetch.state.S_RESTART ; 0                     ; 0                     ; 0                                                                                           ;
; fetch.state.S_REQUEST ; 0                     ; 1                     ; 1                                                                                           ;
; fetch.state.S_PENDING ; 1                     ; 0                     ; 1                                                                                           ;
+-----------------------+-----------------------+-----------------------+---------------------------------------------------------------------------------------------+


+-------------------------------------------------------------------------------------------------------------------------------------------------------------------------------------------------------------------------------------------------------------------------------------------------------------------------------------------------------------------------------------------------------------------------------------------+
; Registers Removed During Synthesis                                                                                                                                                                                                                                                                                                                                                                                                        ;
+-------------------------------------------------------------------------------------------------------------------------------------------------------------------------------------------------------------------+-----------------------------------------------------------------------------------------------------------------------------------------------------------------------------------------------------------------------+
; Register name                                                                                                                                                                                                     ; Reason for Removal                                                                                                                                                                                                    ;
+-------------------------------------------------------------------------------------------------------------------------------------------------------------------------------------------------------------------+-----------------------------------------------------------------------------------------------------------------------------------------------------------------------------------------------------------------------+
; neorv32_top:softcore|neorv32_uart:\io_system:neorv32_uart0_enabled:neorv32_uart0_inst|bus_rsp_o.err                                                                                                               ; Stuck at GND due to stuck port data_in                                                                                                                                                                                ;
; neorv32_top:softcore|neorv32_uart:\io_system:neorv32_uart0_enabled:neorv32_uart0_inst|bus_rsp_o.data[24..29]                                                                                                      ; Stuck at GND due to stuck port data_in                                                                                                                                                                                ;
; neorv32_top:softcore|neorv32_uart:\io_system:neorv32_uart0_enabled:neorv32_uart0_inst|tx.sync[0]                                                                                                                  ; Stuck at GND due to stuck port data_in                                                                                                                                                                                ;
; neorv32_top:softcore|neorv32_gpio:\io_system:neorv32_gpio_enabled:neorv32_gpio_inst|bus_rsp_o.err                                                                                                                 ; Stuck at GND due to stuck port data_in                                                                                                                                                                                ;
; neorv32_top:softcore|neorv32_gpio:\io_system:neorv32_gpio_enabled:neorv32_gpio_inst|bus_rsp_o.data[8..31]                                                                                                         ; Stuck at GND due to stuck port data_in                                                                                                                                                                                ;
; neorv32_top:softcore|neorv32_gpio:\io_system:neorv32_gpio_enabled:neorv32_gpio_inst|port_in[0..7]                                                                                                                 ; Stuck at GND due to stuck port data_in                                                                                                                                                                                ;
; neorv32_top:softcore|neorv32_gpio:\io_system:neorv32_gpio_enabled:neorv32_gpio_inst|port_in2[0..7]                                                                                                                ; Stuck at GND due to stuck port data_in                                                                                                                                                                                ;
; neorv32_top:softcore|neorv32_bus_switch:\core_complex_gen:0:neorv32_core_bus_switch_inst|lock[0,1]                                                                                                                ; Stuck at GND due to stuck port data_in                                                                                                                                                                                ;
; neorv32_top:softcore|neorv32_cpu:\core_complex_gen:0:neorv32_cpu_inst|neorv32_cpu_control:neorv32_cpu_control_inst|trap.irq_pnd[0..4,6..10,12..18]                                                                ; Stuck at GND due to stuck port data_in                                                                                                                                                                                ;
; neorv32_top:softcore|neorv32_cpu:\core_complex_gen:0:neorv32_cpu_inst|neorv32_cpu_control:neorv32_cpu_control_inst|csr.prv_level                                                                                  ; Stuck at VCC due to stuck port data_in                                                                                                                                                                                ;
; neorv32_top:softcore|neorv32_cpu:\core_complex_gen:0:neorv32_cpu_inst|neorv32_cpu_control:neorv32_cpu_control_inst|csr.mstatus_mprv                                                                               ; Stuck at GND due to stuck port data_in                                                                                                                                                                                ;
; neorv32_top:softcore|neorv32_cpu:\core_complex_gen:0:neorv32_cpu_inst|neorv32_cpu_control:neorv32_cpu_control_inst|csr.mstatus_tw                                                                                 ; Stuck at GND due to stuck port data_in                                                                                                                                                                                ;
; neorv32_top:softcore|neorv32_cpu:\core_complex_gen:0:neorv32_cpu_inst|neorv32_cpu_control:neorv32_cpu_control_inst|csr.dcsr_ebreakm                                                                               ; Stuck at GND due to stuck port data_in                                                                                                                                                                                ;
; neorv32_top:softcore|neorv32_cpu:\core_complex_gen:0:neorv32_cpu_inst|neorv32_cpu_control:neorv32_cpu_control_inst|csr.dcsr_ebreaku                                                                               ; Stuck at GND due to stuck port data_in                                                                                                                                                                                ;
; neorv32_top:softcore|neorv32_cpu:\core_complex_gen:0:neorv32_cpu_inst|neorv32_cpu_control:neorv32_cpu_control_inst|csr.dcsr_step                                                                                  ; Stuck at GND due to stuck port data_in                                                                                                                                                                                ;
; neorv32_top:softcore|neorv32_sys_reset:\soc_generators:neorv32_sys_reset_inst|sreg_sys[0]                                                                                                                         ; Stuck at VCC due to stuck port data_in                                                                                                                                                                                ;
; neorv32_top:softcore|neorv32_uart:\io_system:neorv32_uart0_enabled:neorv32_uart0_inst|tx.sync[1]                                                                                                                  ; Stuck at GND due to stuck port data_in                                                                                                                                                                                ;
; neorv32_top:softcore|neorv32_sys_reset:\soc_generators:neorv32_sys_reset_inst|sreg_sys[1..3]                                                                                                                      ; Stuck at VCC due to stuck port data_in                                                                                                                                                                                ;
; neorv32_top:softcore|neorv32_sys_reset:\soc_generators:neorv32_sys_reset_inst|rstn_sys_o                                                                                                                          ; Stuck at VCC due to stuck port data_in                                                                                                                                                                                ;
; neorv32_top:softcore|neorv32_cpu:\core_complex_gen:0:neorv32_cpu_inst|neorv32_cpu_control:neorv32_cpu_control_inst|csr.mstatus_mpp                                                                                ; Stuck at VCC due to stuck port data_in                                                                                                                                                                                ;
; neorv32_top:softcore|neorv32_uart:\io_system:neorv32_uart0_enabled:neorv32_uart0_inst|ctrl.sim_mode                                                                                                               ; Stuck at GND due to stuck port data_in                                                                                                                                                                                ;
; neorv32_top:softcore|neorv32_cpu:\core_complex_gen:0:neorv32_cpu_inst|neorv32_cpu_control:neorv32_cpu_control_inst|csr.mtvec[1]                                                                                   ; Stuck at GND due to stuck port data_in                                                                                                                                                                                ;
; neorv32_top:softcore|neorv32_uart:\io_system:neorv32_uart0_enabled:neorv32_uart0_inst|rx.state[1]                                                                                                                 ; Merged with neorv32_top:softcore|neorv32_uart:\io_system:neorv32_uart0_enabled:neorv32_uart0_inst|tx.state[1]                                                                                                         ;
; neorv32_top:softcore|neorv32_cpu:\core_complex_gen:0:neorv32_cpu_inst|neorv32_cpu_alu:neorv32_cpu_alu_inst|neorv32_cpu_alu_crypto:\neorv32_cpu_alu_crypto_enabled:neorv32_cpu_alu_crypto_inst|sm4.rnd[15]         ; Merged with neorv32_top:softcore|neorv32_cpu:\core_complex_gen:0:neorv32_cpu_inst|neorv32_cpu_alu:neorv32_cpu_alu_inst|neorv32_cpu_alu_crypto:\neorv32_cpu_alu_crypto_enabled:neorv32_cpu_alu_crypto_inst|sm4.rnd[25] ;
; neorv32_top:softcore|neorv32_cpu:\core_complex_gen:0:neorv32_cpu_inst|neorv32_cpu_control:neorv32_cpu_control_inst|trap.exc_buf[2,9,10]                                                                           ; Merged with neorv32_top:softcore|neorv32_cpu:\core_complex_gen:0:neorv32_cpu_inst|neorv32_cpu_control:neorv32_cpu_control_inst|trap.exc_buf[11]                                                                       ;
; neorv32_top:softcore|neorv32_cpu:\core_complex_gen:0:neorv32_cpu_inst|neorv32_cpu_control:neorv32_cpu_control_inst|trap.irq_buf[0..4,6..10,12..18]                                                                ; Merged with neorv32_top:softcore|neorv32_cpu:\core_complex_gen:0:neorv32_cpu_inst|neorv32_cpu_control:neorv32_cpu_control_inst|trap.irq_buf[19]                                                                       ;
; neorv32_top:softcore|neorv32_bus_gateway:neorv32_bus_gateway_inst|keeper.lock                                                                                                                                     ; Merged with neorv32_top:softcore|neorv32_bus_gateway:neorv32_bus_gateway_inst|keeper.ext                                                                                                                              ;
; neorv32_top:softcore|neorv32_uart:\io_system:neorv32_uart0_enabled:neorv32_uart0_inst|bus_rsp_o.data[17]                                                                                                          ; Merged with neorv32_top:softcore|neorv32_uart:\io_system:neorv32_uart0_enabled:neorv32_uart0_inst|bus_rsp_o.data[16]                                                                                                  ;
; neorv32_top:softcore|neorv32_uart:\io_system:neorv32_uart0_enabled:neorv32_uart0_inst|bus_rsp_o.data[19]                                                                                                          ; Merged with neorv32_top:softcore|neorv32_uart:\io_system:neorv32_uart0_enabled:neorv32_uart0_inst|bus_rsp_o.data[18]                                                                                                  ;
; neorv32_top:softcore|neorv32_sys_clock:\soc_generators:neorv32_sys_clock_inst|cnt2[0]                                                                                                                             ; Merged with neorv32_top:softcore|neorv32_sys_clock:\soc_generators:neorv32_sys_clock_inst|cnt[0]                                                                                                                      ;
; neorv32_top:softcore|neorv32_bus_gateway:neorv32_bus_gateway_inst|keeper.ext                                                                                                                                      ; Stuck at GND due to stuck port data_in                                                                                                                                                                                ;
; neorv32_top:softcore|neorv32_cpu:\core_complex_gen:0:neorv32_cpu_inst|neorv32_cpu_alu:neorv32_cpu_alu_inst|neorv32_cpu_alu_bitmanip:\neorv32_cpu_alu_bitmanip_enabled:neorv32_cpu_alu_bitmanip_inst|clmul.res[63] ; Stuck at GND due to stuck port data_in                                                                                                                                                                                ;
; neorv32_top:softcore|neorv32_cpu:\core_complex_gen:0:neorv32_cpu_inst|neorv32_cpu_control:neorv32_cpu_control_inst|trap.exc_buf[11]                                                                               ; Stuck at GND due to stuck port data_in                                                                                                                                                                                ;
; neorv32_top:softcore|neorv32_cpu:\core_complex_gen:0:neorv32_cpu_inst|neorv32_cpu_control:neorv32_cpu_control_inst|trap.irq_buf[19]                                                                               ; Stuck at GND due to stuck port data_in                                                                                                                                                                                ;
; neorv32_top:softcore|neorv32_cpu:\core_complex_gen:0:neorv32_cpu_inst|neorv32_cpu_control:neorv32_cpu_control_inst|exec.ir[0]                                                                                     ; Stuck at VCC due to stuck port data_in                                                                                                                                                                                ;
; neorv32_top:softcore|neorv32_cpu:\core_complex_gen:0:neorv32_cpu_inst|neorv32_cpu_control:neorv32_cpu_control_inst|ctrl.lsu_wr                                                                                    ; Merged with neorv32_top:softcore|neorv32_cpu:\core_complex_gen:0:neorv32_cpu_inst|neorv32_cpu_control:neorv32_cpu_control_inst|ctrl.lsu_rd                                                                            ;
; neorv32_top:softcore|neorv32_bus_gateway:neorv32_bus_gateway_inst|keeper.cnt[5..11]                                                                                                                               ; Lost fanout                                                                                                                                                                                                           ;
; Total Number of Removed Registers = 122                                                                                                                                                                           ;                                                                                                                                                                                                                       ;
+-------------------------------------------------------------------------------------------------------------------------------------------------------------------------------------------------------------------+-----------------------------------------------------------------------------------------------------------------------------------------------------------------------------------------------------------------------+


+---------------------------------------------------------------------------------------------------------------------------------------------------------------------------------------------------------------------------------------------------------------------------------------------------------------------------------------------------+
; Removed Registers Triggering Further Register Optimizations                                                                                                                                                                                                                                                                                       ;
+--------------------------------------------------------------------------------------------------+---------------------------+--------------------------------------------------------------------------------------------------------------------------------------------------------------------------------------------------------------------+
; Register name                                                                                    ; Reason for Removal        ; Registers Removed due to This Register                                                                                                                                                                             ;
+--------------------------------------------------------------------------------------------------+---------------------------+--------------------------------------------------------------------------------------------------------------------------------------------------------------------------------------------------------------------+
; neorv32_top:softcore|neorv32_sys_reset:\soc_generators:neorv32_sys_reset_inst|sreg_sys[0]        ; Stuck at VCC              ; neorv32_top:softcore|neorv32_sys_reset:\soc_generators:neorv32_sys_reset_inst|rstn_sys_o,                                                                                                                          ;
;                                                                                                  ; due to stuck port data_in ; neorv32_top:softcore|neorv32_cpu:\core_complex_gen:0:neorv32_cpu_inst|neorv32_cpu_control:neorv32_cpu_control_inst|csr.mstatus_mpp,                                                                                ;
;                                                                                                  ;                           ; neorv32_top:softcore|neorv32_uart:\io_system:neorv32_uart0_enabled:neorv32_uart0_inst|ctrl.sim_mode,                                                                                                               ;
;                                                                                                  ;                           ; neorv32_top:softcore|neorv32_cpu:\core_complex_gen:0:neorv32_cpu_inst|neorv32_cpu_control:neorv32_cpu_control_inst|csr.mtvec[1],                                                                                   ;
;                                                                                                  ;                           ; neorv32_top:softcore|neorv32_bus_gateway:neorv32_bus_gateway_inst|keeper.ext,                                                                                                                                      ;
;                                                                                                  ;                           ; neorv32_top:softcore|neorv32_cpu:\core_complex_gen:0:neorv32_cpu_inst|neorv32_cpu_alu:neorv32_cpu_alu_inst|neorv32_cpu_alu_bitmanip:\neorv32_cpu_alu_bitmanip_enabled:neorv32_cpu_alu_bitmanip_inst|clmul.res[63], ;
;                                                                                                  ;                           ; neorv32_top:softcore|neorv32_cpu:\core_complex_gen:0:neorv32_cpu_inst|neorv32_cpu_control:neorv32_cpu_control_inst|trap.exc_buf[11],                                                                               ;
;                                                                                                  ;                           ; neorv32_top:softcore|neorv32_cpu:\core_complex_gen:0:neorv32_cpu_inst|neorv32_cpu_control:neorv32_cpu_control_inst|trap.irq_buf[19],                                                                               ;
;                                                                                                  ;                           ; neorv32_top:softcore|neorv32_cpu:\core_complex_gen:0:neorv32_cpu_inst|neorv32_cpu_control:neorv32_cpu_control_inst|exec.ir[0],                                                                                     ;
;                                                                                                  ;                           ; neorv32_top:softcore|neorv32_bus_gateway:neorv32_bus_gateway_inst|keeper.cnt[11],                                                                                                                                  ;
;                                                                                                  ;                           ; neorv32_top:softcore|neorv32_bus_gateway:neorv32_bus_gateway_inst|keeper.cnt[10],                                                                                                                                  ;
;                                                                                                  ;                           ; neorv32_top:softcore|neorv32_bus_gateway:neorv32_bus_gateway_inst|keeper.cnt[9],                                                                                                                                   ;
;                                                                                                  ;                           ; neorv32_top:softcore|neorv32_bus_gateway:neorv32_bus_gateway_inst|keeper.cnt[8],                                                                                                                                   ;
;                                                                                                  ;                           ; neorv32_top:softcore|neorv32_bus_gateway:neorv32_bus_gateway_inst|keeper.cnt[7],                                                                                                                                   ;
;                                                                                                  ;                           ; neorv32_top:softcore|neorv32_bus_gateway:neorv32_bus_gateway_inst|keeper.cnt[6],                                                                                                                                   ;
;                                                                                                  ;                           ; neorv32_top:softcore|neorv32_bus_gateway:neorv32_bus_gateway_inst|keeper.cnt[5]                                                                                                                                    ;
; neorv32_top:softcore|neorv32_uart:\io_system:neorv32_uart0_enabled:neorv32_uart0_inst|tx.sync[0] ; Stuck at GND              ; neorv32_top:softcore|neorv32_uart:\io_system:neorv32_uart0_enabled:neorv32_uart0_inst|tx.sync[1]                                                                                                                   ;
;                                                                                                  ; due to stuck port data_in ;                                                                                                                                                                                                                    ;
+--------------------------------------------------------------------------------------------------+---------------------------+--------------------------------------------------------------------------------------------------------------------------------------------------------------------------------------------------------------------+


+------------------------------------------------------+
; General Register Statistics                          ;
+----------------------------------------------+-------+
; Statistic                                    ; Value ;
+----------------------------------------------+-------+
; Total registers                              ; 1596  ;
; Number of registers using Synchronous Clear  ; 391   ;
; Number of registers using Synchronous Load   ; 383   ;
; Number of registers using Asynchronous Clear ; 0     ;
; Number of registers using Asynchronous Load  ; 0     ;
; Number of registers using Clock Enable       ; 1089  ;
; Number of registers using Preset             ; 0     ;
+----------------------------------------------+-------+


+--------------------------------------------------------------------------------------------------------------------------------------------+
; Inverted Register Statistics                                                                                                               ;
+----------------------------------------------------------------------------------------------------------------------------------+---------+
; Inverted Register                                                                                                                ; Fan out ;
+----------------------------------------------------------------------------------------------------------------------------------+---------+
; neorv32_top:softcore|neorv32_uart:\io_system:neorv32_uart0_enabled:neorv32_uart0_inst|uart_txd_o                                 ; 1       ;
; neorv32_top:softcore|neorv32_cpu:\core_complex_gen:0:neorv32_cpu_inst|neorv32_cpu_frontend:neorv32_cpu_frontend_inst|fetch.reset ; 2       ;
; neorv32_top:softcore|neorv32_sysinfo:\io_system:neorv32_sysinfo_inst|sysinfo[0][17]                                              ; 1       ;
; neorv32_top:softcore|neorv32_sysinfo:\io_system:neorv32_sysinfo_inst|sysinfo[0][13]                                              ; 1       ;
; neorv32_top:softcore|neorv32_sysinfo:\io_system:neorv32_sysinfo_inst|sysinfo[0][19]                                              ; 1       ;
; neorv32_top:softcore|neorv32_sysinfo:\io_system:neorv32_sysinfo_inst|sysinfo[0][15]                                              ; 1       ;
; neorv32_top:softcore|neorv32_sysinfo:\io_system:neorv32_sysinfo_inst|sysinfo[0][14]                                              ; 1       ;
; neorv32_top:softcore|neorv32_sysinfo:\io_system:neorv32_sysinfo_inst|sysinfo[0][7]                                               ; 1       ;
; neorv32_top:softcore|neorv32_sysinfo:\io_system:neorv32_sysinfo_inst|sysinfo[0][23]                                              ; 1       ;
; neorv32_top:softcore|neorv32_sysinfo:\io_system:neorv32_sysinfo_inst|sysinfo[0][25]                                              ; 1       ;
; neorv32_top:softcore|neorv32_sysinfo:\io_system:neorv32_sysinfo_inst|sysinfo[0][12]                                              ; 1       ;
; neorv32_top:softcore|neorv32_sysinfo:\io_system:neorv32_sysinfo_inst|sysinfo[0][21]                                              ; 1       ;
; neorv32_top:softcore|neorv32_sysinfo:\io_system:neorv32_sysinfo_inst|sysinfo[0][20]                                              ; 1       ;
; neorv32_top:softcore|neorv32_sysinfo:\io_system:neorv32_sysinfo_inst|sysinfo[0][22]                                              ; 1       ;
; Total number of inverted registers = 14                                                                                          ;         ;
+----------------------------------------------------------------------------------------------------------------------------------+---------+


+---------------------------------------------------------------------------------------------------------------------------------------------------------------------------------------------------------------------------------------------------------------------------------------------------------------------------------------------------------------------------------------------------------------------------------+
; Registers Packed Into Inferred Megafunctions                                                                                                                                                                                                                                                                                                                                                                                    ;
+-------------------------------------------------------------------------------------------------------------------------------------------------------------------------------------------------------------+------------------------------------------------------------------------------------------------------------------------------------------------------------------------------------------------------------+------+
; Register Name                                                                                                                                                                                               ; Megafunction                                                                                                                                                                                               ; Type ;
+-------------------------------------------------------------------------------------------------------------------------------------------------------------------------------------------------------------+------------------------------------------------------------------------------------------------------------------------------------------------------------------------------------------------------------+------+
; neorv32_top:softcore|neorv32_dmem:\memory_system:neorv32_dmem_enabled:neorv32_dmem_inst|neorv32_dmem_ram:dmem_ram_inst|neorv32_prim_spram:\ram_gen:3:ram_inst|rdata[0..7]                                   ; neorv32_top:softcore|neorv32_dmem:\memory_system:neorv32_dmem_enabled:neorv32_dmem_inst|neorv32_dmem_ram:dmem_ram_inst|neorv32_prim_spram:\ram_gen:3:ram_inst|spram_rtl_0                                  ; RAM  ;
; neorv32_top:softcore|neorv32_dmem:\memory_system:neorv32_dmem_enabled:neorv32_dmem_inst|neorv32_dmem_ram:dmem_ram_inst|neorv32_prim_spram:\ram_gen:2:ram_inst|rdata[0..7]                                   ; neorv32_top:softcore|neorv32_dmem:\memory_system:neorv32_dmem_enabled:neorv32_dmem_inst|neorv32_dmem_ram:dmem_ram_inst|neorv32_prim_spram:\ram_gen:2:ram_inst|spram_rtl_0                                  ; RAM  ;
; neorv32_top:softcore|neorv32_dmem:\memory_system:neorv32_dmem_enabled:neorv32_dmem_inst|neorv32_dmem_ram:dmem_ram_inst|neorv32_prim_spram:\ram_gen:1:ram_inst|rdata[0..7]                                   ; neorv32_top:softcore|neorv32_dmem:\memory_system:neorv32_dmem_enabled:neorv32_dmem_inst|neorv32_dmem_ram:dmem_ram_inst|neorv32_prim_spram:\ram_gen:1:ram_inst|spram_rtl_0                                  ; RAM  ;
; neorv32_top:softcore|neorv32_dmem:\memory_system:neorv32_dmem_enabled:neorv32_dmem_inst|neorv32_dmem_ram:dmem_ram_inst|neorv32_prim_spram:\ram_gen:0:ram_inst|rdata[0..7]                                   ; neorv32_top:softcore|neorv32_dmem:\memory_system:neorv32_dmem_enabled:neorv32_dmem_inst|neorv32_dmem_ram:dmem_ram_inst|neorv32_prim_spram:\ram_gen:0:ram_inst|spram_rtl_0                                  ; RAM  ;
; neorv32_top:softcore|neorv32_cpu:\core_complex_gen:0:neorv32_cpu_inst|neorv32_cpu_regfile:neorv32_cpu_regfile_inst|rs1_o[0..31]                                                                             ; neorv32_top:softcore|neorv32_cpu:\core_complex_gen:0:neorv32_cpu_inst|neorv32_cpu_regfile:neorv32_cpu_regfile_inst|regfile_rtl_0                                                                           ; RAM  ;
; neorv32_top:softcore|neorv32_cpu:\core_complex_gen:0:neorv32_cpu_inst|neorv32_cpu_regfile:neorv32_cpu_regfile_inst|rs2_o[0..31]                                                                             ; neorv32_top:softcore|neorv32_cpu:\core_complex_gen:0:neorv32_cpu_inst|neorv32_cpu_regfile:neorv32_cpu_regfile_inst|regfile_rtl_1                                                                           ; RAM  ;
; neorv32_top:softcore|neorv32_imem:\memory_system:neorv32_imem_enabled:neorv32_imem_inst|neorv32_imem_rom:\imem_rom:imem_rom_inst|rdata[0..31]                                                               ; neorv32_top:softcore|neorv32_imem:\memory_system:neorv32_imem_enabled:neorv32_imem_inst|neorv32_imem_rom:\imem_rom:imem_rom_inst|Mux27_rtl_0                                                               ; ROM  ;
; neorv32_top:softcore|neorv32_cpu:\core_complex_gen:0:neorv32_cpu_inst|neorv32_cpu_alu:neorv32_cpu_alu_inst|neorv32_cpu_alu_crypto:\neorv32_cpu_alu_crypto_enabled:neorv32_cpu_alu_crypto_inst|aes.so[0..7]  ; neorv32_top:softcore|neorv32_cpu:\core_complex_gen:0:neorv32_cpu_inst|neorv32_cpu_alu:neorv32_cpu_alu_inst|neorv32_cpu_alu_crypto:\neorv32_cpu_alu_crypto_enabled:neorv32_cpu_alu_crypto_inst|Mux104_rtl_0 ; ROM  ;
; neorv32_top:softcore|neorv32_cpu:\core_complex_gen:0:neorv32_cpu_inst|neorv32_cpu_alu:neorv32_cpu_alu_inst|neorv32_cpu_alu_crypto:\neorv32_cpu_alu_crypto_enabled:neorv32_cpu_alu_crypto_inst|sm4.so1[0..7] ; neorv32_top:softcore|neorv32_cpu:\core_complex_gen:0:neorv32_cpu_inst|neorv32_cpu_alu:neorv32_cpu_alu_inst|neorv32_cpu_alu_crypto:\neorv32_cpu_alu_crypto_enabled:neorv32_cpu_alu_crypto_inst|Mux104_rtl_0 ; ROM  ;
+-------------------------------------------------------------------------------------------------------------------------------------------------------------------------------------------------------------+------------------------------------------------------------------------------------------------------------------------------------------------------------------------------------------------------------+------+


+-------------------------------------------------------------------------------------------------------------------------------------------------------------------------------------------------------------------------------------------------------------------------------------------------------------------------------------------------------+
; Multiplexer Restructuring Statistics (Restructuring Performed)                                                                                                                                                                                                                                                                                        ;
+--------------------+-----------+---------------+----------------------+------------------------+------------+-----------------------------------------------------------------------------------------------------------------------------------------------------------------------------------------------------------------------------------------+
; Multiplexer Inputs ; Bus Width ; Baseline Area ; Area if Restructured ; Saving if Restructured ; Registered ; Example Multiplexer Output                                                                                                                                                                                                              ;
+--------------------+-----------+---------------+----------------------+------------------------+------------+-----------------------------------------------------------------------------------------------------------------------------------------------------------------------------------------------------------------------------------------+
; 3:1                ; 16 bits   ; 32 LEs        ; 0 LEs                ; 32 LEs                 ; Yes        ; |kyber_neorv32_top|neorv32_top:softcore|neorv32_cpu:\core_complex_gen:0:neorv32_cpu_inst|neorv32_cpu_lsu:neorv32_cpu_lsu_inst|rdata_o[29]                                                                                               ;
; 3:1                ; 4 bits    ; 8 LEs         ; 8 LEs                ; 0 LEs                  ; Yes        ; |kyber_neorv32_top|neorv32_top:softcore|neorv32_cpu:\core_complex_gen:0:neorv32_cpu_inst|neorv32_cpu_lsu:neorv32_cpu_lsu_inst|req.ben[3]                                                                                                ;
; 4:1                ; 8 bits    ; 16 LEs        ; 16 LEs               ; 0 LEs                  ; Yes        ; |kyber_neorv32_top|neorv32_top:softcore|neorv32_cpu:\core_complex_gen:0:neorv32_cpu_inst|neorv32_cpu_lsu:neorv32_cpu_lsu_inst|req.data[27]                                                                                              ;
; 3:1                ; 12 bits   ; 24 LEs        ; 0 LEs                ; 24 LEs                 ; Yes        ; |kyber_neorv32_top|neorv32_top:softcore|neorv32_cpu:\core_complex_gen:0:neorv32_cpu_inst|neorv32_cpu_alu:neorv32_cpu_alu_inst|neorv32_cpu_alu_bitmanip:\neorv32_cpu_alu_bitmanip_enabled:neorv32_cpu_alu_bitmanip_inst|shifter.bcnt[0]  ;
; 3:1                ; 31 bits   ; 62 LEs        ; 0 LEs                ; 62 LEs                 ; Yes        ; |kyber_neorv32_top|neorv32_top:softcore|neorv32_cpu:\core_complex_gen:0:neorv32_cpu_inst|neorv32_cpu_alu:neorv32_cpu_alu_inst|neorv32_cpu_alu_bitmanip:\neorv32_cpu_alu_bitmanip_enabled:neorv32_cpu_alu_bitmanip_inst|clmul.res[6]     ;
; 3:1                ; 5 bits    ; 10 LEs        ; 5 LEs                ; 5 LEs                  ; Yes        ; |kyber_neorv32_top|neorv32_top:softcore|neorv32_cpu:\core_complex_gen:0:neorv32_cpu_inst|neorv32_cpu_alu:neorv32_cpu_alu_inst|neorv32_cpu_alu_bitmanip:\neorv32_cpu_alu_bitmanip_enabled:neorv32_cpu_alu_bitmanip_inst|clmul.cnt[4]     ;
; 3:1                ; 8 bits    ; 16 LEs        ; 8 LEs                ; 8 LEs                  ; Yes        ; |kyber_neorv32_top|neorv32_top:softcore|neorv32_gpio:\io_system:neorv32_gpio_enabled:neorv32_gpio_inst|irq_clrn[6]                                                                                                                      ;
; 3:1                ; 2 bits    ; 4 LEs         ; 2 LEs                ; 2 LEs                  ; Yes        ; |kyber_neorv32_top|neorv32_top:softcore|neorv32_cpu:\core_complex_gen:0:neorv32_cpu_inst|neorv32_cpu_frontend:neorv32_cpu_frontend_inst|neorv32_cpu_frontend_ipb:\prefetch_buffer:0:ipb_inst|r_pnt[1]                                   ;
; 3:1                ; 2 bits    ; 4 LEs         ; 2 LEs                ; 2 LEs                  ; Yes        ; |kyber_neorv32_top|neorv32_top:softcore|neorv32_cpu:\core_complex_gen:0:neorv32_cpu_inst|neorv32_cpu_frontend:neorv32_cpu_frontend_inst|neorv32_cpu_frontend_ipb:\prefetch_buffer:0:ipb_inst|w_pnt[1]                                   ;
; 3:1                ; 2 bits    ; 4 LEs         ; 2 LEs                ; 2 LEs                  ; Yes        ; |kyber_neorv32_top|neorv32_top:softcore|neorv32_cpu:\core_complex_gen:0:neorv32_cpu_inst|neorv32_cpu_frontend:neorv32_cpu_frontend_inst|neorv32_cpu_frontend_ipb:\prefetch_buffer:1:ipb_inst|r_pnt[1]                                   ;
; 3:1                ; 2 bits    ; 4 LEs         ; 2 LEs                ; 2 LEs                  ; Yes        ; |kyber_neorv32_top|neorv32_top:softcore|neorv32_cpu:\core_complex_gen:0:neorv32_cpu_inst|neorv32_cpu_frontend:neorv32_cpu_frontend_inst|neorv32_cpu_frontend_ipb:\prefetch_buffer:1:ipb_inst|w_pnt[0]                                   ;
; 3:1                ; 2 bits    ; 4 LEs         ; 4 LEs                ; 0 LEs                  ; Yes        ; |kyber_neorv32_top|neorv32_top:softcore|neorv32_cpu:\core_complex_gen:0:neorv32_cpu_inst|neorv32_cpu_control:neorv32_cpu_control_inst|ctrl.alu_sub                                                                                      ;
; 3:1                ; 5 bits    ; 10 LEs        ; 5 LEs                ; 5 LEs                  ; Yes        ; |kyber_neorv32_top|neorv32_top:softcore|neorv32_cpu:\core_complex_gen:0:neorv32_cpu_inst|neorv32_cpu_alu:neorv32_cpu_alu_inst|neorv32_cpu_alu_shifter:neorv32_cpu_alu_shifter_inst|serial.cnt[2]                                        ;
; 3:1                ; 6 bits    ; 12 LEs        ; 6 LEs                ; 6 LEs                  ; Yes        ; |kyber_neorv32_top|neorv32_top:softcore|neorv32_cpu:\core_complex_gen:0:neorv32_cpu_inst|neorv32_cpu_control:neorv32_cpu_control_inst|csr.mcause[5]                                                                                     ;
; 3:1                ; 31 bits   ; 62 LEs        ; 0 LEs                ; 62 LEs                 ; Yes        ; |kyber_neorv32_top|neorv32_top:softcore|neorv32_cpu:\core_complex_gen:0:neorv32_cpu_inst|neorv32_cpu_alu:neorv32_cpu_alu_inst|neorv32_cpu_alu_muldiv:\neorv32_cpu_alu_muldiv_enabled:neorv32_cpu_alu_muldiv_inst|mul.res[17]            ;
; 3:1                ; 17 bits   ; 34 LEs        ; 0 LEs                ; 34 LEs                 ; Yes        ; |kyber_neorv32_top|neorv32_top:softcore|neorv32_sysinfo:\io_system:neorv32_sysinfo_inst|bus_rsp_o.data[7]                                                                                                                               ;
; 5:1                ; 12 bits   ; 36 LEs        ; 0 LEs                ; 36 LEs                 ; Yes        ; |kyber_neorv32_top|neorv32_top:softcore|neorv32_bus_gateway:neorv32_bus_gateway_inst|keeper.cnt[0]                                                                                                                                      ;
; 4:1                ; 32 bits   ; 64 LEs        ; 32 LEs               ; 32 LEs                 ; Yes        ; |kyber_neorv32_top|neorv32_top:softcore|neorv32_cpu:\core_complex_gen:0:neorv32_cpu_inst|neorv32_cpu_alu:neorv32_cpu_alu_inst|neorv32_cpu_alu_muldiv:\neorv32_cpu_alu_muldiv_enabled:neorv32_cpu_alu_muldiv_inst|mul.res[46]            ;
; 5:1                ; 15 bits   ; 45 LEs        ; 30 LEs               ; 15 LEs                 ; Yes        ; |kyber_neorv32_top|neorv32_top:softcore|neorv32_sysinfo:\io_system:neorv32_sysinfo_inst|bus_rsp_o.data[1]                                                                                                                               ;
; 4:1                ; 32 bits   ; 64 LEs        ; 64 LEs               ; 0 LEs                  ; Yes        ; |kyber_neorv32_top|neorv32_top:softcore|neorv32_cpu:\core_complex_gen:0:neorv32_cpu_inst|neorv32_cpu_alu:neorv32_cpu_alu_inst|neorv32_cpu_alu_bitmanip:\neorv32_cpu_alu_bitmanip_enabled:neorv32_cpu_alu_bitmanip_inst|shifter.sreg[25] ;
; 4:1                ; 30 bits   ; 60 LEs        ; 0 LEs                ; 60 LEs                 ; Yes        ; |kyber_neorv32_top|neorv32_top:softcore|neorv32_cpu:\core_complex_gen:0:neorv32_cpu_inst|neorv32_cpu_alu:neorv32_cpu_alu_inst|neorv32_cpu_alu_bitmanip:\neorv32_cpu_alu_bitmanip_enabled:neorv32_cpu_alu_bitmanip_inst|clmul.res[58]    ;
; 4:1                ; 31 bits   ; 62 LEs        ; 62 LEs               ; 0 LEs                  ; Yes        ; |kyber_neorv32_top|neorv32_top:softcore|neorv32_cpu:\core_complex_gen:0:neorv32_cpu_inst|neorv32_cpu_control:neorv32_cpu_control_inst|csr.mepc[24]                                                                                      ;
; 5:1                ; 5 bits    ; 15 LEs        ; 5 LEs                ; 10 LEs                 ; Yes        ; |kyber_neorv32_top|neorv32_top:softcore|neorv32_uart:\io_system:neorv32_uart0_enabled:neorv32_uart0_inst|tx.sreg[0]                                                                                                                     ;
; 5:1                ; 7 bits    ; 21 LEs        ; 7 LEs                ; 14 LEs                 ; Yes        ; |kyber_neorv32_top|neorv32_top:softcore|neorv32_uart:\io_system:neorv32_uart0_enabled:neorv32_uart0_inst|tx.sreg[6]                                                                                                                     ;
; 5:1                ; 4 bits    ; 12 LEs        ; 4 LEs                ; 8 LEs                  ; Yes        ; |kyber_neorv32_top|neorv32_top:softcore|neorv32_uart:\io_system:neorv32_uart0_enabled:neorv32_uart0_inst|rx.bitcnt[1]                                                                                                                   ;
; 4:1                ; 32 bits   ; 64 LEs        ; 64 LEs               ; 0 LEs                  ; Yes        ; |kyber_neorv32_top|neorv32_top:softcore|neorv32_cpu:\core_complex_gen:0:neorv32_cpu_inst|neorv32_cpu_alu:neorv32_cpu_alu_inst|neorv32_cpu_alu_muldiv:\neorv32_cpu_alu_muldiv_enabled:neorv32_cpu_alu_muldiv_inst|div.quot[9]            ;
; 4:1                ; 31 bits   ; 62 LEs        ; 62 LEs               ; 0 LEs                  ; Yes        ; |kyber_neorv32_top|neorv32_top:softcore|neorv32_cpu:\core_complex_gen:0:neorv32_cpu_inst|neorv32_cpu_alu:neorv32_cpu_alu_inst|neorv32_cpu_alu_shifter:neorv32_cpu_alu_shifter_inst|serial.sreg[7]                                       ;
; 4:1                ; 16 bits   ; 32 LEs        ; 0 LEs                ; 32 LEs                 ; Yes        ; |kyber_neorv32_top|neorv32_top:softcore|neorv32_uart:\io_system:neorv32_uart0_enabled:neorv32_uart0_inst|bus_rsp_o.data[10]                                                                                                             ;
; 4:1                ; 7 bits    ; 14 LEs        ; 14 LEs               ; 0 LEs                  ; Yes        ; |kyber_neorv32_top|neorv32_top:softcore|neorv32_uart:\io_system:neorv32_uart0_enabled:neorv32_uart0_inst|bus_rsp_o.data[7]                                                                                                              ;
; 4:1                ; 32 bits   ; 64 LEs        ; 0 LEs                ; 64 LEs                 ; Yes        ; |kyber_neorv32_top|neorv32_top:softcore|neorv32_cpu:\core_complex_gen:0:neorv32_cpu_inst|neorv32_cpu_alu:neorv32_cpu_alu_inst|neorv32_cpu_alu_muldiv:\neorv32_cpu_alu_muldiv_enabled:neorv32_cpu_alu_muldiv_inst|div.rema[18]           ;
; 4:1                ; 30 bits   ; 60 LEs        ; 0 LEs                ; 60 LEs                 ; Yes        ; |kyber_neorv32_top|neorv32_top:softcore|neorv32_cpu:\core_complex_gen:0:neorv32_cpu_inst|neorv32_cpu_frontend:neorv32_cpu_frontend_inst|fetch.addr[2]                                                                                   ;
; 9:1                ; 8 bits    ; 48 LEs        ; 16 LEs               ; 32 LEs                 ; Yes        ; |kyber_neorv32_top|neorv32_top:softcore|neorv32_gpio:\io_system:neorv32_gpio_enabled:neorv32_gpio_inst|bus_rsp_o.data[1]                                                                                                                ;
; 5:1                ; 7 bits    ; 21 LEs        ; 14 LEs               ; 7 LEs                  ; Yes        ; |kyber_neorv32_top|neorv32_top:softcore|neorv32_cpu:\core_complex_gen:0:neorv32_cpu_inst|neorv32_cpu_lsu:neorv32_cpu_lsu_inst|rdata_o[8]                                                                                                ;
; 6:1                ; 10 bits   ; 40 LEs        ; 0 LEs                ; 40 LEs                 ; Yes        ; |kyber_neorv32_top|neorv32_top:softcore|neorv32_uart:\io_system:neorv32_uart0_enabled:neorv32_uart0_inst|tx.baudcnt[8]                                                                                                                  ;
; 6:1                ; 9 bits    ; 36 LEs        ; 18 LEs               ; 18 LEs                 ; Yes        ; |kyber_neorv32_top|neorv32_top:softcore|neorv32_uart:\io_system:neorv32_uart0_enabled:neorv32_uart0_inst|rx.baudcnt[0]                                                                                                                  ;
; 7:1                ; 11 bits   ; 44 LEs        ; 22 LEs               ; 22 LEs                 ; Yes        ; |kyber_neorv32_top|neorv32_top:softcore|neorv32_cpu:\core_complex_gen:0:neorv32_cpu_inst|neorv32_cpu_control:neorv32_cpu_control_inst|ctrl.alu_imm[21]                                                                                  ;
; 32:1               ; 2 bits    ; 42 LEs        ; 4 LEs                ; 38 LEs                 ; Yes        ; |kyber_neorv32_top|neorv32_top:softcore|neorv32_cpu:\core_complex_gen:0:neorv32_cpu_inst|neorv32_cpu_control:neorv32_cpu_control_inst|ctrl.lsu_wr                                                                                       ;
; 7:1                ; 2 bits    ; 8 LEs         ; 4 LEs                ; 4 LEs                  ; Yes        ; |kyber_neorv32_top|neorv32_top:softcore|neorv32_bus_gateway:neorv32_bus_gateway_inst|keeper.state[0]                                                                                                                                    ;
; 6:1                ; 25 bits   ; 100 LEs       ; 50 LEs               ; 50 LEs                 ; Yes        ; |kyber_neorv32_top|neorv32_top:softcore|neorv32_cpu:\core_complex_gen:0:neorv32_cpu_inst|neorv32_cpu_control:neorv32_cpu_control_inst|exec.pc2[17]                                                                                      ;
; 9:1                ; 7 bits    ; 42 LEs        ; 21 LEs               ; 21 LEs                 ; Yes        ; |kyber_neorv32_top|neorv32_top:softcore|neorv32_cpu:\core_complex_gen:0:neorv32_cpu_inst|neorv32_cpu_lsu:neorv32_cpu_lsu_inst|rdata_o[3]                                                                                                ;
; 7:1                ; 16 bits   ; 64 LEs        ; 32 LEs               ; 32 LEs                 ; Yes        ; |kyber_neorv32_top|neorv32_top:softcore|neorv32_cpu:\core_complex_gen:0:neorv32_cpu_inst|neorv32_cpu_control:neorv32_cpu_control_inst|csr.mtval[31]                                                                                     ;
; 7:1                ; 16 bits   ; 64 LEs        ; 32 LEs               ; 32 LEs                 ; Yes        ; |kyber_neorv32_top|neorv32_top:softcore|neorv32_cpu:\core_complex_gen:0:neorv32_cpu_inst|neorv32_cpu_control:neorv32_cpu_control_inst|csr.mtval[4]                                                                                      ;
; 12:1               ; 6 bits    ; 48 LEs        ; 12 LEs               ; 36 LEs                 ; Yes        ; |kyber_neorv32_top|neorv32_top:softcore|neorv32_cpu:\core_complex_gen:0:neorv32_cpu_inst|neorv32_cpu_control:neorv32_cpu_control_inst|ctrl.alu_imm[9]                                                                                   ;
; 7:1                ; 5 bits    ; 20 LEs        ; 10 LEs               ; 10 LEs                 ; Yes        ; |kyber_neorv32_top|neorv32_top:softcore|neorv32_cpu:\core_complex_gen:0:neorv32_cpu_inst|neorv32_cpu_control:neorv32_cpu_control_inst|exec.pc2[4]                                                                                       ;
; 7:1                ; 4 bits    ; 16 LEs        ; 16 LEs               ; 0 LEs                  ; Yes        ; |kyber_neorv32_top|neorv32_top:softcore|neorv32_cpu:\core_complex_gen:0:neorv32_cpu_inst|neorv32_cpu_control:neorv32_cpu_control_inst|csr_rdata[5]                                                                                      ;
; 10:1               ; 8 bits    ; 48 LEs        ; 16 LEs               ; 32 LEs                 ; Yes        ; |kyber_neorv32_top|neorv32_top:softcore|neorv32_cpu:\core_complex_gen:0:neorv32_cpu_inst|neorv32_cpu_control:neorv32_cpu_control_inst|ctrl.alu_imm[18]                                                                                  ;
; 8:1                ; 3 bits    ; 15 LEs        ; 15 LEs               ; 0 LEs                  ; Yes        ; |kyber_neorv32_top|neorv32_top:softcore|neorv32_cpu:\core_complex_gen:0:neorv32_cpu_inst|neorv32_cpu_control:neorv32_cpu_control_inst|csr_rdata[13]                                                                                     ;
; 13:1               ; 2 bits    ; 16 LEs        ; 4 LEs                ; 12 LEs                 ; Yes        ; |kyber_neorv32_top|neorv32_top:softcore|neorv32_cpu:\core_complex_gen:0:neorv32_cpu_inst|neorv32_cpu_control:neorv32_cpu_control_inst|ctrl.alu_imm[1]                                                                                   ;
; 13:1               ; 2 bits    ; 16 LEs        ; 4 LEs                ; 12 LEs                 ; Yes        ; |kyber_neorv32_top|neorv32_top:softcore|neorv32_cpu:\core_complex_gen:0:neorv32_cpu_inst|neorv32_cpu_control:neorv32_cpu_control_inst|ctrl.alu_imm[4]                                                                                   ;
; 9:1                ; 3 bits    ; 18 LEs        ; 18 LEs               ; 0 LEs                  ; Yes        ; |kyber_neorv32_top|neorv32_top:softcore|neorv32_cpu:\core_complex_gen:0:neorv32_cpu_inst|neorv32_cpu_control:neorv32_cpu_control_inst|csr_rdata[29]                                                                                     ;
; 16:1               ; 25 bits   ; 250 LEs       ; 175 LEs              ; 75 LEs                 ; Yes        ; |kyber_neorv32_top|neorv32_top:softcore|neorv32_cpu:\core_complex_gen:0:neorv32_cpu_inst|neorv32_cpu_alu:neorv32_cpu_alu_inst|neorv32_cpu_alu_crypto:\neorv32_cpu_alu_crypto_enabled:neorv32_cpu_alu_crypto_inst|res_o[13]              ;
; 16:1               ; 6 bits    ; 60 LEs        ; 54 LEs               ; 6 LEs                  ; Yes        ; |kyber_neorv32_top|neorv32_top:softcore|neorv32_cpu:\core_complex_gen:0:neorv32_cpu_inst|neorv32_cpu_alu:neorv32_cpu_alu_inst|neorv32_cpu_alu_crypto:\neorv32_cpu_alu_crypto_enabled:neorv32_cpu_alu_crypto_inst|res_o[26]              ;
; 10:1               ; 5 bits    ; 30 LEs        ; 30 LEs               ; 0 LEs                  ; Yes        ; |kyber_neorv32_top|neorv32_top:softcore|neorv32_cpu:\core_complex_gen:0:neorv32_cpu_inst|neorv32_cpu_control:neorv32_cpu_control_inst|csr_rdata[27]                                                                                     ;
; 10:1               ; 2 bits    ; 12 LEs        ; 12 LEs               ; 0 LEs                  ; Yes        ; |kyber_neorv32_top|neorv32_top:softcore|neorv32_cpu:\core_complex_gen:0:neorv32_cpu_inst|neorv32_cpu_control:neorv32_cpu_control_inst|csr_rdata[20]                                                                                     ;
; 4:1                ; 29 bits   ; 58 LEs        ; 58 LEs               ; 0 LEs                  ; No         ; |kyber_neorv32_top|neorv32_top:softcore|neorv32_cpu:\core_complex_gen:0:neorv32_cpu_inst|neorv32_cpu_alu:neorv32_cpu_alu_inst|neorv32_cpu_alu_bitmanip:\neorv32_cpu_alu_bitmanip_enabled:neorv32_cpu_alu_bitmanip_inst|Mux8             ;
; 3:1                ; 30 bits   ; 60 LEs        ; 60 LEs               ; 0 LEs                  ; No         ; |kyber_neorv32_top|neorv32_top:softcore|neorv32_cpu:\core_complex_gen:0:neorv32_cpu_inst|neorv32_cpu_alu:neorv32_cpu_alu_inst|neorv32_cpu_alu_bitmanip:\neorv32_cpu_alu_bitmanip_enabled:neorv32_cpu_alu_bitmanip_inst|res_out[17][26]  ;
; 3:1                ; 31 bits   ; 62 LEs        ; 62 LEs               ; 0 LEs                  ; No         ; |kyber_neorv32_top|neorv32_top:softcore|neorv32_cpu:\core_complex_gen:0:neorv32_cpu_inst|neorv32_cpu_alu:neorv32_cpu_alu_inst|neorv32_cpu_alu_bitmanip:\neorv32_cpu_alu_bitmanip_enabled:neorv32_cpu_alu_bitmanip_inst|res_out[19][19]  ;
; 4:1                ; 32 bits   ; 64 LEs        ; 64 LEs               ; 0 LEs                  ; No         ; |kyber_neorv32_top|neorv32_top:softcore|neorv32_cpu:\core_complex_gen:0:neorv32_cpu_inst|neorv32_cpu_control:neorv32_cpu_control_inst|Mux88                                                                                             ;
; 3:1                ; 8 bits    ; 16 LEs        ; 16 LEs               ; 0 LEs                  ; No         ; |kyber_neorv32_top|neorv32_top:softcore|neorv32_cpu:\core_complex_gen:0:neorv32_cpu_inst|neorv32_cpu_alu:neorv32_cpu_alu_inst|neorv32_cpu_alu_bitmanip:\neorv32_cpu_alu_bitmanip_enabled:neorv32_cpu_alu_bitmanip_inst|res_out[6][8]    ;
; 3:1                ; 2 bits    ; 4 LEs         ; 4 LEs                ; 0 LEs                  ; No         ; |kyber_neorv32_top|neorv32_top:softcore|neorv32_cpu:\core_complex_gen:0:neorv32_cpu_inst|neorv32_cpu_frontend:neorv32_cpu_frontend_inst|fetch                                                                                           ;
; 3:1                ; 5 bits    ; 10 LEs        ; 10 LEs               ; 0 LEs                  ; No         ; |kyber_neorv32_top|neorv32_top:softcore|neorv32_cpu:\core_complex_gen:0:neorv32_cpu_inst|neorv32_cpu_regfile:neorv32_cpu_regfile_inst|regfile.raddr_a[2]                                                                                ;
; 4:1                ; 8 bits    ; 16 LEs        ; 16 LEs               ; 0 LEs                  ; No         ; |kyber_neorv32_top|neorv32_top:softcore|neorv32_cpu:\core_complex_gen:0:neorv32_cpu_inst|neorv32_cpu_alu:neorv32_cpu_alu_inst|neorv32_cpu_alu_crypto:\neorv32_cpu_alu_crypto_enabled:neorv32_cpu_alu_crypto_inst|Mux65                  ;
; 3:1                ; 32 bits   ; 64 LEs        ; 64 LEs               ; 0 LEs                  ; No         ; |kyber_neorv32_top|neorv32_top:softcore|neorv32_cpu:\core_complex_gen:0:neorv32_cpu_inst|neorv32_cpu_alu:neorv32_cpu_alu_inst|neorv32_cpu_alu_bitmanip:\neorv32_cpu_alu_bitmanip_enabled:neorv32_cpu_alu_bitmanip_inst|res_out[5][10]   ;
; 4:1                ; 32 bits   ; 64 LEs        ; 64 LEs               ; 0 LEs                  ; No         ; |kyber_neorv32_top|neorv32_top:softcore|neorv32_cpu:\core_complex_gen:0:neorv32_cpu_inst|neorv32_cpu_alu:neorv32_cpu_alu_inst|neorv32_cpu_alu_crypto:\neorv32_cpu_alu_crypto_enabled:neorv32_cpu_alu_crypto_inst|Mux103                 ;
; 3:1                ; 16 bits   ; 32 LEs        ; 32 LEs               ; 0 LEs                  ; No         ; |kyber_neorv32_top|neorv32_top:softcore|neorv32_cpu:\core_complex_gen:0:neorv32_cpu_inst|neorv32_cpu_alu:neorv32_cpu_alu_inst|neorv32_cpu_alu_bitmanip:\neorv32_cpu_alu_bitmanip_enabled:neorv32_cpu_alu_bitmanip_inst|res_out[16][27]  ;
; 3:1                ; 8 bits    ; 16 LEs        ; 16 LEs               ; 0 LEs                  ; No         ; |kyber_neorv32_top|neorv32_top:softcore|neorv32_cpu:\core_complex_gen:0:neorv32_cpu_inst|neorv32_cpu_alu:neorv32_cpu_alu_inst|neorv32_cpu_alu_bitmanip:\neorv32_cpu_alu_bitmanip_enabled:neorv32_cpu_alu_bitmanip_inst|res_out[16][15]  ;
; 3:1                ; 2 bits    ; 4 LEs         ; 4 LEs                ; 0 LEs                  ; No         ; |kyber_neorv32_top|neorv32_top:softcore|neorv32_cpu:\core_complex_gen:0:neorv32_cpu_inst|neorv32_cpu_alu:neorv32_cpu_alu_inst|neorv32_cpu_alu_muldiv:\neorv32_cpu_alu_muldiv_enabled:neorv32_cpu_alu_muldiv_inst|ctrl                   ;
; 3:1                ; 4 bits    ; 8 LEs         ; 8 LEs                ; 0 LEs                  ; No         ; |kyber_neorv32_top|neorv32_top:softcore|neorv32_dmem:\memory_system:neorv32_dmem_enabled:neorv32_dmem_inst|ben[2]                                                                                                                       ;
; 4:1                ; 2 bits    ; 4 LEs         ; 4 LEs                ; 0 LEs                  ; No         ; |kyber_neorv32_top|neorv32_top:softcore|neorv32_cpu:\core_complex_gen:0:neorv32_cpu_inst|neorv32_cpu_control:neorv32_cpu_control_inst|trap.ebreak                                                                                       ;
; 8:1                ; 31 bits   ; 155 LEs       ; 155 LEs              ; 0 LEs                  ; No         ; |kyber_neorv32_top|neorv32_top:softcore|neorv32_cpu:\core_complex_gen:0:neorv32_cpu_inst|neorv32_cpu_alu:neorv32_cpu_alu_inst|Mux2                                                                                                      ;
; 5:1                ; 3 bits    ; 9 LEs         ; 6 LEs                ; 3 LEs                  ; No         ; |kyber_neorv32_top|neorv32_top:softcore|neorv32_bus_switch:\core_complex_gen:0:neorv32_core_bus_switch_inst|Selector3                                                                                                                   ;
; 7:1                ; 32 bits   ; 128 LEs       ; 96 LEs               ; 32 LEs                 ; No         ; |kyber_neorv32_top|neorv32_top:softcore|neorv32_cpu:\core_complex_gen:0:neorv32_cpu_inst|neorv32_cpu_alu:neorv32_cpu_alu_inst|neorv32_cpu_alu_muldiv:\neorv32_cpu_alu_muldiv_enabled:neorv32_cpu_alu_muldiv_inst|res_o[23]              ;
; 7:1                ; 2 bits    ; 8 LEs         ; 8 LEs                ; 0 LEs                  ; No         ; |kyber_neorv32_top|neorv32_top:softcore|neorv32_cpu:\core_complex_gen:0:neorv32_cpu_inst|neorv32_cpu_control:neorv32_cpu_control_inst|trap.cause[0]                                                                                     ;
; 10:1               ; 3 bits    ; 18 LEs        ; 18 LEs               ; 0 LEs                  ; No         ; |kyber_neorv32_top|neorv32_top:softcore|neorv32_cpu:\core_complex_gen:0:neorv32_cpu_inst|neorv32_cpu_control:neorv32_cpu_control_inst|trap.cause[4]                                                                                     ;
; 15:1               ; 4 bits    ; 40 LEs        ; 28 LEs               ; 12 LEs                 ; No         ; |kyber_neorv32_top|neorv32_top:softcore|neorv32_cpu:\core_complex_gen:0:neorv32_cpu_inst|neorv32_cpu_alu:neorv32_cpu_alu_inst|neorv32_cpu_alu_bitmanip:\neorv32_cpu_alu_bitmanip_enabled:neorv32_cpu_alu_bitmanip_inst|res_out[21][0]   ;
; 15:1               ; 4 bits    ; 40 LEs        ; 28 LEs               ; 12 LEs                 ; No         ; |kyber_neorv32_top|neorv32_top:softcore|neorv32_cpu:\core_complex_gen:0:neorv32_cpu_inst|neorv32_cpu_alu:neorv32_cpu_alu_inst|neorv32_cpu_alu_bitmanip:\neorv32_cpu_alu_bitmanip_enabled:neorv32_cpu_alu_bitmanip_inst|res_out[21][4]   ;
; 15:1               ; 4 bits    ; 40 LEs        ; 28 LEs               ; 12 LEs                 ; No         ; |kyber_neorv32_top|neorv32_top:softcore|neorv32_cpu:\core_complex_gen:0:neorv32_cpu_inst|neorv32_cpu_alu:neorv32_cpu_alu_inst|neorv32_cpu_alu_bitmanip:\neorv32_cpu_alu_bitmanip_enabled:neorv32_cpu_alu_bitmanip_inst|res_out[21][30]  ;
; 15:1               ; 4 bits    ; 40 LEs        ; 28 LEs               ; 12 LEs                 ; No         ; |kyber_neorv32_top|neorv32_top:softcore|neorv32_cpu:\core_complex_gen:0:neorv32_cpu_inst|neorv32_cpu_alu:neorv32_cpu_alu_inst|neorv32_cpu_alu_bitmanip:\neorv32_cpu_alu_bitmanip_enabled:neorv32_cpu_alu_bitmanip_inst|res_out[21][27]  ;
; 15:1               ; 4 bits    ; 40 LEs        ; 28 LEs               ; 12 LEs                 ; No         ; |kyber_neorv32_top|neorv32_top:softcore|neorv32_cpu:\core_complex_gen:0:neorv32_cpu_inst|neorv32_cpu_alu:neorv32_cpu_alu_inst|neorv32_cpu_alu_bitmanip:\neorv32_cpu_alu_bitmanip_enabled:neorv32_cpu_alu_bitmanip_inst|res_out[21][23]  ;
; 15:1               ; 4 bits    ; 40 LEs        ; 28 LEs               ; 12 LEs                 ; No         ; |kyber_neorv32_top|neorv32_top:softcore|neorv32_cpu:\core_complex_gen:0:neorv32_cpu_inst|neorv32_cpu_alu:neorv32_cpu_alu_inst|neorv32_cpu_alu_bitmanip:\neorv32_cpu_alu_bitmanip_enabled:neorv32_cpu_alu_bitmanip_inst|res_out[21][18]  ;
; 15:1               ; 4 bits    ; 40 LEs        ; 28 LEs               ; 12 LEs                 ; No         ; |kyber_neorv32_top|neorv32_top:softcore|neorv32_cpu:\core_complex_gen:0:neorv32_cpu_inst|neorv32_cpu_alu:neorv32_cpu_alu_inst|neorv32_cpu_alu_bitmanip:\neorv32_cpu_alu_bitmanip_enabled:neorv32_cpu_alu_bitmanip_inst|res_out[21][12]  ;
; 15:1               ; 4 bits    ; 40 LEs        ; 28 LEs               ; 12 LEs                 ; No         ; |kyber_neorv32_top|neorv32_top:softcore|neorv32_cpu:\core_complex_gen:0:neorv32_cpu_inst|neorv32_cpu_alu:neorv32_cpu_alu_inst|neorv32_cpu_alu_bitmanip:\neorv32_cpu_alu_bitmanip_enabled:neorv32_cpu_alu_bitmanip_inst|res_out[21][11]  ;
; 10:1               ; 2 bits    ; 12 LEs        ; 6 LEs                ; 6 LEs                  ; No         ; |kyber_neorv32_top|neorv32_top:softcore|neorv32_cpu:\core_complex_gen:0:neorv32_cpu_inst|neorv32_cpu_control:neorv32_cpu_control_inst|Selector5                                                                                         ;
; 11:1               ; 3 bits    ; 21 LEs        ; 9 LEs                ; 12 LEs                 ; No         ; |kyber_neorv32_top|neorv32_top:softcore|neorv32_cpu:\core_complex_gen:0:neorv32_cpu_inst|neorv32_cpu_control:neorv32_cpu_control_inst|Selector9                                                                                         ;
; 13:1               ; 2 bits    ; 16 LEs        ; 8 LEs                ; 8 LEs                  ; No         ; |kyber_neorv32_top|neorv32_top:softcore|neorv32_cpu:\core_complex_gen:0:neorv32_cpu_inst|neorv32_cpu_control:neorv32_cpu_control_inst|Selector13                                                                                        ;
+--------------------+-----------+---------------+----------------------+------------------------+------------+-----------------------------------------------------------------------------------------------------------------------------------------------------------------------------------------------------------------------------------------+


+--------------------------------------------------------------------------------------------------------------------------------------------------------------------------------------------------------------------------------------------+
; Source assignments for neorv32_top:softcore|neorv32_dmem:\memory_system:neorv32_dmem_enabled:neorv32_dmem_inst|neorv32_dmem_ram:dmem_ram_inst|neorv32_prim_spram:\ram_gen:3:ram_inst|altsyncram:spram_rtl_0|altsyncram_c6q1:auto_generated ;
+---------------------------------+--------------------+------+------------------------------------------------------------------------------------------------------------------------------------------------------------------------------+
; Assignment                      ; Value              ; From ; To                                                                                                                                                                           ;
+---------------------------------+--------------------+------+------------------------------------------------------------------------------------------------------------------------------------------------------------------------------+
; OPTIMIZE_POWER_DURING_SYNTHESIS ; NORMAL_COMPILATION ; -    ; -                                                                                                                                                                            ;
+---------------------------------+--------------------+------+------------------------------------------------------------------------------------------------------------------------------------------------------------------------------+


+--------------------------------------------------------------------------------------------------------------------------------------------------------------------------------------------------------------------------------------------+
; Source assignments for neorv32_top:softcore|neorv32_dmem:\memory_system:neorv32_dmem_enabled:neorv32_dmem_inst|neorv32_dmem_ram:dmem_ram_inst|neorv32_prim_spram:\ram_gen:2:ram_inst|altsyncram:spram_rtl_0|altsyncram_c6q1:auto_generated ;
+---------------------------------+--------------------+------+------------------------------------------------------------------------------------------------------------------------------------------------------------------------------+
; Assignment                      ; Value              ; From ; To                                                                                                                                                                           ;
+---------------------------------+--------------------+------+------------------------------------------------------------------------------------------------------------------------------------------------------------------------------+
; OPTIMIZE_POWER_DURING_SYNTHESIS ; NORMAL_COMPILATION ; -    ; -                                                                                                                                                                            ;
+---------------------------------+--------------------+------+------------------------------------------------------------------------------------------------------------------------------------------------------------------------------+


+--------------------------------------------------------------------------------------------------------------------------------------------------------------------------------------------------------------------------------------------+
; Source assignments for neorv32_top:softcore|neorv32_dmem:\memory_system:neorv32_dmem_enabled:neorv32_dmem_inst|neorv32_dmem_ram:dmem_ram_inst|neorv32_prim_spram:\ram_gen:1:ram_inst|altsyncram:spram_rtl_0|altsyncram_c6q1:auto_generated ;
+---------------------------------+--------------------+------+------------------------------------------------------------------------------------------------------------------------------------------------------------------------------+
; Assignment                      ; Value              ; From ; To                                                                                                                                                                           ;
+---------------------------------+--------------------+------+------------------------------------------------------------------------------------------------------------------------------------------------------------------------------+
; OPTIMIZE_POWER_DURING_SYNTHESIS ; NORMAL_COMPILATION ; -    ; -                                                                                                                                                                            ;
+---------------------------------+--------------------+------+------------------------------------------------------------------------------------------------------------------------------------------------------------------------------+


+--------------------------------------------------------------------------------------------------------------------------------------------------------------------------------------------------------------------------------------------+
; Source assignments for neorv32_top:softcore|neorv32_dmem:\memory_system:neorv32_dmem_enabled:neorv32_dmem_inst|neorv32_dmem_ram:dmem_ram_inst|neorv32_prim_spram:\ram_gen:0:ram_inst|altsyncram:spram_rtl_0|altsyncram_c6q1:auto_generated ;
+---------------------------------+--------------------+------+------------------------------------------------------------------------------------------------------------------------------------------------------------------------------+
; Assignment                      ; Value              ; From ; To                                                                                                                                                                           ;
+---------------------------------+--------------------+------+------------------------------------------------------------------------------------------------------------------------------------------------------------------------------+
; OPTIMIZE_POWER_DURING_SYNTHESIS ; NORMAL_COMPILATION ; -    ; -                                                                                                                                                                            ;
+---------------------------------+--------------------+------+------------------------------------------------------------------------------------------------------------------------------------------------------------------------------+


+---------------------------------------------------------------------------------------------------------------------------------------------------------------------------------------------------+
; Source assignments for neorv32_top:softcore|neorv32_cpu:\core_complex_gen:0:neorv32_cpu_inst|neorv32_cpu_regfile:neorv32_cpu_regfile_inst|altsyncram:regfile_rtl_0|altsyncram_u2n1:auto_generated ;
+---------------------------------+--------------------+------+-------------------------------------------------------------------------------------------------------------------------------------+
; Assignment                      ; Value              ; From ; To                                                                                                                                  ;
+---------------------------------+--------------------+------+-------------------------------------------------------------------------------------------------------------------------------------+
; OPTIMIZE_POWER_DURING_SYNTHESIS ; NORMAL_COMPILATION ; -    ; -                                                                                                                                   ;
+---------------------------------+--------------------+------+-------------------------------------------------------------------------------------------------------------------------------------+


+---------------------------------------------------------------------------------------------------------------------------------------------------------------------------------------------------+
; Source assignments for neorv32_top:softcore|neorv32_cpu:\core_complex_gen:0:neorv32_cpu_inst|neorv32_cpu_regfile:neorv32_cpu_regfile_inst|altsyncram:regfile_rtl_1|altsyncram_u2n1:auto_generated ;
+---------------------------------+--------------------+------+-------------------------------------------------------------------------------------------------------------------------------------+
; Assignment                      ; Value              ; From ; To                                                                                                                                  ;
+---------------------------------+--------------------+------+-------------------------------------------------------------------------------------------------------------------------------------+
; OPTIMIZE_POWER_DURING_SYNTHESIS ; NORMAL_COMPILATION ; -    ; -                                                                                                                                   ;
+---------------------------------+--------------------+------+-------------------------------------------------------------------------------------------------------------------------------------+


+---------------------------------------------------------------------------------------------------------------------------------------------------------------------------------------------------------------+
; Source assignments for neorv32_top:softcore|neorv32_imem:\memory_system:neorv32_imem_enabled:neorv32_imem_inst|neorv32_imem_rom:\imem_rom:imem_rom_inst|altsyncram:Mux27_rtl_0|altsyncram_q581:auto_generated ;
+---------------------------------+--------------------+------+-------------------------------------------------------------------------------------------------------------------------------------------------+
; Assignment                      ; Value              ; From ; To                                                                                                                                              ;
+---------------------------------+--------------------+------+-------------------------------------------------------------------------------------------------------------------------------------------------+
; OPTIMIZE_POWER_DURING_SYNTHESIS ; NORMAL_COMPILATION ; -    ; -                                                                                                                                               ;
+---------------------------------+--------------------+------+-------------------------------------------------------------------------------------------------------------------------------------------------+


+-----------------------------------------------------------------------------------------------------------------------------------------------------------------------------------------------------------------------------------------------------------------------------+
; Source assignments for neorv32_top:softcore|neorv32_cpu:\core_complex_gen:0:neorv32_cpu_inst|neorv32_cpu_alu:neorv32_cpu_alu_inst|neorv32_cpu_alu_crypto:\neorv32_cpu_alu_crypto_enabled:neorv32_cpu_alu_crypto_inst|altsyncram:Mux104_rtl_0|altsyncram_9971:auto_generated ;
+---------------------------------+--------------------+------+---------------------------------------------------------------------------------------------------------------------------------------------------------------------------------------------------------------+
; Assignment                      ; Value              ; From ; To                                                                                                                                                                                                            ;
+---------------------------------+--------------------+------+---------------------------------------------------------------------------------------------------------------------------------------------------------------------------------------------------------------+
; OPTIMIZE_POWER_DURING_SYNTHESIS ; NORMAL_COMPILATION ; -    ; -                                                                                                                                                                                                             ;
+---------------------------------+--------------------+------+---------------------------------------------------------------------------------------------------------------------------------------------------------------------------------------------------------------+


+--------------------------------------------------------------------------+
; Parameter Settings for User Entity Instance: neorv32_top:softcore        ;
+---------------------+----------------------------------+-----------------+
; Parameter Name      ; Value                            ; Type            ;
+---------------------+----------------------------------+-----------------+
; clock_frequency     ; 50000000                         ; Signed Integer  ;
; TRACE_PORT_EN       ; false                            ; Enumerated      ;
; DUAL_CORE_EN        ; false                            ; Enumerated      ;
; boot_mode_select    ; 2                                ; Signed Integer  ;
; boot_addr_custom    ; 00000000000000000000000000000000 ; Unsigned Binary ;
; OCD_EN              ; false                            ; Enumerated      ;
; OCD_NUM_HW_TRIGGERS ; 0                                ; Signed Integer  ;
; OCD_AUTHENTICATION  ; false                            ; Enumerated      ;
; OCD_JEDEC_ID        ; 00000000000                      ; Unsigned Binary ;
; riscv_isa_c         ; true                             ; String          ;
; RISCV_ISA_E         ; false                            ; Enumerated      ;
; riscv_isa_m         ; true                             ; String          ;
; RISCV_ISA_U         ; false                            ; Enumerated      ;
; RISCV_ISA_Zaamo     ; false                            ; Enumerated      ;
; RISCV_ISA_Zalrsc    ; false                            ; Enumerated      ;
; riscv_isa_zba       ; true                             ; String          ;
; riscv_isa_zbb       ; true                             ; String          ;
; riscv_isa_zbc       ; true                             ; String          ;
; riscv_isa_zbkb      ; true                             ; String          ;
; riscv_isa_zbkc      ; true                             ; String          ;
; riscv_isa_zbkx      ; true                             ; String          ;
; riscv_isa_zbs       ; true                             ; String          ;
; riscv_isa_zcb       ; true                             ; String          ;
; RISCV_ISA_Zfinx     ; false                            ; Enumerated      ;
; RISCV_ISA_Zibi      ; false                            ; Enumerated      ;
; RISCV_ISA_Zicntr    ; false                            ; Enumerated      ;
; RISCV_ISA_Zicond    ; false                            ; Enumerated      ;
; RISCV_ISA_Zihpm     ; false                            ; Enumerated      ;
; RISCV_ISA_Zimop     ; false                            ; Enumerated      ;
; riscv_isa_zknd      ; true                             ; String          ;
; riscv_isa_zkne      ; true                             ; String          ;
; riscv_isa_zknh      ; true                             ; String          ;
; riscv_isa_zksed     ; true                             ; String          ;
; riscv_isa_zksh      ; true                             ; String          ;
; riscv_isa_zmmul     ; true                             ; String          ;
; RISCV_ISA_Smcntrpmf ; false                            ; Enumerated      ;
; RISCV_ISA_Xcfu      ; false                            ; Enumerated      ;
; CPU_CONSTT_BR_EN    ; false                            ; Enumerated      ;
; CPU_FAST_MUL_EN     ; false                            ; Enumerated      ;
; CPU_FAST_SHIFT_EN   ; false                            ; Enumerated      ;
; CPU_RF_ARCH_SEL     ; 0                                ; Signed Integer  ;
; PMP_NUM_REGIONS     ; 0                                ; Signed Integer  ;
; PMP_MIN_GRANULARITY ; 4                                ; Signed Integer  ;
; PMP_TOR_MODE_EN     ; false                            ; Enumerated      ;
; PMP_NAP_MODE_EN     ; false                            ; Enumerated      ;
; HPM_NUM_CNTS        ; 0                                ; Signed Integer  ;
; HPM_CNT_WIDTH       ; 64                               ; Signed Integer  ;
; imem_en             ; true                             ; String          ;
; imem_base           ; 00000000000000000000000000000000 ; Unsigned Binary ;
; imem_size           ; 16384                            ; Signed Integer  ;
; IMEM_OUTREG_EN      ; false                            ; Enumerated      ;
; dmem_en             ; true                             ; String          ;
; dmem_base           ; 10000000000000000000000000000000 ; Unsigned Binary ;
; dmem_size           ; 8192                             ; Signed Integer  ;
; DMEM_OUTREG_EN      ; false                            ; Enumerated      ;
; ICACHE_EN           ; false                            ; Enumerated      ;
; ICACHE_NUM_BLOCKS   ; 4                                ; Signed Integer  ;
; DCACHE_EN           ; false                            ; Enumerated      ;
; DCACHE_NUM_BLOCKS   ; 4                                ; Signed Integer  ;
; CACHE_BLOCK_SIZE    ; 64                               ; Signed Integer  ;
; CACHE_BURSTS_EN     ; true                             ; Enumerated      ;
; CACHE_UC_BASE       ; 11110000000000000000000000000000 ; Unsigned Binary ;
; XBUS_EN             ; false                            ; Enumerated      ;
; XBUS_TIMEOUT        ; 2048                             ; Signed Integer  ;
; XBUS_REGSTAGE_EN    ; false                            ; Enumerated      ;
; io_gpio_num         ; 8                                ; Signed Integer  ;
; IO_GPIO_DIR_EN      ; false                            ; Enumerated      ;
; IO_CLINT_EN         ; false                            ; Enumerated      ;
; io_uart0_en         ; true                             ; String          ;
; io_uart0_rx_fifo    ; 1                                ; Signed Integer  ;
; io_uart0_tx_fifo    ; 1                                ; Signed Integer  ;
; IO_UART1_EN         ; false                            ; Enumerated      ;
; IO_UART1_RX_FIFO    ; 1                                ; Signed Integer  ;
; IO_UART1_TX_FIFO    ; 1                                ; Signed Integer  ;
; IO_SPI_EN           ; false                            ; Enumerated      ;
; IO_SPI_FIFO         ; 1                                ; Signed Integer  ;
; IO_SDI_EN           ; false                            ; Enumerated      ;
; IO_SDI_FIFO         ; 1                                ; Signed Integer  ;
; IO_TWI_EN           ; false                            ; Enumerated      ;
; IO_TWI_FIFO         ; 1                                ; Signed Integer  ;
; IO_TWD_EN           ; false                            ; Enumerated      ;
; IO_TWD_RX_FIFO      ; 1                                ; Signed Integer  ;
; IO_TWD_TX_FIFO      ; 1                                ; Signed Integer  ;
; IO_PWM_NUM          ; 0                                ; Signed Integer  ;
; IO_WDT_EN           ; false                            ; Enumerated      ;
; IO_TRNG_EN          ; false                            ; Enumerated      ;
; IO_TRNG_FIFO        ; 1                                ; Signed Integer  ;
; IO_TRNG_NUM_RO      ; 3                                ; Signed Integer  ;
; IO_TRNG_NUM_INV     ; 5                                ; Signed Integer  ;
; IO_TRNG_NUM_RBIT    ; 64                               ; Signed Integer  ;
; IO_CFS_EN           ; false                            ; Enumerated      ;
; IO_NEOLED_EN        ; false                            ; Enumerated      ;
; IO_NEOLED_TX_FIFO   ; 1                                ; Signed Integer  ;
; IO_GPTMR_NUM        ; 0                                ; Signed Integer  ;
; IO_ONEWIRE_EN       ; false                            ; Enumerated      ;
; IO_ONEWIRE_FIFO     ; 1                                ; Signed Integer  ;
; IO_DMA_EN           ; false                            ; Enumerated      ;
; IO_DMA_DSC_FIFO     ; 4                                ; Signed Integer  ;
; IO_SLINK_EN         ; false                            ; Enumerated      ;
; IO_SLINK_RX_FIFO    ; 1                                ; Signed Integer  ;
; IO_SLINK_TX_FIFO    ; 1                                ; Signed Integer  ;
; IO_TRACER_EN        ; false                            ; Enumerated      ;
; IO_TRACER_BUFFER    ; 1                                ; Signed Integer  ;
; IO_TRACER_SIMLOG_EN ; false                            ; Enumerated      ;
+---------------------+----------------------------------+-----------------+
Note: In order to hide this table in the UI and the text report file, please set the "Show Parameter Settings in Synthesis Report" option in "Analysis and Synthesis Settings -> More Settings" to "Off".


+--------------------------------------------------------------------------------------------------------------------+
; Parameter Settings for User Entity Instance: neorv32_top:softcore|neorv32_cpu:\core_complex_gen:0:neorv32_cpu_inst ;
+---------------------+----------------------------------+-----------------------------------------------------------+
; Parameter Name      ; Value                            ; Type                                                      ;
+---------------------+----------------------------------+-----------------------------------------------------------+
; hart_id             ; 0                                ; Signed Integer                                            ;
; vendor_id           ; 00000000000000000000000000000000 ; Unsigned Binary                                           ;
; boot_addr           ; 00000000000000000000000000000000 ; Unsigned Binary                                           ;
; debug_park_addr     ; 11111111111111111111111100000100 ; Unsigned Binary                                           ;
; debug_exc_addr      ; 11111111111111111111111100000000 ; Unsigned Binary                                           ;
; riscv_isa_c         ; true                             ; Enumerated                                                ;
; riscv_isa_e         ; false                            ; Enumerated                                                ;
; riscv_isa_m         ; true                             ; Enumerated                                                ;
; riscv_isa_u         ; false                            ; Enumerated                                                ;
; riscv_isa_zaamo     ; false                            ; Enumerated                                                ;
; riscv_isa_zalrsc    ; false                            ; Enumerated                                                ;
; riscv_isa_zba       ; true                             ; Enumerated                                                ;
; riscv_isa_zbb       ; true                             ; Enumerated                                                ;
; riscv_isa_zbc       ; true                             ; Enumerated                                                ;
; riscv_isa_zbkb      ; true                             ; Enumerated                                                ;
; riscv_isa_zbkc      ; true                             ; Enumerated                                                ;
; riscv_isa_zbkx      ; true                             ; Enumerated                                                ;
; riscv_isa_zbs       ; true                             ; Enumerated                                                ;
; riscv_isa_zcb       ; true                             ; Enumerated                                                ;
; riscv_isa_zfinx     ; false                            ; Enumerated                                                ;
; riscv_isa_zibi      ; false                            ; Enumerated                                                ;
; riscv_isa_zicntr    ; false                            ; Enumerated                                                ;
; riscv_isa_zicond    ; false                            ; Enumerated                                                ;
; riscv_isa_zihpm     ; false                            ; Enumerated                                                ;
; riscv_isa_zimop     ; false                            ; Enumerated                                                ;
; riscv_isa_zknd      ; true                             ; Enumerated                                                ;
; riscv_isa_zkne      ; true                             ; Enumerated                                                ;
; riscv_isa_zknh      ; true                             ; Enumerated                                                ;
; riscv_isa_zksed     ; true                             ; Enumerated                                                ;
; riscv_isa_zksh      ; true                             ; Enumerated                                                ;
; riscv_isa_zmmul     ; true                             ; Enumerated                                                ;
; riscv_isa_sdext     ; false                            ; Enumerated                                                ;
; riscv_isa_sdtrig    ; false                            ; Enumerated                                                ;
; riscv_isa_smcntrpmf ; false                            ; Enumerated                                                ;
; riscv_isa_smpmp     ; false                            ; Enumerated                                                ;
; riscv_isa_xcfu      ; false                            ; Enumerated                                                ;
; cpu_trace_en        ; false                            ; Enumerated                                                ;
; cpu_constt_br_en    ; false                            ; Enumerated                                                ;
; cpu_fast_mul_en     ; false                            ; Enumerated                                                ;
; cpu_fast_shift_en   ; false                            ; Enumerated                                                ;
; cpu_rf_arch_sel     ; 0                                ; Signed Integer                                            ;
; pmp_num_regions     ; 0                                ; Signed Integer                                            ;
; pmp_min_granularity ; 4                                ; Signed Integer                                            ;
; pmp_tor_mode_en     ; false                            ; Enumerated                                                ;
; pmp_nap_mode_en     ; false                            ; Enumerated                                                ;
; hpm_num_cnts        ; 0                                ; Signed Integer                                            ;
; hpm_cnt_width       ; 64                               ; Signed Integer                                            ;
; num_hw_triggers     ; 0                                ; Signed Integer                                            ;
+---------------------+----------------------------------+-----------------------------------------------------------+
Note: In order to hide this table in the UI and the text report file, please set the "Show Parameter Settings in Synthesis Report" option in "Analysis and Synthesis Settings -> More Settings" to "Off".


+-------------------------------------------------------------------------------------------------------------------------------------------------------------------+
; Parameter Settings for User Entity Instance: neorv32_top:softcore|neorv32_cpu:\core_complex_gen:0:neorv32_cpu_inst|neorv32_cpu_frontend:neorv32_cpu_frontend_inst ;
+----------------+-------+------------------------------------------------------------------------------------------------------------------------------------------+
; Parameter Name ; Value ; Type                                                                                                                                     ;
+----------------+-------+------------------------------------------------------------------------------------------------------------------------------------------+
; hart_id        ; 0     ; Signed Integer                                                                                                                           ;
; riscv_c        ; true  ; Enumerated                                                                                                                               ;
; riscv_zcb      ; true  ; Enumerated                                                                                                                               ;
+----------------+-------+------------------------------------------------------------------------------------------------------------------------------------------+
Note: In order to hide this table in the UI and the text report file, please set the "Show Parameter Settings in Synthesis Report" option in "Analysis and Synthesis Settings -> More Settings" to "Off".


+------------------------------------------------------------------------------------------------------------------------------------------------------------------------------------------------------------------------+
; Parameter Settings for User Entity Instance: neorv32_top:softcore|neorv32_cpu:\core_complex_gen:0:neorv32_cpu_inst|neorv32_cpu_frontend:neorv32_cpu_frontend_inst|neorv32_cpu_frontend_ipb:\prefetch_buffer:0:ipb_inst ;
+----------------+-------+-----------------------------------------------------------------------------------------------------------------------------------------------------------------------------------------------+
; Parameter Name ; Value ; Type                                                                                                                                                                                          ;
+----------------+-------+-----------------------------------------------------------------------------------------------------------------------------------------------------------------------------------------------+
; awidth         ; 1     ; Signed Integer                                                                                                                                                                                ;
; dwidth         ; 17    ; Signed Integer                                                                                                                                                                                ;
+----------------+-------+-----------------------------------------------------------------------------------------------------------------------------------------------------------------------------------------------+
Note: In order to hide this table in the UI and the text report file, please set the "Show Parameter Settings in Synthesis Report" option in "Analysis and Synthesis Settings -> More Settings" to "Off".


+------------------------------------------------------------------------------------------------------------------------------------------------------------------------------------------------------------------------+
; Parameter Settings for User Entity Instance: neorv32_top:softcore|neorv32_cpu:\core_complex_gen:0:neorv32_cpu_inst|neorv32_cpu_frontend:neorv32_cpu_frontend_inst|neorv32_cpu_frontend_ipb:\prefetch_buffer:1:ipb_inst ;
+----------------+-------+-----------------------------------------------------------------------------------------------------------------------------------------------------------------------------------------------+
; Parameter Name ; Value ; Type                                                                                                                                                                                          ;
+----------------+-------+-----------------------------------------------------------------------------------------------------------------------------------------------------------------------------------------------+
; awidth         ; 1     ; Signed Integer                                                                                                                                                                                ;
; dwidth         ; 17    ; Signed Integer                                                                                                                                                                                ;
+----------------+-------+-----------------------------------------------------------------------------------------------------------------------------------------------------------------------------------------------+
Note: In order to hide this table in the UI and the text report file, please set the "Show Parameter Settings in Synthesis Report" option in "Analysis and Synthesis Settings -> More Settings" to "Off".


+-----------------------------------------------------------------------------------------------------------------------------------------------------------------------------------------------------------------------------------------+
; Parameter Settings for User Entity Instance: neorv32_top:softcore|neorv32_cpu:\core_complex_gen:0:neorv32_cpu_inst|neorv32_cpu_frontend:neorv32_cpu_frontend_inst|neorv32_cpu_decompressor:\issue_enabled:neorv32_cpu_decompressor_inst ;
+----------------+-------+----------------------------------------------------------------------------------------------------------------------------------------------------------------------------------------------------------------+
; Parameter Name ; Value ; Type                                                                                                                                                                                                           ;
+----------------+-------+----------------------------------------------------------------------------------------------------------------------------------------------------------------------------------------------------------------+
; zcb_en         ; true  ; Enumerated                                                                                                                                                                                                     ;
+----------------+-------+----------------------------------------------------------------------------------------------------------------------------------------------------------------------------------------------------------------+
Note: In order to hide this table in the UI and the text report file, please set the "Show Parameter Settings in Synthesis Report" option in "Analysis and Synthesis Settings -> More Settings" to "Off".


+-----------------------------------------------------------------------------------------------------------------------------------------------------------------+
; Parameter Settings for User Entity Instance: neorv32_top:softcore|neorv32_cpu:\core_complex_gen:0:neorv32_cpu_inst|neorv32_cpu_control:neorv32_cpu_control_inst ;
+---------------------+----------------------------------+--------------------------------------------------------------------------------------------------------+
; Parameter Name      ; Value                            ; Type                                                                                                   ;
+---------------------+----------------------------------+--------------------------------------------------------------------------------------------------------+
; hart_id             ; 0                                ; Signed Integer                                                                                         ;
; vendor_id           ; 00000000000000000000000000000000 ; Unsigned Binary                                                                                        ;
; boot_addr           ; 00000000000000000000000000000000 ; Unsigned Binary                                                                                        ;
; debug_park_addr     ; 11111111111111111111111100000100 ; Unsigned Binary                                                                                        ;
; debug_exc_addr      ; 11111111111111111111111100000000 ; Unsigned Binary                                                                                        ;
; riscv_isa_a         ; false                            ; Enumerated                                                                                             ;
; riscv_isa_b         ; true                             ; Enumerated                                                                                             ;
; riscv_isa_c         ; true                             ; Enumerated                                                                                             ;
; riscv_isa_e         ; false                            ; Enumerated                                                                                             ;
; riscv_isa_m         ; true                             ; Enumerated                                                                                             ;
; riscv_isa_u         ; false                            ; Enumerated                                                                                             ;
; riscv_isa_zaamo     ; false                            ; Enumerated                                                                                             ;
; riscv_isa_zalrsc    ; false                            ; Enumerated                                                                                             ;
; riscv_isa_zcb       ; true                             ; Enumerated                                                                                             ;
; riscv_isa_zba       ; true                             ; Enumerated                                                                                             ;
; riscv_isa_zbb       ; true                             ; Enumerated                                                                                             ;
; riscv_isa_zbc       ; true                             ; Enumerated                                                                                             ;
; riscv_isa_zbkb      ; true                             ; Enumerated                                                                                             ;
; riscv_isa_zbkc      ; true                             ; Enumerated                                                                                             ;
; riscv_isa_zbkx      ; true                             ; Enumerated                                                                                             ;
; riscv_isa_zbs       ; true                             ; Enumerated                                                                                             ;
; riscv_isa_zfinx     ; false                            ; Enumerated                                                                                             ;
; riscv_isa_zibi      ; false                            ; Enumerated                                                                                             ;
; riscv_isa_zicntr    ; false                            ; Enumerated                                                                                             ;
; riscv_isa_zicond    ; false                            ; Enumerated                                                                                             ;
; riscv_isa_zihpm     ; false                            ; Enumerated                                                                                             ;
; riscv_isa_zimop     ; false                            ; Enumerated                                                                                             ;
; riscv_isa_zkn       ; true                             ; Enumerated                                                                                             ;
; riscv_isa_zknd      ; true                             ; Enumerated                                                                                             ;
; riscv_isa_zkne      ; true                             ; Enumerated                                                                                             ;
; riscv_isa_zknh      ; true                             ; Enumerated                                                                                             ;
; riscv_isa_zks       ; true                             ; Enumerated                                                                                             ;
; riscv_isa_zksed     ; true                             ; Enumerated                                                                                             ;
; riscv_isa_zksh      ; true                             ; Enumerated                                                                                             ;
; riscv_isa_zkt       ; false                            ; Enumerated                                                                                             ;
; riscv_isa_zmmul     ; true                             ; Enumerated                                                                                             ;
; riscv_isa_sdext     ; false                            ; Enumerated                                                                                             ;
; riscv_isa_sdtrig    ; false                            ; Enumerated                                                                                             ;
; riscv_isa_smcntrpmf ; false                            ; Enumerated                                                                                             ;
; riscv_isa_smpmp     ; false                            ; Enumerated                                                                                             ;
; riscv_isa_xcfu      ; false                            ; Enumerated                                                                                             ;
; cpu_constt_br_en    ; false                            ; Enumerated                                                                                             ;
+---------------------+----------------------------------+--------------------------------------------------------------------------------------------------------+
Note: In order to hide this table in the UI and the text report file, please set the "Show Parameter Settings in Synthesis Report" option in "Analysis and Synthesis Settings -> More Settings" to "Off".


+-----------------------------------------------------------------------------------------------------------------------------------------------------------------+
; Parameter Settings for User Entity Instance: neorv32_top:softcore|neorv32_cpu:\core_complex_gen:0:neorv32_cpu_inst|neorv32_cpu_regfile:neorv32_cpu_regfile_inst ;
+----------------+-------+----------------------------------------------------------------------------------------------------------------------------------------+
; Parameter Name ; Value ; Type                                                                                                                                   ;
+----------------+-------+----------------------------------------------------------------------------------------------------------------------------------------+
; dwidth         ; 32    ; Signed Integer                                                                                                                         ;
; awidth         ; 5     ; Signed Integer                                                                                                                         ;
; arch_sel       ; 0     ; Signed Integer                                                                                                                         ;
+----------------+-------+----------------------------------------------------------------------------------------------------------------------------------------+
Note: In order to hide this table in the UI and the text report file, please set the "Show Parameter Settings in Synthesis Report" option in "Analysis and Synthesis Settings -> More Settings" to "Off".


+---------------------------------------------------------------------------------------------------------------------------------------------------------+
; Parameter Settings for User Entity Instance: neorv32_top:softcore|neorv32_cpu:\core_complex_gen:0:neorv32_cpu_inst|neorv32_cpu_alu:neorv32_cpu_alu_inst ;
+------------------+-------+------------------------------------------------------------------------------------------------------------------------------+
; Parameter Name   ; Value ; Type                                                                                                                         ;
+------------------+-------+------------------------------------------------------------------------------------------------------------------------------+
; riscv_isa_m      ; true  ; Enumerated                                                                                                                   ;
; riscv_isa_zba    ; true  ; Enumerated                                                                                                                   ;
; riscv_isa_zbb    ; true  ; Enumerated                                                                                                                   ;
; riscv_isa_zbc    ; true  ; Enumerated                                                                                                                   ;
; riscv_isa_zbkb   ; true  ; Enumerated                                                                                                                   ;
; riscv_isa_zbkc   ; true  ; Enumerated                                                                                                                   ;
; riscv_isa_zbkx   ; true  ; Enumerated                                                                                                                   ;
; riscv_isa_zbs    ; true  ; Enumerated                                                                                                                   ;
; riscv_isa_zfinx  ; false ; Enumerated                                                                                                                   ;
; riscv_isa_zibi   ; false ; Enumerated                                                                                                                   ;
; riscv_isa_zicond ; false ; Enumerated                                                                                                                   ;
; riscv_isa_zknd   ; true  ; Enumerated                                                                                                                   ;
; riscv_isa_zkne   ; true  ; Enumerated                                                                                                                   ;
; riscv_isa_zknh   ; true  ; Enumerated                                                                                                                   ;
; riscv_isa_zksed  ; true  ; Enumerated                                                                                                                   ;
; riscv_isa_zksh   ; true  ; Enumerated                                                                                                                   ;
; riscv_isa_zmmul  ; true  ; Enumerated                                                                                                                   ;
; riscv_isa_xcfu   ; false ; Enumerated                                                                                                                   ;
; fast_mul_en      ; false ; Enumerated                                                                                                                   ;
; fast_shift_en    ; false ; Enumerated                                                                                                                   ;
+------------------+-------+------------------------------------------------------------------------------------------------------------------------------+
Note: In order to hide this table in the UI and the text report file, please set the "Show Parameter Settings in Synthesis Report" option in "Analysis and Synthesis Settings -> More Settings" to "Off".


+--------------------------------------------------------------------------------------------------------------------------------------------------------------------------------------------------------------+
; Parameter Settings for User Entity Instance: neorv32_top:softcore|neorv32_cpu:\core_complex_gen:0:neorv32_cpu_inst|neorv32_cpu_alu:neorv32_cpu_alu_inst|neorv32_cpu_alu_shifter:neorv32_cpu_alu_shifter_inst ;
+----------------+-------+-------------------------------------------------------------------------------------------------------------------------------------------------------------------------------------+
; Parameter Name ; Value ; Type                                                                                                                                                                                ;
+----------------+-------+-------------------------------------------------------------------------------------------------------------------------------------------------------------------------------------+
; fast_shift_en  ; false ; Enumerated                                                                                                                                                                          ;
+----------------+-------+-------------------------------------------------------------------------------------------------------------------------------------------------------------------------------------+
Note: In order to hide this table in the UI and the text report file, please set the "Show Parameter Settings in Synthesis Report" option in "Analysis and Synthesis Settings -> More Settings" to "Off".


+--------------------------------------------------------------------------------------------------------------------------------------------------------------------------------------------------------------------------------------------+
; Parameter Settings for User Entity Instance: neorv32_top:softcore|neorv32_cpu:\core_complex_gen:0:neorv32_cpu_inst|neorv32_cpu_alu:neorv32_cpu_alu_inst|neorv32_cpu_alu_muldiv:\neorv32_cpu_alu_muldiv_enabled:neorv32_cpu_alu_muldiv_inst ;
+----------------+-------+-------------------------------------------------------------------------------------------------------------------------------------------------------------------------------------------------------------------+
; Parameter Name ; Value ; Type                                                                                                                                                                                                              ;
+----------------+-------+-------------------------------------------------------------------------------------------------------------------------------------------------------------------------------------------------------------------+
; fast_mul_en    ; false ; Enumerated                                                                                                                                                                                                        ;
; division_en    ; true  ; Enumerated                                                                                                                                                                                                        ;
+----------------+-------+-------------------------------------------------------------------------------------------------------------------------------------------------------------------------------------------------------------------+
Note: In order to hide this table in the UI and the text report file, please set the "Show Parameter Settings in Synthesis Report" option in "Analysis and Synthesis Settings -> More Settings" to "Off".


+--------------------------------------------------------------------------------------------------------------------------------------------------------------------------------------------------------------------------------------------------+
; Parameter Settings for User Entity Instance: neorv32_top:softcore|neorv32_cpu:\core_complex_gen:0:neorv32_cpu_inst|neorv32_cpu_alu:neorv32_cpu_alu_inst|neorv32_cpu_alu_bitmanip:\neorv32_cpu_alu_bitmanip_enabled:neorv32_cpu_alu_bitmanip_inst ;
+----------------+-------+-------------------------------------------------------------------------------------------------------------------------------------------------------------------------------------------------------------------------+
; Parameter Name ; Value ; Type                                                                                                                                                                                                                    ;
+----------------+-------+-------------------------------------------------------------------------------------------------------------------------------------------------------------------------------------------------------------------------+
; fast_shift     ; false ; Enumerated                                                                                                                                                                                                              ;
; zba            ; true  ; Enumerated                                                                                                                                                                                                              ;
; zbb            ; true  ; Enumerated                                                                                                                                                                                                              ;
; zbc            ; true  ; Enumerated                                                                                                                                                                                                              ;
; zbkc           ; true  ; Enumerated                                                                                                                                                                                                              ;
; zbkb           ; true  ; Enumerated                                                                                                                                                                                                              ;
; zbkx           ; true  ; Enumerated                                                                                                                                                                                                              ;
; zbs            ; true  ; Enumerated                                                                                                                                                                                                              ;
+----------------+-------+-------------------------------------------------------------------------------------------------------------------------------------------------------------------------------------------------------------------------+
Note: In order to hide this table in the UI and the text report file, please set the "Show Parameter Settings in Synthesis Report" option in "Analysis and Synthesis Settings -> More Settings" to "Off".


+--------------------------------------------------------------------------------------------------------------------------------------------------------------------------------------------------------------------------------------------+
; Parameter Settings for User Entity Instance: neorv32_top:softcore|neorv32_cpu:\core_complex_gen:0:neorv32_cpu_inst|neorv32_cpu_alu:neorv32_cpu_alu_inst|neorv32_cpu_alu_crypto:\neorv32_cpu_alu_crypto_enabled:neorv32_cpu_alu_crypto_inst ;
+----------------+-------+-------------------------------------------------------------------------------------------------------------------------------------------------------------------------------------------------------------------+
; Parameter Name ; Value ; Type                                                                                                                                                                                                              ;
+----------------+-------+-------------------------------------------------------------------------------------------------------------------------------------------------------------------------------------------------------------------+
; en_zknd        ; true  ; Enumerated                                                                                                                                                                                                        ;
; en_zkne        ; true  ; Enumerated                                                                                                                                                                                                        ;
; en_zknh        ; true  ; Enumerated                                                                                                                                                                                                        ;
; en_zksed       ; true  ; Enumerated                                                                                                                                                                                                        ;
; en_zksh        ; true  ; Enumerated                                                                                                                                                                                                        ;
+----------------+-------+-------------------------------------------------------------------------------------------------------------------------------------------------------------------------------------------------------------------+
Note: In order to hide this table in the UI and the text report file, please set the "Show Parameter Settings in Synthesis Report" option in "Analysis and Synthesis Settings -> More Settings" to "Off".


+---------------------------------------------------------------------------------------------------------------------------------------------------------+
; Parameter Settings for User Entity Instance: neorv32_top:softcore|neorv32_cpu:\core_complex_gen:0:neorv32_cpu_inst|neorv32_cpu_lsu:neorv32_cpu_lsu_inst ;
+----------------+-------+--------------------------------------------------------------------------------------------------------------------------------+
; Parameter Name ; Value ; Type                                                                                                                           ;
+----------------+-------+--------------------------------------------------------------------------------------------------------------------------------+
; hart_id        ; 0     ; Signed Integer                                                                                                                 ;
; amo_en         ; false ; Enumerated                                                                                                                     ;
+----------------+-------+--------------------------------------------------------------------------------------------------------------------------------+
Note: In order to hide this table in the UI and the text report file, please set the "Show Parameter Settings in Synthesis Report" option in "Analysis and Synthesis Settings -> More Settings" to "Off".


+---------------------------------------------------------------------------------------------------------------------------------------+
; Parameter Settings for User Entity Instance: neorv32_top:softcore|neorv32_bus_switch:\core_complex_gen:0:neorv32_core_bus_switch_inst ;
+----------------+-------+--------------------------------------------------------------------------------------------------------------+
; Parameter Name ; Value ; Type                                                                                                         ;
+----------------+-------+--------------------------------------------------------------------------------------------------------------+
; round_robin_en ; false ; Enumerated                                                                                                   ;
; a_read_only    ; false ; Enumerated                                                                                                   ;
; b_read_only    ; true  ; Enumerated                                                                                                   ;
+----------------+-------+--------------------------------------------------------------------------------------------------------------+
Note: In order to hide this table in the UI and the text report file, please set the "Show Parameter Settings in Synthesis Report" option in "Analysis and Synthesis Settings -> More Settings" to "Off".


+----------------------------------------------------------------------------------------------------------------+
; Parameter Settings for User Entity Instance: neorv32_top:softcore|neorv32_bus_gateway:neorv32_bus_gateway_inst ;
+----------------+----------------------------------+------------------------------------------------------------+
; Parameter Name ; Value                            ; Type                                                       ;
+----------------+----------------------------------+------------------------------------------------------------+
; tmo_int        ; 16                               ; Signed Integer                                             ;
; tmo_ext        ; 2048                             ; Signed Integer                                             ;
; a_en           ; true                             ; Enumerated                                                 ;
; a_base         ; 00000000000000000000000000000000 ; Unsigned Binary                                            ;
; a_size         ; 16384                            ; Signed Integer                                             ;
; b_en           ; true                             ; Enumerated                                                 ;
; b_base         ; 10000000000000000000000000000000 ; Unsigned Binary                                            ;
; b_size         ; 8192                             ; Signed Integer                                             ;
; c_en           ; true                             ; Enumerated                                                 ;
; c_base         ; 11111111111000000000000000000000 ; Unsigned Binary                                            ;
; c_size         ; 2097152                          ; Signed Integer                                             ;
; x_en           ; false                            ; Enumerated                                                 ;
+----------------+----------------------------------+------------------------------------------------------------+
Note: In order to hide this table in the UI and the text report file, please set the "Show Parameter Settings in Synthesis Report" option in "Analysis and Synthesis Settings -> More Settings" to "Off".


+--------------------------------------------------------------------------------------------------------------------------------------+
; Parameter Settings for User Entity Instance: neorv32_top:softcore|neorv32_imem:\memory_system:neorv32_imem_enabled:neorv32_imem_inst ;
+----------------+-------+-------------------------------------------------------------------------------------------------------------+
; Parameter Name ; Value ; Type                                                                                                        ;
+----------------+-------+-------------------------------------------------------------------------------------------------------------+
; mem_size       ; 16384 ; Signed Integer                                                                                              ;
; mem_init       ; true  ; Enumerated                                                                                                  ;
; outreg         ; false ; Enumerated                                                                                                  ;
+----------------+-------+-------------------------------------------------------------------------------------------------------------+
Note: In order to hide this table in the UI and the text report file, please set the "Show Parameter Settings in Synthesis Report" option in "Analysis and Synthesis Settings -> More Settings" to "Off".


+-------------------------------------------------------------------------------------------------------------------------------------------------------------------------------+
; Parameter Settings for User Entity Instance: neorv32_top:softcore|neorv32_imem:\memory_system:neorv32_imem_enabled:neorv32_imem_inst|neorv32_imem_rom:\imem_rom:imem_rom_inst ;
+----------------+-------+------------------------------------------------------------------------------------------------------------------------------------------------------+
; Parameter Name ; Value ; Type                                                                                                                                                 ;
+----------------+-------+------------------------------------------------------------------------------------------------------------------------------------------------------+
; awidth         ; 14    ; Signed Integer                                                                                                                                       ;
; outreg         ; 0     ; Signed Integer                                                                                                                                       ;
+----------------+-------+------------------------------------------------------------------------------------------------------------------------------------------------------+
Note: In order to hide this table in the UI and the text report file, please set the "Show Parameter Settings in Synthesis Report" option in "Analysis and Synthesis Settings -> More Settings" to "Off".


+--------------------------------------------------------------------------------------------------------------------------------------+
; Parameter Settings for User Entity Instance: neorv32_top:softcore|neorv32_dmem:\memory_system:neorv32_dmem_enabled:neorv32_dmem_inst ;
+----------------+-------+-------------------------------------------------------------------------------------------------------------+
; Parameter Name ; Value ; Type                                                                                                        ;
+----------------+-------+-------------------------------------------------------------------------------------------------------------+
; mem_size       ; 8192  ; Signed Integer                                                                                              ;
; outreg         ; false ; Enumerated                                                                                                  ;
+----------------+-------+-------------------------------------------------------------------------------------------------------------+
Note: In order to hide this table in the UI and the text report file, please set the "Show Parameter Settings in Synthesis Report" option in "Analysis and Synthesis Settings -> More Settings" to "Off".


+---------------------------------------------------------------------------------------------------------------------------------------------------------------------+
; Parameter Settings for User Entity Instance: neorv32_top:softcore|neorv32_dmem:\memory_system:neorv32_dmem_enabled:neorv32_dmem_inst|neorv32_dmem_ram:dmem_ram_inst ;
+----------------+-------+--------------------------------------------------------------------------------------------------------------------------------------------+
; Parameter Name ; Value ; Type                                                                                                                                       ;
+----------------+-------+--------------------------------------------------------------------------------------------------------------------------------------------+
; awidth         ; 13    ; Signed Integer                                                                                                                             ;
; outreg         ; 0     ; Signed Integer                                                                                                                             ;
+----------------+-------+--------------------------------------------------------------------------------------------------------------------------------------------+
Note: In order to hide this table in the UI and the text report file, please set the "Show Parameter Settings in Synthesis Report" option in "Analysis and Synthesis Settings -> More Settings" to "Off".


+------------------------------------------------------------------------------------------------------------------------------------------------------------------------------------------------------------+
; Parameter Settings for User Entity Instance: neorv32_top:softcore|neorv32_dmem:\memory_system:neorv32_dmem_enabled:neorv32_dmem_inst|neorv32_dmem_ram:dmem_ram_inst|neorv32_prim_spram:\ram_gen:0:ram_inst ;
+----------------+-------+-----------------------------------------------------------------------------------------------------------------------------------------------------------------------------------+
; Parameter Name ; Value ; Type                                                                                                                                                                              ;
+----------------+-------+-----------------------------------------------------------------------------------------------------------------------------------------------------------------------------------+
; awidth         ; 11    ; Signed Integer                                                                                                                                                                    ;
; dwidth         ; 8     ; Signed Integer                                                                                                                                                                    ;
; outreg         ; 0     ; Signed Integer                                                                                                                                                                    ;
+----------------+-------+-----------------------------------------------------------------------------------------------------------------------------------------------------------------------------------+
Note: In order to hide this table in the UI and the text report file, please set the "Show Parameter Settings in Synthesis Report" option in "Analysis and Synthesis Settings -> More Settings" to "Off".


+------------------------------------------------------------------------------------------------------------------------------------------------------------------------------------------------------------+
; Parameter Settings for User Entity Instance: neorv32_top:softcore|neorv32_dmem:\memory_system:neorv32_dmem_enabled:neorv32_dmem_inst|neorv32_dmem_ram:dmem_ram_inst|neorv32_prim_spram:\ram_gen:1:ram_inst ;
+----------------+-------+-----------------------------------------------------------------------------------------------------------------------------------------------------------------------------------+
; Parameter Name ; Value ; Type                                                                                                                                                                              ;
+----------------+-------+-----------------------------------------------------------------------------------------------------------------------------------------------------------------------------------+
; awidth         ; 11    ; Signed Integer                                                                                                                                                                    ;
; dwidth         ; 8     ; Signed Integer                                                                                                                                                                    ;
; outreg         ; 0     ; Signed Integer                                                                                                                                                                    ;
+----------------+-------+-----------------------------------------------------------------------------------------------------------------------------------------------------------------------------------+
Note: In order to hide this table in the UI and the text report file, please set the "Show Parameter Settings in Synthesis Report" option in "Analysis and Synthesis Settings -> More Settings" to "Off".


+------------------------------------------------------------------------------------------------------------------------------------------------------------------------------------------------------------+
; Parameter Settings for User Entity Instance: neorv32_top:softcore|neorv32_dmem:\memory_system:neorv32_dmem_enabled:neorv32_dmem_inst|neorv32_dmem_ram:dmem_ram_inst|neorv32_prim_spram:\ram_gen:2:ram_inst ;
+----------------+-------+-----------------------------------------------------------------------------------------------------------------------------------------------------------------------------------+
; Parameter Name ; Value ; Type                                                                                                                                                                              ;
+----------------+-------+-----------------------------------------------------------------------------------------------------------------------------------------------------------------------------------+
; awidth         ; 11    ; Signed Integer                                                                                                                                                                    ;
; dwidth         ; 8     ; Signed Integer                                                                                                                                                                    ;
; outreg         ; 0     ; Signed Integer                                                                                                                                                                    ;
+----------------+-------+-----------------------------------------------------------------------------------------------------------------------------------------------------------------------------------+
Note: In order to hide this table in the UI and the text report file, please set the "Show Parameter Settings in Synthesis Report" option in "Analysis and Synthesis Settings -> More Settings" to "Off".


+------------------------------------------------------------------------------------------------------------------------------------------------------------------------------------------------------------+
; Parameter Settings for User Entity Instance: neorv32_top:softcore|neorv32_dmem:\memory_system:neorv32_dmem_enabled:neorv32_dmem_inst|neorv32_dmem_ram:dmem_ram_inst|neorv32_prim_spram:\ram_gen:3:ram_inst ;
+----------------+-------+-----------------------------------------------------------------------------------------------------------------------------------------------------------------------------------+
; Parameter Name ; Value ; Type                                                                                                                                                                              ;
+----------------+-------+-----------------------------------------------------------------------------------------------------------------------------------------------------------------------------------+
; awidth         ; 11    ; Signed Integer                                                                                                                                                                    ;
; dwidth         ; 8     ; Signed Integer                                                                                                                                                                    ;
; outreg         ; 0     ; Signed Integer                                                                                                                                                                    ;
+----------------+-------+-----------------------------------------------------------------------------------------------------------------------------------------------------------------------------------+
Note: In order to hide this table in the UI and the text report file, please set the "Show Parameter Settings in Synthesis Report" option in "Analysis and Synthesis Settings -> More Settings" to "Off".


+-------------------------------------------------------------------------------------------------------------------------------+
; Parameter Settings for User Entity Instance: neorv32_top:softcore|neorv32_bus_io_switch:\io_system:neorv32_bus_io_switch_inst ;
+----------------+----------------------------------+---------------------------------------------------------------------------+
; Parameter Name ; Value                            ; Type                                                                      ;
+----------------+----------------------------------+---------------------------------------------------------------------------+
; dev_size       ; 65536                            ; Signed Integer                                                            ;
; dev_00_en      ; false                            ; Enumerated                                                                ;
; dev_00_base    ; 11111111111000000000000000000000 ; Unsigned Binary                                                           ;
; dev_01_en      ; false                            ; Enumerated                                                                ;
; dev_01_base    ; 00000000000000000000000000000000 ; Unsigned Binary                                                           ;
; dev_02_en      ; false                            ; Enumerated                                                                ;
; dev_02_base    ; 00000000000000000000000000000000 ; Unsigned Binary                                                           ;
; dev_03_en      ; false                            ; Enumerated                                                                ;
; dev_03_base    ; 00000000000000000000000000000000 ; Unsigned Binary                                                           ;
; dev_04_en      ; false                            ; Enumerated                                                                ;
; dev_04_base    ; 00000000000000000000000000000000 ; Unsigned Binary                                                           ;
; dev_05_en      ; false                            ; Enumerated                                                                ;
; dev_05_base    ; 00000000000000000000000000000000 ; Unsigned Binary                                                           ;
; dev_06_en      ; false                            ; Enumerated                                                                ;
; dev_06_base    ; 00000000000000000000000000000000 ; Unsigned Binary                                                           ;
; dev_07_en      ; false                            ; Enumerated                                                                ;
; dev_07_base    ; 00000000000000000000000000000000 ; Unsigned Binary                                                           ;
; dev_08_en      ; false                            ; Enumerated                                                                ;
; dev_08_base    ; 00000000000000000000000000000000 ; Unsigned Binary                                                           ;
; dev_09_en      ; false                            ; Enumerated                                                                ;
; dev_09_base    ; 00000000000000000000000000000000 ; Unsigned Binary                                                           ;
; dev_10_en      ; false                            ; Enumerated                                                                ;
; dev_10_base    ; 11111111111010100000000000000000 ; Unsigned Binary                                                           ;
; dev_11_en      ; false                            ; Enumerated                                                                ;
; dev_11_base    ; 11111111111010110000000000000000 ; Unsigned Binary                                                           ;
; dev_12_en      ; false                            ; Enumerated                                                                ;
; dev_12_base    ; 11111111111011000000000000000000 ; Unsigned Binary                                                           ;
; dev_13_en      ; false                            ; Enumerated                                                                ;
; dev_13_base    ; 11111111111011010000000000000000 ; Unsigned Binary                                                           ;
; dev_14_en      ; false                            ; Enumerated                                                                ;
; dev_14_base    ; 00000000000000000000000000000000 ; Unsigned Binary                                                           ;
; dev_15_en      ; false                            ; Enumerated                                                                ;
; dev_15_base    ; 00000000000000000000000000000000 ; Unsigned Binary                                                           ;
; dev_16_en      ; false                            ; Enumerated                                                                ;
; dev_16_base    ; 11111111111100000000000000000000 ; Unsigned Binary                                                           ;
; dev_17_en      ; false                            ; Enumerated                                                                ;
; dev_17_base    ; 11111111111100010000000000000000 ; Unsigned Binary                                                           ;
; dev_18_en      ; false                            ; Enumerated                                                                ;
; dev_18_base    ; 11111111111100100000000000000000 ; Unsigned Binary                                                           ;
; dev_19_en      ; false                            ; Enumerated                                                                ;
; dev_19_base    ; 11111111111100110000000000000000 ; Unsigned Binary                                                           ;
; dev_20_en      ; false                            ; Enumerated                                                                ;
; dev_20_base    ; 11111111111101000000000000000000 ; Unsigned Binary                                                           ;
; dev_21_en      ; true                             ; Enumerated                                                                ;
; dev_21_base    ; 11111111111101010000000000000000 ; Unsigned Binary                                                           ;
; dev_22_en      ; false                            ; Enumerated                                                                ;
; dev_22_base    ; 11111111111101100000000000000000 ; Unsigned Binary                                                           ;
; dev_23_en      ; false                            ; Enumerated                                                                ;
; dev_23_base    ; 11111111111101110000000000000000 ; Unsigned Binary                                                           ;
; dev_24_en      ; false                            ; Enumerated                                                                ;
; dev_24_base    ; 11111111111110000000000000000000 ; Unsigned Binary                                                           ;
; dev_25_en      ; false                            ; Enumerated                                                                ;
; dev_25_base    ; 11111111111110010000000000000000 ; Unsigned Binary                                                           ;
; dev_26_en      ; false                            ; Enumerated                                                                ;
; dev_26_base    ; 11111111111110100000000000000000 ; Unsigned Binary                                                           ;
; dev_27_en      ; false                            ; Enumerated                                                                ;
; dev_27_base    ; 11111111111110110000000000000000 ; Unsigned Binary                                                           ;
; dev_28_en      ; true                             ; Enumerated                                                                ;
; dev_28_base    ; 11111111111111000000000000000000 ; Unsigned Binary                                                           ;
; dev_29_en      ; false                            ; Enumerated                                                                ;
; dev_29_base    ; 11111111111111010000000000000000 ; Unsigned Binary                                                           ;
; dev_30_en      ; true                             ; Enumerated                                                                ;
; dev_30_base    ; 11111111111111100000000000000000 ; Unsigned Binary                                                           ;
; dev_31_en      ; false                            ; Enumerated                                                                ;
; dev_31_base    ; 11111111111111110000000000000000 ; Unsigned Binary                                                           ;
+----------------+----------------------------------+---------------------------------------------------------------------------+
Note: In order to hide this table in the UI and the text report file, please set the "Show Parameter Settings in Synthesis Report" option in "Analysis and Synthesis Settings -> More Settings" to "Off".


+--------------------------------------------------------------------------------------------------------------------------------------------------------------------+
; Parameter Settings for User Entity Instance: neorv32_top:softcore|neorv32_bus_io_switch:\io_system:neorv32_bus_io_switch_inst|neorv32_bus_reg:neorv32_bus_reg_inst ;
+----------------+-------+-------------------------------------------------------------------------------------------------------------------------------------------+
; Parameter Name ; Value ; Type                                                                                                                                      ;
+----------------+-------+-------------------------------------------------------------------------------------------------------------------------------------------+
; req_reg_en     ; true  ; Enumerated                                                                                                                                ;
; rsp_reg_en     ; true  ; Enumerated                                                                                                                                ;
+----------------+-------+-------------------------------------------------------------------------------------------------------------------------------------------+
Note: In order to hide this table in the UI and the text report file, please set the "Show Parameter Settings in Synthesis Report" option in "Analysis and Synthesis Settings -> More Settings" to "Off".


+----------------------------------------------------------------------------------------------------------------------------------+
; Parameter Settings for User Entity Instance: neorv32_top:softcore|neorv32_gpio:\io_system:neorv32_gpio_enabled:neorv32_gpio_inst ;
+----------------+-------+---------------------------------------------------------------------------------------------------------+
; Parameter Name ; Value ; Type                                                                                                    ;
+----------------+-------+---------------------------------------------------------------------------------------------------------+
; gpio_num       ; 8     ; Signed Integer                                                                                          ;
; gpio_dir       ; false ; Enumerated                                                                                              ;
+----------------+-------+---------------------------------------------------------------------------------------------------------+
Note: In order to hide this table in the UI and the text report file, please set the "Show Parameter Settings in Synthesis Report" option in "Analysis and Synthesis Settings -> More Settings" to "Off".


+------------------------------------------------------------------------------------------------------------------------------------+
; Parameter Settings for User Entity Instance: neorv32_top:softcore|neorv32_uart:\io_system:neorv32_uart0_enabled:neorv32_uart0_inst ;
+----------------+-------+-----------------------------------------------------------------------------------------------------------+
; Parameter Name ; Value ; Type                                                                                                      ;
+----------------+-------+-----------------------------------------------------------------------------------------------------------+
; uart_rx_fifo   ; 1     ; Signed Integer                                                                                            ;
; uart_tx_fifo   ; 1     ; Signed Integer                                                                                            ;
+----------------+-------+-----------------------------------------------------------------------------------------------------------+
Note: In order to hide this table in the UI and the text report file, please set the "Show Parameter Settings in Synthesis Report" option in "Analysis and Synthesis Settings -> More Settings" to "Off".


+-------------------------------------------------------------------------------------------------------------------------------------------------------------------+
; Parameter Settings for User Entity Instance: neorv32_top:softcore|neorv32_uart:\io_system:neorv32_uart0_enabled:neorv32_uart0_inst|neorv32_prim_fifo:tx_fifo_inst ;
+----------------+-------+------------------------------------------------------------------------------------------------------------------------------------------+
; Parameter Name ; Value ; Type                                                                                                                                     ;
+----------------+-------+------------------------------------------------------------------------------------------------------------------------------------------+
; awidth         ; 0     ; Signed Integer                                                                                                                           ;
; dwidth         ; 8     ; Signed Integer                                                                                                                           ;
; outgate        ; false ; Enumerated                                                                                                                               ;
+----------------+-------+------------------------------------------------------------------------------------------------------------------------------------------+
Note: In order to hide this table in the UI and the text report file, please set the "Show Parameter Settings in Synthesis Report" option in "Analysis and Synthesis Settings -> More Settings" to "Off".


+-------------------------------------------------------------------------------------------------------------------------------------------------------------------+
; Parameter Settings for User Entity Instance: neorv32_top:softcore|neorv32_uart:\io_system:neorv32_uart0_enabled:neorv32_uart0_inst|neorv32_prim_fifo:rx_fifo_inst ;
+----------------+-------+------------------------------------------------------------------------------------------------------------------------------------------+
; Parameter Name ; Value ; Type                                                                                                                                     ;
+----------------+-------+------------------------------------------------------------------------------------------------------------------------------------------+
; awidth         ; 0     ; Signed Integer                                                                                                                           ;
; dwidth         ; 8     ; Signed Integer                                                                                                                           ;
; outgate        ; false ; Enumerated                                                                                                                               ;
+----------------+-------+------------------------------------------------------------------------------------------------------------------------------------------+
Note: In order to hide this table in the UI and the text report file, please set the "Show Parameter Settings in Synthesis Report" option in "Analysis and Synthesis Settings -> More Settings" to "Off".


+-------------------------------------------------------------------------------------------------------------------+
; Parameter Settings for User Entity Instance: neorv32_top:softcore|neorv32_sysinfo:\io_system:neorv32_sysinfo_inst ;
+-------------------+----------+------------------------------------------------------------------------------------+
; Parameter Name    ; Value    ; Type                                                                               ;
+-------------------+----------+------------------------------------------------------------------------------------+
; bus_tmo_int       ; 16       ; Signed Integer                                                                     ;
; bus_tmo_ext       ; 2048     ; Signed Integer                                                                     ;
; num_harts         ; 1        ; Signed Integer                                                                     ;
; clock_frequency   ; 50000000 ; Signed Integer                                                                     ;
; boot_mode_select  ; 2        ; Signed Integer                                                                     ;
; int_bootloader_en ; false    ; Enumerated                                                                         ;
; imem_en           ; true     ; Enumerated                                                                         ;
; imem_rom          ; true     ; Enumerated                                                                         ;
; imem_size         ; 16384    ; Signed Integer                                                                     ;
; dmem_en           ; true     ; Enumerated                                                                         ;
; dmem_size         ; 8192     ; Signed Integer                                                                     ;
; icache_en         ; false    ; Enumerated                                                                         ;
; icache_num_blocks ; 4        ; Signed Integer                                                                     ;
; dcache_en         ; false    ; Enumerated                                                                         ;
; dcache_num_blocks ; 4        ; Signed Integer                                                                     ;
; cache_block_size  ; 64       ; Signed Integer                                                                     ;
; cache_bursts_en   ; true     ; Enumerated                                                                         ;
; cache_uc_base     ; 1111     ; Unsigned Binary                                                                    ;
; xbus_en           ; false    ; Enumerated                                                                         ;
; ocd_en            ; false    ; Enumerated                                                                         ;
; ocd_auth          ; false    ; Enumerated                                                                         ;
; io_gpio_en        ; true     ; Enumerated                                                                         ;
; io_clint_en       ; false    ; Enumerated                                                                         ;
; io_uart0_en       ; true     ; Enumerated                                                                         ;
; io_uart1_en       ; false    ; Enumerated                                                                         ;
; io_spi_en         ; false    ; Enumerated                                                                         ;
; io_sdi_en         ; false    ; Enumerated                                                                         ;
; io_twi_en         ; false    ; Enumerated                                                                         ;
; io_twd_en         ; false    ; Enumerated                                                                         ;
; io_pwm_en         ; false    ; Enumerated                                                                         ;
; io_wdt_en         ; false    ; Enumerated                                                                         ;
; io_trng_en        ; false    ; Enumerated                                                                         ;
; io_cfs_en         ; false    ; Enumerated                                                                         ;
; io_neoled_en      ; false    ; Enumerated                                                                         ;
; io_gptmr_en       ; false    ; Enumerated                                                                         ;
; io_onewire_en     ; false    ; Enumerated                                                                         ;
; io_dma_en         ; false    ; Enumerated                                                                         ;
; io_slink_en       ; false    ; Enumerated                                                                         ;
; io_tracer_en      ; false    ; Enumerated                                                                         ;
+-------------------+----------+------------------------------------------------------------------------------------+
Note: In order to hide this table in the UI and the text report file, please set the "Show Parameter Settings in Synthesis Report" option in "Analysis and Synthesis Settings -> More Settings" to "Off".


+---------------------------------------------------------------------+
; Parameter Settings for User Entity Instance: debounce:debounce_inst ;
+----------------+-------+--------------------------------------------+
; Parameter Name ; Value ; Type                                       ;
+----------------+-------+--------------------------------------------+
; WIDTH          ; 4     ; Signed Integer                             ;
; POLARITY       ; LOW   ; String                                     ;
; TIMEOUT        ; 50000 ; Signed Integer                             ;
; TIMEOUT_WIDTH  ; 16    ; Signed Integer                             ;
+----------------+-------+--------------------------------------------+
Note: In order to hide this table in the UI and the text report file, please set the "Show Parameter Settings in Synthesis Report" option in "Analysis and Synthesis Settings -> More Settings" to "Off".


+---------------------------------------------------------------------------------------------------------------------------------------------------------------------------------------------------------------------------------------+
; Parameter Settings for Inferred Entity Instance: neorv32_top:softcore|neorv32_dmem:\memory_system:neorv32_dmem_enabled:neorv32_dmem_inst|neorv32_dmem_ram:dmem_ram_inst|neorv32_prim_spram:\ram_gen:3:ram_inst|altsyncram:spram_rtl_0 ;
+------------------------------------+----------------------+---------------------------------------------------------------------------------------------------------------------------------------------------------------------------+
; Parameter Name                     ; Value                ; Type                                                                                                                                                                      ;
+------------------------------------+----------------------+---------------------------------------------------------------------------------------------------------------------------------------------------------------------------+
; BYTE_SIZE_BLOCK                    ; 8                    ; Untyped                                                                                                                                                                   ;
; AUTO_CARRY_CHAINS                  ; ON                   ; AUTO_CARRY                                                                                                                                                                ;
; IGNORE_CARRY_BUFFERS               ; OFF                  ; IGNORE_CARRY                                                                                                                                                              ;
; AUTO_CASCADE_CHAINS                ; ON                   ; AUTO_CASCADE                                                                                                                                                              ;
; IGNORE_CASCADE_BUFFERS             ; OFF                  ; IGNORE_CASCADE                                                                                                                                                            ;
; WIDTH_BYTEENA                      ; 1                    ; Untyped                                                                                                                                                                   ;
; OPERATION_MODE                     ; DUAL_PORT            ; Untyped                                                                                                                                                                   ;
; WIDTH_A                            ; 8                    ; Untyped                                                                                                                                                                   ;
; WIDTHAD_A                          ; 11                   ; Untyped                                                                                                                                                                   ;
; NUMWORDS_A                         ; 2048                 ; Untyped                                                                                                                                                                   ;
; OUTDATA_REG_A                      ; UNREGISTERED         ; Untyped                                                                                                                                                                   ;
; ADDRESS_ACLR_A                     ; NONE                 ; Untyped                                                                                                                                                                   ;
; OUTDATA_ACLR_A                     ; NONE                 ; Untyped                                                                                                                                                                   ;
; WRCONTROL_ACLR_A                   ; NONE                 ; Untyped                                                                                                                                                                   ;
; INDATA_ACLR_A                      ; NONE                 ; Untyped                                                                                                                                                                   ;
; BYTEENA_ACLR_A                     ; NONE                 ; Untyped                                                                                                                                                                   ;
; WIDTH_B                            ; 8                    ; Untyped                                                                                                                                                                   ;
; WIDTHAD_B                          ; 11                   ; Untyped                                                                                                                                                                   ;
; NUMWORDS_B                         ; 2048                 ; Untyped                                                                                                                                                                   ;
; INDATA_REG_B                       ; CLOCK1               ; Untyped                                                                                                                                                                   ;
; WRCONTROL_WRADDRESS_REG_B          ; CLOCK1               ; Untyped                                                                                                                                                                   ;
; RDCONTROL_REG_B                    ; CLOCK0               ; Untyped                                                                                                                                                                   ;
; ADDRESS_REG_B                      ; CLOCK0               ; Untyped                                                                                                                                                                   ;
; OUTDATA_REG_B                      ; UNREGISTERED         ; Untyped                                                                                                                                                                   ;
; BYTEENA_REG_B                      ; CLOCK1               ; Untyped                                                                                                                                                                   ;
; INDATA_ACLR_B                      ; NONE                 ; Untyped                                                                                                                                                                   ;
; WRCONTROL_ACLR_B                   ; NONE                 ; Untyped                                                                                                                                                                   ;
; ADDRESS_ACLR_B                     ; NONE                 ; Untyped                                                                                                                                                                   ;
; OUTDATA_ACLR_B                     ; NONE                 ; Untyped                                                                                                                                                                   ;
; RDCONTROL_ACLR_B                   ; NONE                 ; Untyped                                                                                                                                                                   ;
; BYTEENA_ACLR_B                     ; NONE                 ; Untyped                                                                                                                                                                   ;
; WIDTH_BYTEENA_A                    ; 1                    ; Untyped                                                                                                                                                                   ;
; WIDTH_BYTEENA_B                    ; 1                    ; Untyped                                                                                                                                                                   ;
; RAM_BLOCK_TYPE                     ; AUTO                 ; Untyped                                                                                                                                                                   ;
; BYTE_SIZE                          ; 8                    ; Untyped                                                                                                                                                                   ;
; READ_DURING_WRITE_MODE_MIXED_PORTS ; OLD_DATA             ; Untyped                                                                                                                                                                   ;
; READ_DURING_WRITE_MODE_PORT_A      ; NEW_DATA_NO_NBE_READ ; Untyped                                                                                                                                                                   ;
; READ_DURING_WRITE_MODE_PORT_B      ; NEW_DATA_NO_NBE_READ ; Untyped                                                                                                                                                                   ;
; INIT_FILE                          ; UNUSED               ; Untyped                                                                                                                                                                   ;
; INIT_FILE_LAYOUT                   ; PORT_A               ; Untyped                                                                                                                                                                   ;
; MAXIMUM_DEPTH                      ; 0                    ; Untyped                                                                                                                                                                   ;
; CLOCK_ENABLE_INPUT_A               ; NORMAL               ; Untyped                                                                                                                                                                   ;
; CLOCK_ENABLE_INPUT_B               ; NORMAL               ; Untyped                                                                                                                                                                   ;
; CLOCK_ENABLE_OUTPUT_A              ; NORMAL               ; Untyped                                                                                                                                                                   ;
; CLOCK_ENABLE_OUTPUT_B              ; NORMAL               ; Untyped                                                                                                                                                                   ;
; CLOCK_ENABLE_CORE_A                ; USE_INPUT_CLKEN      ; Untyped                                                                                                                                                                   ;
; CLOCK_ENABLE_CORE_B                ; USE_INPUT_CLKEN      ; Untyped                                                                                                                                                                   ;
; ENABLE_ECC                         ; FALSE                ; Untyped                                                                                                                                                                   ;
; ECC_PIPELINE_STAGE_ENABLED         ; FALSE                ; Untyped                                                                                                                                                                   ;
; WIDTH_ECCSTATUS                    ; 3                    ; Untyped                                                                                                                                                                   ;
; DEVICE_FAMILY                      ; Cyclone V            ; Untyped                                                                                                                                                                   ;
; CBXI_PARAMETER                     ; altsyncram_c6q1      ; Untyped                                                                                                                                                                   ;
+------------------------------------+----------------------+---------------------------------------------------------------------------------------------------------------------------------------------------------------------------+
Note: In order to hide this table in the UI and the text report file, please set the "Show Parameter Settings in Synthesis Report" option in "Analysis and Synthesis Settings -> More Settings" to "Off".


+---------------------------------------------------------------------------------------------------------------------------------------------------------------------------------------------------------------------------------------+
; Parameter Settings for Inferred Entity Instance: neorv32_top:softcore|neorv32_dmem:\memory_system:neorv32_dmem_enabled:neorv32_dmem_inst|neorv32_dmem_ram:dmem_ram_inst|neorv32_prim_spram:\ram_gen:2:ram_inst|altsyncram:spram_rtl_0 ;
+------------------------------------+----------------------+---------------------------------------------------------------------------------------------------------------------------------------------------------------------------+
; Parameter Name                     ; Value                ; Type                                                                                                                                                                      ;
+------------------------------------+----------------------+---------------------------------------------------------------------------------------------------------------------------------------------------------------------------+
; BYTE_SIZE_BLOCK                    ; 8                    ; Untyped                                                                                                                                                                   ;
; AUTO_CARRY_CHAINS                  ; ON                   ; AUTO_CARRY                                                                                                                                                                ;
; IGNORE_CARRY_BUFFERS               ; OFF                  ; IGNORE_CARRY                                                                                                                                                              ;
; AUTO_CASCADE_CHAINS                ; ON                   ; AUTO_CASCADE                                                                                                                                                              ;
; IGNORE_CASCADE_BUFFERS             ; OFF                  ; IGNORE_CASCADE                                                                                                                                                            ;
; WIDTH_BYTEENA                      ; 1                    ; Untyped                                                                                                                                                                   ;
; OPERATION_MODE                     ; DUAL_PORT            ; Untyped                                                                                                                                                                   ;
; WIDTH_A                            ; 8                    ; Untyped                                                                                                                                                                   ;
; WIDTHAD_A                          ; 11                   ; Untyped                                                                                                                                                                   ;
; NUMWORDS_A                         ; 2048                 ; Untyped                                                                                                                                                                   ;
; OUTDATA_REG_A                      ; UNREGISTERED         ; Untyped                                                                                                                                                                   ;
; ADDRESS_ACLR_A                     ; NONE                 ; Untyped                                                                                                                                                                   ;
; OUTDATA_ACLR_A                     ; NONE                 ; Untyped                                                                                                                                                                   ;
; WRCONTROL_ACLR_A                   ; NONE                 ; Untyped                                                                                                                                                                   ;
; INDATA_ACLR_A                      ; NONE                 ; Untyped                                                                                                                                                                   ;
; BYTEENA_ACLR_A                     ; NONE                 ; Untyped                                                                                                                                                                   ;
; WIDTH_B                            ; 8                    ; Untyped                                                                                                                                                                   ;
; WIDTHAD_B                          ; 11                   ; Untyped                                                                                                                                                                   ;
; NUMWORDS_B                         ; 2048                 ; Untyped                                                                                                                                                                   ;
; INDATA_REG_B                       ; CLOCK1               ; Untyped                                                                                                                                                                   ;
; WRCONTROL_WRADDRESS_REG_B          ; CLOCK1               ; Untyped                                                                                                                                                                   ;
; RDCONTROL_REG_B                    ; CLOCK0               ; Untyped                                                                                                                                                                   ;
; ADDRESS_REG_B                      ; CLOCK0               ; Untyped                                                                                                                                                                   ;
; OUTDATA_REG_B                      ; UNREGISTERED         ; Untyped                                                                                                                                                                   ;
; BYTEENA_REG_B                      ; CLOCK1               ; Untyped                                                                                                                                                                   ;
; INDATA_ACLR_B                      ; NONE                 ; Untyped                                                                                                                                                                   ;
; WRCONTROL_ACLR_B                   ; NONE                 ; Untyped                                                                                                                                                                   ;
; ADDRESS_ACLR_B                     ; NONE                 ; Untyped                                                                                                                                                                   ;
; OUTDATA_ACLR_B                     ; NONE                 ; Untyped                                                                                                                                                                   ;
; RDCONTROL_ACLR_B                   ; NONE                 ; Untyped                                                                                                                                                                   ;
; BYTEENA_ACLR_B                     ; NONE                 ; Untyped                                                                                                                                                                   ;
; WIDTH_BYTEENA_A                    ; 1                    ; Untyped                                                                                                                                                                   ;
; WIDTH_BYTEENA_B                    ; 1                    ; Untyped                                                                                                                                                                   ;
; RAM_BLOCK_TYPE                     ; AUTO                 ; Untyped                                                                                                                                                                   ;
; BYTE_SIZE                          ; 8                    ; Untyped                                                                                                                                                                   ;
; READ_DURING_WRITE_MODE_MIXED_PORTS ; OLD_DATA             ; Untyped                                                                                                                                                                   ;
; READ_DURING_WRITE_MODE_PORT_A      ; NEW_DATA_NO_NBE_READ ; Untyped                                                                                                                                                                   ;
; READ_DURING_WRITE_MODE_PORT_B      ; NEW_DATA_NO_NBE_READ ; Untyped                                                                                                                                                                   ;
; INIT_FILE                          ; UNUSED               ; Untyped                                                                                                                                                                   ;
; INIT_FILE_LAYOUT                   ; PORT_A               ; Untyped                                                                                                                                                                   ;
; MAXIMUM_DEPTH                      ; 0                    ; Untyped                                                                                                                                                                   ;
; CLOCK_ENABLE_INPUT_A               ; NORMAL               ; Untyped                                                                                                                                                                   ;
; CLOCK_ENABLE_INPUT_B               ; NORMAL               ; Untyped                                                                                                                                                                   ;
; CLOCK_ENABLE_OUTPUT_A              ; NORMAL               ; Untyped                                                                                                                                                                   ;
; CLOCK_ENABLE_OUTPUT_B              ; NORMAL               ; Untyped                                                                                                                                                                   ;
; CLOCK_ENABLE_CORE_A                ; USE_INPUT_CLKEN      ; Untyped                                                                                                                                                                   ;
; CLOCK_ENABLE_CORE_B                ; USE_INPUT_CLKEN      ; Untyped                                                                                                                                                                   ;
; ENABLE_ECC                         ; FALSE                ; Untyped                                                                                                                                                                   ;
; ECC_PIPELINE_STAGE_ENABLED         ; FALSE                ; Untyped                                                                                                                                                                   ;
; WIDTH_ECCSTATUS                    ; 3                    ; Untyped                                                                                                                                                                   ;
; DEVICE_FAMILY                      ; Cyclone V            ; Untyped                                                                                                                                                                   ;
; CBXI_PARAMETER                     ; altsyncram_c6q1      ; Untyped                                                                                                                                                                   ;
+------------------------------------+----------------------+---------------------------------------------------------------------------------------------------------------------------------------------------------------------------+
Note: In order to hide this table in the UI and the text report file, please set the "Show Parameter Settings in Synthesis Report" option in "Analysis and Synthesis Settings -> More Settings" to "Off".


+---------------------------------------------------------------------------------------------------------------------------------------------------------------------------------------------------------------------------------------+
; Parameter Settings for Inferred Entity Instance: neorv32_top:softcore|neorv32_dmem:\memory_system:neorv32_dmem_enabled:neorv32_dmem_inst|neorv32_dmem_ram:dmem_ram_inst|neorv32_prim_spram:\ram_gen:1:ram_inst|altsyncram:spram_rtl_0 ;
+------------------------------------+----------------------+---------------------------------------------------------------------------------------------------------------------------------------------------------------------------+
; Parameter Name                     ; Value                ; Type                                                                                                                                                                      ;
+------------------------------------+----------------------+---------------------------------------------------------------------------------------------------------------------------------------------------------------------------+
; BYTE_SIZE_BLOCK                    ; 8                    ; Untyped                                                                                                                                                                   ;
; AUTO_CARRY_CHAINS                  ; ON                   ; AUTO_CARRY                                                                                                                                                                ;
; IGNORE_CARRY_BUFFERS               ; OFF                  ; IGNORE_CARRY                                                                                                                                                              ;
; AUTO_CASCADE_CHAINS                ; ON                   ; AUTO_CASCADE                                                                                                                                                              ;
; IGNORE_CASCADE_BUFFERS             ; OFF                  ; IGNORE_CASCADE                                                                                                                                                            ;
; WIDTH_BYTEENA                      ; 1                    ; Untyped                                                                                                                                                                   ;
; OPERATION_MODE                     ; DUAL_PORT            ; Untyped                                                                                                                                                                   ;
; WIDTH_A                            ; 8                    ; Untyped                                                                                                                                                                   ;
; WIDTHAD_A                          ; 11                   ; Untyped                                                                                                                                                                   ;
; NUMWORDS_A                         ; 2048                 ; Untyped                                                                                                                                                                   ;
; OUTDATA_REG_A                      ; UNREGISTERED         ; Untyped                                                                                                                                                                   ;
; ADDRESS_ACLR_A                     ; NONE                 ; Untyped                                                                                                                                                                   ;
; OUTDATA_ACLR_A                     ; NONE                 ; Untyped                                                                                                                                                                   ;
; WRCONTROL_ACLR_A                   ; NONE                 ; Untyped                                                                                                                                                                   ;
; INDATA_ACLR_A                      ; NONE                 ; Untyped                                                                                                                                                                   ;
; BYTEENA_ACLR_A                     ; NONE                 ; Untyped                                                                                                                                                                   ;
; WIDTH_B                            ; 8                    ; Untyped                                                                                                                                                                   ;
; WIDTHAD_B                          ; 11                   ; Untyped                                                                                                                                                                   ;
; NUMWORDS_B                         ; 2048                 ; Untyped                                                                                                                                                                   ;
; INDATA_REG_B                       ; CLOCK1               ; Untyped                                                                                                                                                                   ;
; WRCONTROL_WRADDRESS_REG_B          ; CLOCK1               ; Untyped                                                                                                                                                                   ;
; RDCONTROL_REG_B                    ; CLOCK0               ; Untyped                                                                                                                                                                   ;
; ADDRESS_REG_B                      ; CLOCK0               ; Untyped                                                                                                                                                                   ;
; OUTDATA_REG_B                      ; UNREGISTERED         ; Untyped                                                                                                                                                                   ;
; BYTEENA_REG_B                      ; CLOCK1               ; Untyped                                                                                                                                                                   ;
; INDATA_ACLR_B                      ; NONE                 ; Untyped                                                                                                                                                                   ;
; WRCONTROL_ACLR_B                   ; NONE                 ; Untyped                                                                                                                                                                   ;
; ADDRESS_ACLR_B                     ; NONE                 ; Untyped                                                                                                                                                                   ;
; OUTDATA_ACLR_B                     ; NONE                 ; Untyped                                                                                                                                                                   ;
; RDCONTROL_ACLR_B                   ; NONE                 ; Untyped                                                                                                                                                                   ;
; BYTEENA_ACLR_B                     ; NONE                 ; Untyped                                                                                                                                                                   ;
; WIDTH_BYTEENA_A                    ; 1                    ; Untyped                                                                                                                                                                   ;
; WIDTH_BYTEENA_B                    ; 1                    ; Untyped                                                                                                                                                                   ;
; RAM_BLOCK_TYPE                     ; AUTO                 ; Untyped                                                                                                                                                                   ;
; BYTE_SIZE                          ; 8                    ; Untyped                                                                                                                                                                   ;
; READ_DURING_WRITE_MODE_MIXED_PORTS ; OLD_DATA             ; Untyped                                                                                                                                                                   ;
; READ_DURING_WRITE_MODE_PORT_A      ; NEW_DATA_NO_NBE_READ ; Untyped                                                                                                                                                                   ;
; READ_DURING_WRITE_MODE_PORT_B      ; NEW_DATA_NO_NBE_READ ; Untyped                                                                                                                                                                   ;
; INIT_FILE                          ; UNUSED               ; Untyped                                                                                                                                                                   ;
; INIT_FILE_LAYOUT                   ; PORT_A               ; Untyped                                                                                                                                                                   ;
; MAXIMUM_DEPTH                      ; 0                    ; Untyped                                                                                                                                                                   ;
; CLOCK_ENABLE_INPUT_A               ; NORMAL               ; Untyped                                                                                                                                                                   ;
; CLOCK_ENABLE_INPUT_B               ; NORMAL               ; Untyped                                                                                                                                                                   ;
; CLOCK_ENABLE_OUTPUT_A              ; NORMAL               ; Untyped                                                                                                                                                                   ;
; CLOCK_ENABLE_OUTPUT_B              ; NORMAL               ; Untyped                                                                                                                                                                   ;
; CLOCK_ENABLE_CORE_A                ; USE_INPUT_CLKEN      ; Untyped                                                                                                                                                                   ;
; CLOCK_ENABLE_CORE_B                ; USE_INPUT_CLKEN      ; Untyped                                                                                                                                                                   ;
; ENABLE_ECC                         ; FALSE                ; Untyped                                                                                                                                                                   ;
; ECC_PIPELINE_STAGE_ENABLED         ; FALSE                ; Untyped                                                                                                                                                                   ;
; WIDTH_ECCSTATUS                    ; 3                    ; Untyped                                                                                                                                                                   ;
; DEVICE_FAMILY                      ; Cyclone V            ; Untyped                                                                                                                                                                   ;
; CBXI_PARAMETER                     ; altsyncram_c6q1      ; Untyped                                                                                                                                                                   ;
+------------------------------------+----------------------+---------------------------------------------------------------------------------------------------------------------------------------------------------------------------+
Note: In order to hide this table in the UI and the text report file, please set the "Show Parameter Settings in Synthesis Report" option in "Analysis and Synthesis Settings -> More Settings" to "Off".


+---------------------------------------------------------------------------------------------------------------------------------------------------------------------------------------------------------------------------------------+
; Parameter Settings for Inferred Entity Instance: neorv32_top:softcore|neorv32_dmem:\memory_system:neorv32_dmem_enabled:neorv32_dmem_inst|neorv32_dmem_ram:dmem_ram_inst|neorv32_prim_spram:\ram_gen:0:ram_inst|altsyncram:spram_rtl_0 ;
+------------------------------------+----------------------+---------------------------------------------------------------------------------------------------------------------------------------------------------------------------+
; Parameter Name                     ; Value                ; Type                                                                                                                                                                      ;
+------------------------------------+----------------------+---------------------------------------------------------------------------------------------------------------------------------------------------------------------------+
; BYTE_SIZE_BLOCK                    ; 8                    ; Untyped                                                                                                                                                                   ;
; AUTO_CARRY_CHAINS                  ; ON                   ; AUTO_CARRY                                                                                                                                                                ;
; IGNORE_CARRY_BUFFERS               ; OFF                  ; IGNORE_CARRY                                                                                                                                                              ;
; AUTO_CASCADE_CHAINS                ; ON                   ; AUTO_CASCADE                                                                                                                                                              ;
; IGNORE_CASCADE_BUFFERS             ; OFF                  ; IGNORE_CASCADE                                                                                                                                                            ;
; WIDTH_BYTEENA                      ; 1                    ; Untyped                                                                                                                                                                   ;
; OPERATION_MODE                     ; DUAL_PORT            ; Untyped                                                                                                                                                                   ;
; WIDTH_A                            ; 8                    ; Untyped                                                                                                                                                                   ;
; WIDTHAD_A                          ; 11                   ; Untyped                                                                                                                                                                   ;
; NUMWORDS_A                         ; 2048                 ; Untyped                                                                                                                                                                   ;
; OUTDATA_REG_A                      ; UNREGISTERED         ; Untyped                                                                                                                                                                   ;
; ADDRESS_ACLR_A                     ; NONE                 ; Untyped                                                                                                                                                                   ;
; OUTDATA_ACLR_A                     ; NONE                 ; Untyped                                                                                                                                                                   ;
; WRCONTROL_ACLR_A                   ; NONE                 ; Untyped                                                                                                                                                                   ;
; INDATA_ACLR_A                      ; NONE                 ; Untyped                                                                                                                                                                   ;
; BYTEENA_ACLR_A                     ; NONE                 ; Untyped                                                                                                                                                                   ;
; WIDTH_B                            ; 8                    ; Untyped                                                                                                                                                                   ;
; WIDTHAD_B                          ; 11                   ; Untyped                                                                                                                                                                   ;
; NUMWORDS_B                         ; 2048                 ; Untyped                                                                                                                                                                   ;
; INDATA_REG_B                       ; CLOCK1               ; Untyped                                                                                                                                                                   ;
; WRCONTROL_WRADDRESS_REG_B          ; CLOCK1               ; Untyped                                                                                                                                                                   ;
; RDCONTROL_REG_B                    ; CLOCK0               ; Untyped                                                                                                                                                                   ;
; ADDRESS_REG_B                      ; CLOCK0               ; Untyped                                                                                                                                                                   ;
; OUTDATA_REG_B                      ; UNREGISTERED         ; Untyped                                                                                                                                                                   ;
; BYTEENA_REG_B                      ; CLOCK1               ; Untyped                                                                                                                                                                   ;
; INDATA_ACLR_B                      ; NONE                 ; Untyped                                                                                                                                                                   ;
; WRCONTROL_ACLR_B                   ; NONE                 ; Untyped                                                                                                                                                                   ;
; ADDRESS_ACLR_B                     ; NONE                 ; Untyped                                                                                                                                                                   ;
; OUTDATA_ACLR_B                     ; NONE                 ; Untyped                                                                                                                                                                   ;
; RDCONTROL_ACLR_B                   ; NONE                 ; Untyped                                                                                                                                                                   ;
; BYTEENA_ACLR_B                     ; NONE                 ; Untyped                                                                                                                                                                   ;
; WIDTH_BYTEENA_A                    ; 1                    ; Untyped                                                                                                                                                                   ;
; WIDTH_BYTEENA_B                    ; 1                    ; Untyped                                                                                                                                                                   ;
; RAM_BLOCK_TYPE                     ; AUTO                 ; Untyped                                                                                                                                                                   ;
; BYTE_SIZE                          ; 8                    ; Untyped                                                                                                                                                                   ;
; READ_DURING_WRITE_MODE_MIXED_PORTS ; OLD_DATA             ; Untyped                                                                                                                                                                   ;
; READ_DURING_WRITE_MODE_PORT_A      ; NEW_DATA_NO_NBE_READ ; Untyped                                                                                                                                                                   ;
; READ_DURING_WRITE_MODE_PORT_B      ; NEW_DATA_NO_NBE_READ ; Untyped                                                                                                                                                                   ;
; INIT_FILE                          ; UNUSED               ; Untyped                                                                                                                                                                   ;
; INIT_FILE_LAYOUT                   ; PORT_A               ; Untyped                                                                                                                                                                   ;
; MAXIMUM_DEPTH                      ; 0                    ; Untyped                                                                                                                                                                   ;
; CLOCK_ENABLE_INPUT_A               ; NORMAL               ; Untyped                                                                                                                                                                   ;
; CLOCK_ENABLE_INPUT_B               ; NORMAL               ; Untyped                                                                                                                                                                   ;
; CLOCK_ENABLE_OUTPUT_A              ; NORMAL               ; Untyped                                                                                                                                                                   ;
; CLOCK_ENABLE_OUTPUT_B              ; NORMAL               ; Untyped                                                                                                                                                                   ;
; CLOCK_ENABLE_CORE_A                ; USE_INPUT_CLKEN      ; Untyped                                                                                                                                                                   ;
; CLOCK_ENABLE_CORE_B                ; USE_INPUT_CLKEN      ; Untyped                                                                                                                                                                   ;
; ENABLE_ECC                         ; FALSE                ; Untyped                                                                                                                                                                   ;
; ECC_PIPELINE_STAGE_ENABLED         ; FALSE                ; Untyped                                                                                                                                                                   ;
; WIDTH_ECCSTATUS                    ; 3                    ; Untyped                                                                                                                                                                   ;
; DEVICE_FAMILY                      ; Cyclone V            ; Untyped                                                                                                                                                                   ;
; CBXI_PARAMETER                     ; altsyncram_c6q1      ; Untyped                                                                                                                                                                   ;
+------------------------------------+----------------------+---------------------------------------------------------------------------------------------------------------------------------------------------------------------------+
Note: In order to hide this table in the UI and the text report file, please set the "Show Parameter Settings in Synthesis Report" option in "Analysis and Synthesis Settings -> More Settings" to "Off".


+----------------------------------------------------------------------------------------------------------------------------------------------------------------------------------------------+
; Parameter Settings for Inferred Entity Instance: neorv32_top:softcore|neorv32_cpu:\core_complex_gen:0:neorv32_cpu_inst|neorv32_cpu_regfile:neorv32_cpu_regfile_inst|altsyncram:regfile_rtl_0 ;
+------------------------------------+----------------------+----------------------------------------------------------------------------------------------------------------------------------+
; Parameter Name                     ; Value                ; Type                                                                                                                             ;
+------------------------------------+----------------------+----------------------------------------------------------------------------------------------------------------------------------+
; BYTE_SIZE_BLOCK                    ; 8                    ; Untyped                                                                                                                          ;
; AUTO_CARRY_CHAINS                  ; ON                   ; AUTO_CARRY                                                                                                                       ;
; IGNORE_CARRY_BUFFERS               ; OFF                  ; IGNORE_CARRY                                                                                                                     ;
; AUTO_CASCADE_CHAINS                ; ON                   ; AUTO_CASCADE                                                                                                                     ;
; IGNORE_CASCADE_BUFFERS             ; OFF                  ; IGNORE_CASCADE                                                                                                                   ;
; WIDTH_BYTEENA                      ; 1                    ; Untyped                                                                                                                          ;
; OPERATION_MODE                     ; DUAL_PORT            ; Untyped                                                                                                                          ;
; WIDTH_A                            ; 32                   ; Untyped                                                                                                                          ;
; WIDTHAD_A                          ; 5                    ; Untyped                                                                                                                          ;
; NUMWORDS_A                         ; 32                   ; Untyped                                                                                                                          ;
; OUTDATA_REG_A                      ; UNREGISTERED         ; Untyped                                                                                                                          ;
; ADDRESS_ACLR_A                     ; NONE                 ; Untyped                                                                                                                          ;
; OUTDATA_ACLR_A                     ; NONE                 ; Untyped                                                                                                                          ;
; WRCONTROL_ACLR_A                   ; NONE                 ; Untyped                                                                                                                          ;
; INDATA_ACLR_A                      ; NONE                 ; Untyped                                                                                                                          ;
; BYTEENA_ACLR_A                     ; NONE                 ; Untyped                                                                                                                          ;
; WIDTH_B                            ; 32                   ; Untyped                                                                                                                          ;
; WIDTHAD_B                          ; 5                    ; Untyped                                                                                                                          ;
; NUMWORDS_B                         ; 32                   ; Untyped                                                                                                                          ;
; INDATA_REG_B                       ; CLOCK1               ; Untyped                                                                                                                          ;
; WRCONTROL_WRADDRESS_REG_B          ; CLOCK1               ; Untyped                                                                                                                          ;
; RDCONTROL_REG_B                    ; CLOCK1               ; Untyped                                                                                                                          ;
; ADDRESS_REG_B                      ; CLOCK0               ; Untyped                                                                                                                          ;
; OUTDATA_REG_B                      ; UNREGISTERED         ; Untyped                                                                                                                          ;
; BYTEENA_REG_B                      ; CLOCK1               ; Untyped                                                                                                                          ;
; INDATA_ACLR_B                      ; NONE                 ; Untyped                                                                                                                          ;
; WRCONTROL_ACLR_B                   ; NONE                 ; Untyped                                                                                                                          ;
; ADDRESS_ACLR_B                     ; NONE                 ; Untyped                                                                                                                          ;
; OUTDATA_ACLR_B                     ; NONE                 ; Untyped                                                                                                                          ;
; RDCONTROL_ACLR_B                   ; NONE                 ; Untyped                                                                                                                          ;
; BYTEENA_ACLR_B                     ; NONE                 ; Untyped                                                                                                                          ;
; WIDTH_BYTEENA_A                    ; 1                    ; Untyped                                                                                                                          ;
; WIDTH_BYTEENA_B                    ; 1                    ; Untyped                                                                                                                          ;
; RAM_BLOCK_TYPE                     ; AUTO                 ; Untyped                                                                                                                          ;
; BYTE_SIZE                          ; 8                    ; Untyped                                                                                                                          ;
; READ_DURING_WRITE_MODE_MIXED_PORTS ; OLD_DATA             ; Untyped                                                                                                                          ;
; READ_DURING_WRITE_MODE_PORT_A      ; NEW_DATA_NO_NBE_READ ; Untyped                                                                                                                          ;
; READ_DURING_WRITE_MODE_PORT_B      ; NEW_DATA_NO_NBE_READ ; Untyped                                                                                                                          ;
; INIT_FILE                          ; UNUSED               ; Untyped                                                                                                                          ;
; INIT_FILE_LAYOUT                   ; PORT_A               ; Untyped                                                                                                                          ;
; MAXIMUM_DEPTH                      ; 0                    ; Untyped                                                                                                                          ;
; CLOCK_ENABLE_INPUT_A               ; NORMAL               ; Untyped                                                                                                                          ;
; CLOCK_ENABLE_INPUT_B               ; NORMAL               ; Untyped                                                                                                                          ;
; CLOCK_ENABLE_OUTPUT_A              ; NORMAL               ; Untyped                                                                                                                          ;
; CLOCK_ENABLE_OUTPUT_B              ; NORMAL               ; Untyped                                                                                                                          ;
; CLOCK_ENABLE_CORE_A                ; USE_INPUT_CLKEN      ; Untyped                                                                                                                          ;
; CLOCK_ENABLE_CORE_B                ; USE_INPUT_CLKEN      ; Untyped                                                                                                                          ;
; ENABLE_ECC                         ; FALSE                ; Untyped                                                                                                                          ;
; ECC_PIPELINE_STAGE_ENABLED         ; FALSE                ; Untyped                                                                                                                          ;
; WIDTH_ECCSTATUS                    ; 3                    ; Untyped                                                                                                                          ;
; DEVICE_FAMILY                      ; Cyclone V            ; Untyped                                                                                                                          ;
; CBXI_PARAMETER                     ; altsyncram_u2n1      ; Untyped                                                                                                                          ;
+------------------------------------+----------------------+----------------------------------------------------------------------------------------------------------------------------------+
Note: In order to hide this table in the UI and the text report file, please set the "Show Parameter Settings in Synthesis Report" option in "Analysis and Synthesis Settings -> More Settings" to "Off".


+----------------------------------------------------------------------------------------------------------------------------------------------------------------------------------------------+
; Parameter Settings for Inferred Entity Instance: neorv32_top:softcore|neorv32_cpu:\core_complex_gen:0:neorv32_cpu_inst|neorv32_cpu_regfile:neorv32_cpu_regfile_inst|altsyncram:regfile_rtl_1 ;
+------------------------------------+----------------------+----------------------------------------------------------------------------------------------------------------------------------+
; Parameter Name                     ; Value                ; Type                                                                                                                             ;
+------------------------------------+----------------------+----------------------------------------------------------------------------------------------------------------------------------+
; BYTE_SIZE_BLOCK                    ; 8                    ; Untyped                                                                                                                          ;
; AUTO_CARRY_CHAINS                  ; ON                   ; AUTO_CARRY                                                                                                                       ;
; IGNORE_CARRY_BUFFERS               ; OFF                  ; IGNORE_CARRY                                                                                                                     ;
; AUTO_CASCADE_CHAINS                ; ON                   ; AUTO_CASCADE                                                                                                                     ;
; IGNORE_CASCADE_BUFFERS             ; OFF                  ; IGNORE_CASCADE                                                                                                                   ;
; WIDTH_BYTEENA                      ; 1                    ; Untyped                                                                                                                          ;
; OPERATION_MODE                     ; DUAL_PORT            ; Untyped                                                                                                                          ;
; WIDTH_A                            ; 32                   ; Untyped                                                                                                                          ;
; WIDTHAD_A                          ; 5                    ; Untyped                                                                                                                          ;
; NUMWORDS_A                         ; 32                   ; Untyped                                                                                                                          ;
; OUTDATA_REG_A                      ; UNREGISTERED         ; Untyped                                                                                                                          ;
; ADDRESS_ACLR_A                     ; NONE                 ; Untyped                                                                                                                          ;
; OUTDATA_ACLR_A                     ; NONE                 ; Untyped                                                                                                                          ;
; WRCONTROL_ACLR_A                   ; NONE                 ; Untyped                                                                                                                          ;
; INDATA_ACLR_A                      ; NONE                 ; Untyped                                                                                                                          ;
; BYTEENA_ACLR_A                     ; NONE                 ; Untyped                                                                                                                          ;
; WIDTH_B                            ; 32                   ; Untyped                                                                                                                          ;
; WIDTHAD_B                          ; 5                    ; Untyped                                                                                                                          ;
; NUMWORDS_B                         ; 32                   ; Untyped                                                                                                                          ;
; INDATA_REG_B                       ; CLOCK1               ; Untyped                                                                                                                          ;
; WRCONTROL_WRADDRESS_REG_B          ; CLOCK1               ; Untyped                                                                                                                          ;
; RDCONTROL_REG_B                    ; CLOCK1               ; Untyped                                                                                                                          ;
; ADDRESS_REG_B                      ; CLOCK0               ; Untyped                                                                                                                          ;
; OUTDATA_REG_B                      ; UNREGISTERED         ; Untyped                                                                                                                          ;
; BYTEENA_REG_B                      ; CLOCK1               ; Untyped                                                                                                                          ;
; INDATA_ACLR_B                      ; NONE                 ; Untyped                                                                                                                          ;
; WRCONTROL_ACLR_B                   ; NONE                 ; Untyped                                                                                                                          ;
; ADDRESS_ACLR_B                     ; NONE                 ; Untyped                                                                                                                          ;
; OUTDATA_ACLR_B                     ; NONE                 ; Untyped                                                                                                                          ;
; RDCONTROL_ACLR_B                   ; NONE                 ; Untyped                                                                                                                          ;
; BYTEENA_ACLR_B                     ; NONE                 ; Untyped                                                                                                                          ;
; WIDTH_BYTEENA_A                    ; 1                    ; Untyped                                                                                                                          ;
; WIDTH_BYTEENA_B                    ; 1                    ; Untyped                                                                                                                          ;
; RAM_BLOCK_TYPE                     ; AUTO                 ; Untyped                                                                                                                          ;
; BYTE_SIZE                          ; 8                    ; Untyped                                                                                                                          ;
; READ_DURING_WRITE_MODE_MIXED_PORTS ; OLD_DATA             ; Untyped                                                                                                                          ;
; READ_DURING_WRITE_MODE_PORT_A      ; NEW_DATA_NO_NBE_READ ; Untyped                                                                                                                          ;
; READ_DURING_WRITE_MODE_PORT_B      ; NEW_DATA_NO_NBE_READ ; Untyped                                                                                                                          ;
; INIT_FILE                          ; UNUSED               ; Untyped                                                                                                                          ;
; INIT_FILE_LAYOUT                   ; PORT_A               ; Untyped                                                                                                                          ;
; MAXIMUM_DEPTH                      ; 0                    ; Untyped                                                                                                                          ;
; CLOCK_ENABLE_INPUT_A               ; NORMAL               ; Untyped                                                                                                                          ;
; CLOCK_ENABLE_INPUT_B               ; NORMAL               ; Untyped                                                                                                                          ;
; CLOCK_ENABLE_OUTPUT_A              ; NORMAL               ; Untyped                                                                                                                          ;
; CLOCK_ENABLE_OUTPUT_B              ; NORMAL               ; Untyped                                                                                                                          ;
; CLOCK_ENABLE_CORE_A                ; USE_INPUT_CLKEN      ; Untyped                                                                                                                          ;
; CLOCK_ENABLE_CORE_B                ; USE_INPUT_CLKEN      ; Untyped                                                                                                                          ;
; ENABLE_ECC                         ; FALSE                ; Untyped                                                                                                                          ;
; ECC_PIPELINE_STAGE_ENABLED         ; FALSE                ; Untyped                                                                                                                          ;
; WIDTH_ECCSTATUS                    ; 3                    ; Untyped                                                                                                                          ;
; DEVICE_FAMILY                      ; Cyclone V            ; Untyped                                                                                                                          ;
; CBXI_PARAMETER                     ; altsyncram_u2n1      ; Untyped                                                                                                                          ;
+------------------------------------+----------------------+----------------------------------------------------------------------------------------------------------------------------------+
Note: In order to hide this table in the UI and the text report file, please set the "Show Parameter Settings in Synthesis Report" option in "Analysis and Synthesis Settings -> More Settings" to "Off".


+----------------------------------------------------------------------------------------------------------------------------------------------------------------------------------------------------------+
; Parameter Settings for Inferred Entity Instance: neorv32_top:softcore|neorv32_imem:\memory_system:neorv32_imem_enabled:neorv32_imem_inst|neorv32_imem_rom:\imem_rom:imem_rom_inst|altsyncram:Mux27_rtl_0 ;
+------------------------------------+------------------------------------------+--------------------------------------------------------------------------------------------------------------------------+
; Parameter Name                     ; Value                                    ; Type                                                                                                                     ;
+------------------------------------+------------------------------------------+--------------------------------------------------------------------------------------------------------------------------+
; BYTE_SIZE_BLOCK                    ; 8                                        ; Untyped                                                                                                                  ;
; AUTO_CARRY_CHAINS                  ; ON                                       ; AUTO_CARRY                                                                                                               ;
; IGNORE_CARRY_BUFFERS               ; OFF                                      ; IGNORE_CARRY                                                                                                             ;
; AUTO_CASCADE_CHAINS                ; ON                                       ; AUTO_CASCADE                                                                                                             ;
; IGNORE_CASCADE_BUFFERS             ; OFF                                      ; IGNORE_CASCADE                                                                                                           ;
; WIDTH_BYTEENA                      ; 1                                        ; Untyped                                                                                                                  ;
; OPERATION_MODE                     ; ROM                                      ; Untyped                                                                                                                  ;
; WIDTH_A                            ; 32                                       ; Untyped                                                                                                                  ;
; WIDTHAD_A                          ; 12                                       ; Untyped                                                                                                                  ;
; NUMWORDS_A                         ; 4096                                     ; Untyped                                                                                                                  ;
; OUTDATA_REG_A                      ; UNREGISTERED                             ; Untyped                                                                                                                  ;
; ADDRESS_ACLR_A                     ; NONE                                     ; Untyped                                                                                                                  ;
; OUTDATA_ACLR_A                     ; NONE                                     ; Untyped                                                                                                                  ;
; WRCONTROL_ACLR_A                   ; NONE                                     ; Untyped                                                                                                                  ;
; INDATA_ACLR_A                      ; NONE                                     ; Untyped                                                                                                                  ;
; BYTEENA_ACLR_A                     ; NONE                                     ; Untyped                                                                                                                  ;
; WIDTH_B                            ; 1                                        ; Untyped                                                                                                                  ;
; WIDTHAD_B                          ; 1                                        ; Untyped                                                                                                                  ;
; NUMWORDS_B                         ; 1                                        ; Untyped                                                                                                                  ;
; INDATA_REG_B                       ; CLOCK1                                   ; Untyped                                                                                                                  ;
; WRCONTROL_WRADDRESS_REG_B          ; CLOCK1                                   ; Untyped                                                                                                                  ;
; RDCONTROL_REG_B                    ; CLOCK1                                   ; Untyped                                                                                                                  ;
; ADDRESS_REG_B                      ; CLOCK1                                   ; Untyped                                                                                                                  ;
; OUTDATA_REG_B                      ; UNREGISTERED                             ; Untyped                                                                                                                  ;
; BYTEENA_REG_B                      ; CLOCK1                                   ; Untyped                                                                                                                  ;
; INDATA_ACLR_B                      ; NONE                                     ; Untyped                                                                                                                  ;
; WRCONTROL_ACLR_B                   ; NONE                                     ; Untyped                                                                                                                  ;
; ADDRESS_ACLR_B                     ; NONE                                     ; Untyped                                                                                                                  ;
; OUTDATA_ACLR_B                     ; NONE                                     ; Untyped                                                                                                                  ;
; RDCONTROL_ACLR_B                   ; NONE                                     ; Untyped                                                                                                                  ;
; BYTEENA_ACLR_B                     ; NONE                                     ; Untyped                                                                                                                  ;
; WIDTH_BYTEENA_A                    ; 1                                        ; Untyped                                                                                                                  ;
; WIDTH_BYTEENA_B                    ; 1                                        ; Untyped                                                                                                                  ;
; RAM_BLOCK_TYPE                     ; AUTO                                     ; Untyped                                                                                                                  ;
; BYTE_SIZE                          ; 8                                        ; Untyped                                                                                                                  ;
; READ_DURING_WRITE_MODE_MIXED_PORTS ; DONT_CARE                                ; Untyped                                                                                                                  ;
; READ_DURING_WRITE_MODE_PORT_A      ; NEW_DATA_NO_NBE_READ                     ; Untyped                                                                                                                  ;
; READ_DURING_WRITE_MODE_PORT_B      ; NEW_DATA_NO_NBE_READ                     ; Untyped                                                                                                                  ;
; INIT_FILE                          ; kyber-neorv32.kyber_neorv32_top0.rtl.mif ; Untyped                                                                                                                  ;
; INIT_FILE_LAYOUT                   ; PORT_A                                   ; Untyped                                                                                                                  ;
; MAXIMUM_DEPTH                      ; 0                                        ; Untyped                                                                                                                  ;
; CLOCK_ENABLE_INPUT_A               ; NORMAL                                   ; Untyped                                                                                                                  ;
; CLOCK_ENABLE_INPUT_B               ; NORMAL                                   ; Untyped                                                                                                                  ;
; CLOCK_ENABLE_OUTPUT_A              ; NORMAL                                   ; Untyped                                                                                                                  ;
; CLOCK_ENABLE_OUTPUT_B              ; NORMAL                                   ; Untyped                                                                                                                  ;
; CLOCK_ENABLE_CORE_A                ; USE_INPUT_CLKEN                          ; Untyped                                                                                                                  ;
; CLOCK_ENABLE_CORE_B                ; USE_INPUT_CLKEN                          ; Untyped                                                                                                                  ;
; ENABLE_ECC                         ; FALSE                                    ; Untyped                                                                                                                  ;
; ECC_PIPELINE_STAGE_ENABLED         ; FALSE                                    ; Untyped                                                                                                                  ;
; WIDTH_ECCSTATUS                    ; 3                                        ; Untyped                                                                                                                  ;
; DEVICE_FAMILY                      ; Cyclone V                                ; Untyped                                                                                                                  ;
; CBXI_PARAMETER                     ; altsyncram_q581                          ; Untyped                                                                                                                  ;
+------------------------------------+------------------------------------------+--------------------------------------------------------------------------------------------------------------------------+
Note: In order to hide this table in the UI and the text report file, please set the "Show Parameter Settings in Synthesis Report" option in "Analysis and Synthesis Settings -> More Settings" to "Off".


+------------------------------------------------------------------------------------------------------------------------------------------------------------------------------------------------------------------------------------------------------------------------+
; Parameter Settings for Inferred Entity Instance: neorv32_top:softcore|neorv32_cpu:\core_complex_gen:0:neorv32_cpu_inst|neorv32_cpu_alu:neorv32_cpu_alu_inst|neorv32_cpu_alu_crypto:\neorv32_cpu_alu_crypto_enabled:neorv32_cpu_alu_crypto_inst|altsyncram:Mux104_rtl_0 ;
+------------------------------------+------------------------------------------+----------------------------------------------------------------------------------------------------------------------------------------------------------------------------------------+
; Parameter Name                     ; Value                                    ; Type                                                                                                                                                                                   ;
+------------------------------------+------------------------------------------+----------------------------------------------------------------------------------------------------------------------------------------------------------------------------------------+
; BYTE_SIZE_BLOCK                    ; 8                                        ; Untyped                                                                                                                                                                                ;
; AUTO_CARRY_CHAINS                  ; ON                                       ; AUTO_CARRY                                                                                                                                                                             ;
; IGNORE_CARRY_BUFFERS               ; OFF                                      ; IGNORE_CARRY                                                                                                                                                                           ;
; AUTO_CASCADE_CHAINS                ; ON                                       ; AUTO_CASCADE                                                                                                                                                                           ;
; IGNORE_CASCADE_BUFFERS             ; OFF                                      ; IGNORE_CASCADE                                                                                                                                                                         ;
; WIDTH_BYTEENA                      ; 1                                        ; Untyped                                                                                                                                                                                ;
; OPERATION_MODE                     ; ROM                                      ; Untyped                                                                                                                                                                                ;
; WIDTH_A                            ; 16                                       ; Untyped                                                                                                                                                                                ;
; WIDTHAD_A                          ; 9                                        ; Untyped                                                                                                                                                                                ;
; NUMWORDS_A                         ; 512                                      ; Untyped                                                                                                                                                                                ;
; OUTDATA_REG_A                      ; UNREGISTERED                             ; Untyped                                                                                                                                                                                ;
; ADDRESS_ACLR_A                     ; NONE                                     ; Untyped                                                                                                                                                                                ;
; OUTDATA_ACLR_A                     ; NONE                                     ; Untyped                                                                                                                                                                                ;
; WRCONTROL_ACLR_A                   ; NONE                                     ; Untyped                                                                                                                                                                                ;
; INDATA_ACLR_A                      ; NONE                                     ; Untyped                                                                                                                                                                                ;
; BYTEENA_ACLR_A                     ; NONE                                     ; Untyped                                                                                                                                                                                ;
; WIDTH_B                            ; 1                                        ; Untyped                                                                                                                                                                                ;
; WIDTHAD_B                          ; 1                                        ; Untyped                                                                                                                                                                                ;
; NUMWORDS_B                         ; 1                                        ; Untyped                                                                                                                                                                                ;
; INDATA_REG_B                       ; CLOCK1                                   ; Untyped                                                                                                                                                                                ;
; WRCONTROL_WRADDRESS_REG_B          ; CLOCK1                                   ; Untyped                                                                                                                                                                                ;
; RDCONTROL_REG_B                    ; CLOCK1                                   ; Untyped                                                                                                                                                                                ;
; ADDRESS_REG_B                      ; CLOCK1                                   ; Untyped                                                                                                                                                                                ;
; OUTDATA_REG_B                      ; UNREGISTERED                             ; Untyped                                                                                                                                                                                ;
; BYTEENA_REG_B                      ; CLOCK1                                   ; Untyped                                                                                                                                                                                ;
; INDATA_ACLR_B                      ; NONE                                     ; Untyped                                                                                                                                                                                ;
; WRCONTROL_ACLR_B                   ; NONE                                     ; Untyped                                                                                                                                                                                ;
; ADDRESS_ACLR_B                     ; NONE                                     ; Untyped                                                                                                                                                                                ;
; OUTDATA_ACLR_B                     ; NONE                                     ; Untyped                                                                                                                                                                                ;
; RDCONTROL_ACLR_B                   ; NONE                                     ; Untyped                                                                                                                                                                                ;
; BYTEENA_ACLR_B                     ; NONE                                     ; Untyped                                                                                                                                                                                ;
; WIDTH_BYTEENA_A                    ; 1                                        ; Untyped                                                                                                                                                                                ;
; WIDTH_BYTEENA_B                    ; 1                                        ; Untyped                                                                                                                                                                                ;
; RAM_BLOCK_TYPE                     ; AUTO                                     ; Untyped                                                                                                                                                                                ;
; BYTE_SIZE                          ; 8                                        ; Untyped                                                                                                                                                                                ;
; READ_DURING_WRITE_MODE_MIXED_PORTS ; DONT_CARE                                ; Untyped                                                                                                                                                                                ;
; READ_DURING_WRITE_MODE_PORT_A      ; NEW_DATA_NO_NBE_READ                     ; Untyped                                                                                                                                                                                ;
; READ_DURING_WRITE_MODE_PORT_B      ; NEW_DATA_NO_NBE_READ                     ; Untyped                                                                                                                                                                                ;
; INIT_FILE                          ; kyber-neorv32.kyber_neorv32_top1.rtl.mif ; Untyped                                                                                                                                                                                ;
; INIT_FILE_LAYOUT                   ; PORT_A                                   ; Untyped                                                                                                                                                                                ;
; MAXIMUM_DEPTH                      ; 0                                        ; Untyped                                                                                                                                                                                ;
; CLOCK_ENABLE_INPUT_A               ; NORMAL                                   ; Untyped                                                                                                                                                                                ;
; CLOCK_ENABLE_INPUT_B               ; NORMAL                                   ; Untyped                                                                                                                                                                                ;
; CLOCK_ENABLE_OUTPUT_A              ; NORMAL                                   ; Untyped                                                                                                                                                                                ;
; CLOCK_ENABLE_OUTPUT_B              ; NORMAL                                   ; Untyped                                                                                                                                                                                ;
; CLOCK_ENABLE_CORE_A                ; USE_INPUT_CLKEN                          ; Untyped                                                                                                                                                                                ;
; CLOCK_ENABLE_CORE_B                ; USE_INPUT_CLKEN                          ; Untyped                                                                                                                                                                                ;
; ENABLE_ECC                         ; FALSE                                    ; Untyped                                                                                                                                                                                ;
; ECC_PIPELINE_STAGE_ENABLED         ; FALSE                                    ; Untyped                                                                                                                                                                                ;
; WIDTH_ECCSTATUS                    ; 3                                        ; Untyped                                                                                                                                                                                ;
; DEVICE_FAMILY                      ; Cyclone V                                ; Untyped                                                                                                                                                                                ;
; CBXI_PARAMETER                     ; altsyncram_9971                          ; Untyped                                                                                                                                                                                ;
+------------------------------------+------------------------------------------+----------------------------------------------------------------------------------------------------------------------------------------------------------------------------------------+
Note: In order to hide this table in the UI and the text report file, please set the "Show Parameter Settings in Synthesis Report" option in "Analysis and Synthesis Settings -> More Settings" to "Off".


+-------------------------------------------------------------------------------------------------------------------------------------------------------------------------------------------------------------------------------------------------------------------+
; altsyncram Parameter Settings by Entity Instance                                                                                                                                                                                                                  ;
+-------------------------------------------+-----------------------------------------------------------------------------------------------------------------------------------------------------------------------------------------------------------------------+
; Name                                      ; Value                                                                                                                                                                                                                 ;
+-------------------------------------------+-----------------------------------------------------------------------------------------------------------------------------------------------------------------------------------------------------------------------+
; Number of entity instances                ; 8                                                                                                                                                                                                                     ;
; Entity Instance                           ; neorv32_top:softcore|neorv32_dmem:\memory_system:neorv32_dmem_enabled:neorv32_dmem_inst|neorv32_dmem_ram:dmem_ram_inst|neorv32_prim_spram:\ram_gen:3:ram_inst|altsyncram:spram_rtl_0                                  ;
;     -- OPERATION_MODE                     ; DUAL_PORT                                                                                                                                                                                                             ;
;     -- WIDTH_A                            ; 8                                                                                                                                                                                                                     ;
;     -- NUMWORDS_A                         ; 2048                                                                                                                                                                                                                  ;
;     -- OUTDATA_REG_A                      ; UNREGISTERED                                                                                                                                                                                                          ;
;     -- WIDTH_B                            ; 8                                                                                                                                                                                                                     ;
;     -- NUMWORDS_B                         ; 2048                                                                                                                                                                                                                  ;
;     -- ADDRESS_REG_B                      ; CLOCK0                                                                                                                                                                                                                ;
;     -- OUTDATA_REG_B                      ; UNREGISTERED                                                                                                                                                                                                          ;
;     -- RAM_BLOCK_TYPE                     ; AUTO                                                                                                                                                                                                                  ;
;     -- READ_DURING_WRITE_MODE_MIXED_PORTS ; OLD_DATA                                                                                                                                                                                                              ;
; Entity Instance                           ; neorv32_top:softcore|neorv32_dmem:\memory_system:neorv32_dmem_enabled:neorv32_dmem_inst|neorv32_dmem_ram:dmem_ram_inst|neorv32_prim_spram:\ram_gen:2:ram_inst|altsyncram:spram_rtl_0                                  ;
;     -- OPERATION_MODE                     ; DUAL_PORT                                                                                                                                                                                                             ;
;     -- WIDTH_A                            ; 8                                                                                                                                                                                                                     ;
;     -- NUMWORDS_A                         ; 2048                                                                                                                                                                                                                  ;
;     -- OUTDATA_REG_A                      ; UNREGISTERED                                                                                                                                                                                                          ;
;     -- WIDTH_B                            ; 8                                                                                                                                                                                                                     ;
;     -- NUMWORDS_B                         ; 2048                                                                                                                                                                                                                  ;
;     -- ADDRESS_REG_B                      ; CLOCK0                                                                                                                                                                                                                ;
;     -- OUTDATA_REG_B                      ; UNREGISTERED                                                                                                                                                                                                          ;
;     -- RAM_BLOCK_TYPE                     ; AUTO                                                                                                                                                                                                                  ;
;     -- READ_DURING_WRITE_MODE_MIXED_PORTS ; OLD_DATA                                                                                                                                                                                                              ;
; Entity Instance                           ; neorv32_top:softcore|neorv32_dmem:\memory_system:neorv32_dmem_enabled:neorv32_dmem_inst|neorv32_dmem_ram:dmem_ram_inst|neorv32_prim_spram:\ram_gen:1:ram_inst|altsyncram:spram_rtl_0                                  ;
;     -- OPERATION_MODE                     ; DUAL_PORT                                                                                                                                                                                                             ;
;     -- WIDTH_A                            ; 8                                                                                                                                                                                                                     ;
;     -- NUMWORDS_A                         ; 2048                                                                                                                                                                                                                  ;
;     -- OUTDATA_REG_A                      ; UNREGISTERED                                                                                                                                                                                                          ;
;     -- WIDTH_B                            ; 8                                                                                                                                                                                                                     ;
;     -- NUMWORDS_B                         ; 2048                                                                                                                                                                                                                  ;
;     -- ADDRESS_REG_B                      ; CLOCK0                                                                                                                                                                                                                ;
;     -- OUTDATA_REG_B                      ; UNREGISTERED                                                                                                                                                                                                          ;
;     -- RAM_BLOCK_TYPE                     ; AUTO                                                                                                                                                                                                                  ;
;     -- READ_DURING_WRITE_MODE_MIXED_PORTS ; OLD_DATA                                                                                                                                                                                                              ;
; Entity Instance                           ; neorv32_top:softcore|neorv32_dmem:\memory_system:neorv32_dmem_enabled:neorv32_dmem_inst|neorv32_dmem_ram:dmem_ram_inst|neorv32_prim_spram:\ram_gen:0:ram_inst|altsyncram:spram_rtl_0                                  ;
;     -- OPERATION_MODE                     ; DUAL_PORT                                                                                                                                                                                                             ;
;     -- WIDTH_A                            ; 8                                                                                                                                                                                                                     ;
;     -- NUMWORDS_A                         ; 2048                                                                                                                                                                                                                  ;
;     -- OUTDATA_REG_A                      ; UNREGISTERED                                                                                                                                                                                                          ;
;     -- WIDTH_B                            ; 8                                                                                                                                                                                                                     ;
;     -- NUMWORDS_B                         ; 2048                                                                                                                                                                                                                  ;
;     -- ADDRESS_REG_B                      ; CLOCK0                                                                                                                                                                                                                ;
;     -- OUTDATA_REG_B                      ; UNREGISTERED                                                                                                                                                                                                          ;
;     -- RAM_BLOCK_TYPE                     ; AUTO                                                                                                                                                                                                                  ;
;     -- READ_DURING_WRITE_MODE_MIXED_PORTS ; OLD_DATA                                                                                                                                                                                                              ;
; Entity Instance                           ; neorv32_top:softcore|neorv32_cpu:\core_complex_gen:0:neorv32_cpu_inst|neorv32_cpu_regfile:neorv32_cpu_regfile_inst|altsyncram:regfile_rtl_0                                                                           ;
;     -- OPERATION_MODE                     ; DUAL_PORT                                                                                                                                                                                                             ;
;     -- WIDTH_A                            ; 32                                                                                                                                                                                                                    ;
;     -- NUMWORDS_A                         ; 32                                                                                                                                                                                                                    ;
;     -- OUTDATA_REG_A                      ; UNREGISTERED                                                                                                                                                                                                          ;
;     -- WIDTH_B                            ; 32                                                                                                                                                                                                                    ;
;     -- NUMWORDS_B                         ; 32                                                                                                                                                                                                                    ;
;     -- ADDRESS_REG_B                      ; CLOCK0                                                                                                                                                                                                                ;
;     -- OUTDATA_REG_B                      ; UNREGISTERED                                                                                                                                                                                                          ;
;     -- RAM_BLOCK_TYPE                     ; AUTO                                                                                                                                                                                                                  ;
;     -- READ_DURING_WRITE_MODE_MIXED_PORTS ; OLD_DATA                                                                                                                                                                                                              ;
; Entity Instance                           ; neorv32_top:softcore|neorv32_cpu:\core_complex_gen:0:neorv32_cpu_inst|neorv32_cpu_regfile:neorv32_cpu_regfile_inst|altsyncram:regfile_rtl_1                                                                           ;
;     -- OPERATION_MODE                     ; DUAL_PORT                                                                                                                                                                                                             ;
;     -- WIDTH_A                            ; 32                                                                                                                                                                                                                    ;
;     -- NUMWORDS_A                         ; 32                                                                                                                                                                                                                    ;
;     -- OUTDATA_REG_A                      ; UNREGISTERED                                                                                                                                                                                                          ;
;     -- WIDTH_B                            ; 32                                                                                                                                                                                                                    ;
;     -- NUMWORDS_B                         ; 32                                                                                                                                                                                                                    ;
;     -- ADDRESS_REG_B                      ; CLOCK0                                                                                                                                                                                                                ;
;     -- OUTDATA_REG_B                      ; UNREGISTERED                                                                                                                                                                                                          ;
;     -- RAM_BLOCK_TYPE                     ; AUTO                                                                                                                                                                                                                  ;
;     -- READ_DURING_WRITE_MODE_MIXED_PORTS ; OLD_DATA                                                                                                                                                                                                              ;
; Entity Instance                           ; neorv32_top:softcore|neorv32_imem:\memory_system:neorv32_imem_enabled:neorv32_imem_inst|neorv32_imem_rom:\imem_rom:imem_rom_inst|altsyncram:Mux27_rtl_0                                                               ;
;     -- OPERATION_MODE                     ; ROM                                                                                                                                                                                                                   ;
;     -- WIDTH_A                            ; 32                                                                                                                                                                                                                    ;
;     -- NUMWORDS_A                         ; 4096                                                                                                                                                                                                                  ;
;     -- OUTDATA_REG_A                      ; UNREGISTERED                                                                                                                                                                                                          ;
;     -- WIDTH_B                            ; 1                                                                                                                                                                                                                     ;
;     -- NUMWORDS_B                         ; 1                                                                                                                                                                                                                     ;
;     -- ADDRESS_REG_B                      ; CLOCK1                                                                                                                                                                                                                ;
;     -- OUTDATA_REG_B                      ; UNREGISTERED                                                                                                                                                                                                          ;
;     -- RAM_BLOCK_TYPE                     ; AUTO                                                                                                                                                                                                                  ;
;     -- READ_DURING_WRITE_MODE_MIXED_PORTS ; DONT_CARE                                                                                                                                                                                                             ;
; Entity Instance                           ; neorv32_top:softcore|neorv32_cpu:\core_complex_gen:0:neorv32_cpu_inst|neorv32_cpu_alu:neorv32_cpu_alu_inst|neorv32_cpu_alu_crypto:\neorv32_cpu_alu_crypto_enabled:neorv32_cpu_alu_crypto_inst|altsyncram:Mux104_rtl_0 ;
;     -- OPERATION_MODE                     ; ROM                                                                                                                                                                                                                   ;
;     -- WIDTH_A                            ; 16                                                                                                                                                                                                                    ;
;     -- NUMWORDS_A                         ; 512                                                                                                                                                                                                                   ;
;     -- OUTDATA_REG_A                      ; UNREGISTERED                                                                                                                                                                                                          ;
;     -- WIDTH_B                            ; 1                                                                                                                                                                                                                     ;
;     -- NUMWORDS_B                         ; 1                                                                                                                                                                                                                     ;
;     -- ADDRESS_REG_B                      ; CLOCK1                                                                                                                                                                                                                ;
;     -- OUTDATA_REG_B                      ; UNREGISTERED                                                                                                                                                                                                          ;
;     -- RAM_BLOCK_TYPE                     ; AUTO                                                                                                                                                                                                                  ;
;     -- READ_DURING_WRITE_MODE_MIXED_PORTS ; DONT_CARE                                                                                                                                                                                                             ;
+-------------------------------------------+-----------------------------------------------------------------------------------------------------------------------------------------------------------------------------------------------------------------------+


+--------------------------------------------------------------------------------------------------------------------+
; Port Connectivity Checks: "debounce:debounce_inst"                                                                 ;
+----------+--------+----------+-------------------------------------------------------------------------------------+
; Port     ; Type   ; Severity ; Details                                                                             ;
+----------+--------+----------+-------------------------------------------------------------------------------------+
; data_out ; Output ; Info     ; Connected to dangling logic. Logic that only feeds a dangling port will be removed. ;
+----------+--------+----------+-------------------------------------------------------------------------------------+


+------------------------------------------------------------------------------------------------------------------------+
; Port Connectivity Checks: "neorv32_top:softcore|neorv32_bus_io_switch:\io_system:neorv32_bus_io_switch_inst"           ;
+--------------+--------+----------+-------------------------------------------------------------------------------------+
; Port         ; Type   ; Severity ; Details                                                                             ;
+--------------+--------+----------+-------------------------------------------------------------------------------------+
; dev_00_req_o ; Output ; Info     ; Connected to dangling logic. Logic that only feeds a dangling port will be removed. ;
; dev_00_rsp_i ; Input  ; Info     ; Stuck at GND                                                                        ;
; dev_01_req_o ; Output ; Info     ; Connected to dangling logic. Logic that only feeds a dangling port will be removed. ;
; dev_01_rsp_i ; Input  ; Info     ; Stuck at GND                                                                        ;
; dev_02_req_o ; Output ; Info     ; Connected to dangling logic. Logic that only feeds a dangling port will be removed. ;
; dev_02_rsp_i ; Input  ; Info     ; Stuck at GND                                                                        ;
; dev_03_req_o ; Output ; Info     ; Connected to dangling logic. Logic that only feeds a dangling port will be removed. ;
; dev_03_rsp_i ; Input  ; Info     ; Stuck at GND                                                                        ;
; dev_04_req_o ; Output ; Info     ; Connected to dangling logic. Logic that only feeds a dangling port will be removed. ;
; dev_04_rsp_i ; Input  ; Info     ; Stuck at GND                                                                        ;
; dev_05_req_o ; Output ; Info     ; Connected to dangling logic. Logic that only feeds a dangling port will be removed. ;
; dev_05_rsp_i ; Input  ; Info     ; Stuck at GND                                                                        ;
; dev_06_req_o ; Output ; Info     ; Connected to dangling logic. Logic that only feeds a dangling port will be removed. ;
; dev_06_rsp_i ; Input  ; Info     ; Stuck at GND                                                                        ;
; dev_07_req_o ; Output ; Info     ; Connected to dangling logic. Logic that only feeds a dangling port will be removed. ;
; dev_07_rsp_i ; Input  ; Info     ; Stuck at GND                                                                        ;
; dev_08_req_o ; Output ; Info     ; Connected to dangling logic. Logic that only feeds a dangling port will be removed. ;
; dev_08_rsp_i ; Input  ; Info     ; Stuck at GND                                                                        ;
; dev_09_req_o ; Output ; Info     ; Connected to dangling logic. Logic that only feeds a dangling port will be removed. ;
; dev_09_rsp_i ; Input  ; Info     ; Stuck at GND                                                                        ;
; dev_10_req_o ; Output ; Info     ; Connected to dangling logic. Logic that only feeds a dangling port will be removed. ;
; dev_10_rsp_i ; Input  ; Info     ; Stuck at GND                                                                        ;
; dev_11_req_o ; Output ; Info     ; Connected to dangling logic. Logic that only feeds a dangling port will be removed. ;
; dev_11_rsp_i ; Input  ; Info     ; Stuck at GND                                                                        ;
; dev_12_req_o ; Output ; Info     ; Connected to dangling logic. Logic that only feeds a dangling port will be removed. ;
; dev_12_rsp_i ; Input  ; Info     ; Stuck at GND                                                                        ;
; dev_13_req_o ; Output ; Info     ; Connected to dangling logic. Logic that only feeds a dangling port will be removed. ;
; dev_13_rsp_i ; Input  ; Info     ; Stuck at GND                                                                        ;
; dev_14_req_o ; Output ; Info     ; Connected to dangling logic. Logic that only feeds a dangling port will be removed. ;
; dev_14_rsp_i ; Input  ; Info     ; Stuck at GND                                                                        ;
; dev_15_req_o ; Output ; Info     ; Connected to dangling logic. Logic that only feeds a dangling port will be removed. ;
; dev_15_rsp_i ; Input  ; Info     ; Stuck at GND                                                                        ;
; dev_16_req_o ; Output ; Info     ; Connected to dangling logic. Logic that only feeds a dangling port will be removed. ;
; dev_16_rsp_i ; Input  ; Info     ; Stuck at GND                                                                        ;
; dev_17_req_o ; Output ; Info     ; Connected to dangling logic. Logic that only feeds a dangling port will be removed. ;
; dev_17_rsp_i ; Input  ; Info     ; Stuck at GND                                                                        ;
; dev_18_req_o ; Output ; Info     ; Connected to dangling logic. Logic that only feeds a dangling port will be removed. ;
; dev_18_rsp_i ; Input  ; Info     ; Stuck at GND                                                                        ;
; dev_19_req_o ; Output ; Info     ; Connected to dangling logic. Logic that only feeds a dangling port will be removed. ;
; dev_19_rsp_i ; Input  ; Info     ; Stuck at GND                                                                        ;
; dev_20_req_o ; Output ; Info     ; Connected to dangling logic. Logic that only feeds a dangling port will be removed. ;
; dev_20_rsp_i ; Input  ; Info     ; Stuck at GND                                                                        ;
; dev_22_req_o ; Output ; Info     ; Connected to dangling logic. Logic that only feeds a dangling port will be removed. ;
; dev_22_rsp_i ; Input  ; Info     ; Stuck at GND                                                                        ;
; dev_23_req_o ; Output ; Info     ; Connected to dangling logic. Logic that only feeds a dangling port will be removed. ;
; dev_23_rsp_i ; Input  ; Info     ; Stuck at GND                                                                        ;
; dev_24_req_o ; Output ; Info     ; Connected to dangling logic. Logic that only feeds a dangling port will be removed. ;
; dev_24_rsp_i ; Input  ; Info     ; Stuck at GND                                                                        ;
; dev_25_req_o ; Output ; Info     ; Connected to dangling logic. Logic that only feeds a dangling port will be removed. ;
; dev_25_rsp_i ; Input  ; Info     ; Stuck at GND                                                                        ;
; dev_26_req_o ; Output ; Info     ; Connected to dangling logic. Logic that only feeds a dangling port will be removed. ;
; dev_26_rsp_i ; Input  ; Info     ; Stuck at GND                                                                        ;
; dev_27_req_o ; Output ; Info     ; Connected to dangling logic. Logic that only feeds a dangling port will be removed. ;
; dev_27_rsp_i ; Input  ; Info     ; Stuck at GND                                                                        ;
; dev_29_req_o ; Output ; Info     ; Connected to dangling logic. Logic that only feeds a dangling port will be removed. ;
; dev_29_rsp_i ; Input  ; Info     ; Stuck at GND                                                                        ;
; dev_31_req_o ; Output ; Info     ; Connected to dangling logic. Logic that only feeds a dangling port will be removed. ;
; dev_31_rsp_i ; Input  ; Info     ; Stuck at GND                                                                        ;
+--------------+--------+----------+-------------------------------------------------------------------------------------+


+-------------------------------------------------------------------------------------------------------------------+
; Port Connectivity Checks: "neorv32_top:softcore|neorv32_bus_gateway:neorv32_bus_gateway_inst"                     ;
+---------+--------+----------+-------------------------------------------------------------------------------------+
; Port    ; Type   ; Severity ; Details                                                                             ;
+---------+--------+----------+-------------------------------------------------------------------------------------+
; term_o  ; Output ; Info     ; Connected to dangling logic. Logic that only feeds a dangling port will be removed. ;
; x_req_o ; Output ; Info     ; Connected to dangling logic. Logic that only feeds a dangling port will be removed. ;
; x_rsp_i ; Input  ; Info     ; Stuck at GND                                                                        ;
+---------+--------+----------+-------------------------------------------------------------------------------------+


+----------------------------------------------------------------------------------------------------------------------------------------+
; Port Connectivity Checks: "neorv32_top:softcore|neorv32_cpu:\core_complex_gen:0:neorv32_cpu_inst|neorv32_cpu_lsu:neorv32_cpu_lsu_inst" ;
+-------------+-------+----------+-------------------------------------------------------------------------------------------------------+
; Port        ; Type  ; Severity ; Details                                                                                               ;
+-------------+-------+----------+-------------------------------------------------------------------------------------------------------+
; pmp_fault_i ; Input ; Info     ; Stuck at GND                                                                                          ;
+-------------+-------+----------+-------------------------------------------------------------------------------------------------------+


+------------------------------------------------------------------------------------------------------------------------------------------------+
; Port Connectivity Checks: "neorv32_top:softcore|neorv32_cpu:\core_complex_gen:0:neorv32_cpu_inst|neorv32_cpu_control:neorv32_cpu_control_inst" ;
+----------+-------+----------+------------------------------------------------------------------------------------------------------------------+
; Port     ; Type  ; Severity ; Details                                                                                                          ;
+----------+-------+----------+------------------------------------------------------------------------------------------------------------------+
; hwtrig_i ; Input ; Info     ; Stuck at GND                                                                                                     ;
+----------+-------+----------+------------------------------------------------------------------------------------------------------------------+


+--------------------------------------------------------------------------------------------------------------------------------------------------+
; Port Connectivity Checks: "neorv32_top:softcore|neorv32_cpu:\core_complex_gen:0:neorv32_cpu_inst|neorv32_cpu_frontend:neorv32_cpu_frontend_inst" ;
+------------+--------+----------+-----------------------------------------------------------------------------------------------------------------+
; Port       ; Type   ; Severity ; Details                                                                                                         ;
+------------+--------+----------+-----------------------------------------------------------------------------------------------------------------+
; pmp_addr_o ; Output ; Info     ; Connected to dangling logic. Logic that only feeds a dangling port will be removed.                             ;
; pmp_priv_o ; Output ; Info     ; Connected to dangling logic. Logic that only feeds a dangling port will be removed.                             ;
; pmp_err_i  ; Input  ; Info     ; Stuck at GND                                                                                                    ;
+------------+--------+----------+-----------------------------------------------------------------------------------------------------------------+


+-------------------------------------------------------------------------------------------------------------------------+
; Port Connectivity Checks: "neorv32_top:softcore|neorv32_cpu:\core_complex_gen:0:neorv32_cpu_inst"                       ;
+---------------+--------+----------+-------------------------------------------------------------------------------------+
; Port          ; Type   ; Severity ; Details                                                                             ;
+---------------+--------+----------+-------------------------------------------------------------------------------------+
; mtime_i       ; Input  ; Info     ; Stuck at GND                                                                        ;
; sleep_o       ; Output ; Info     ; Connected to dangling logic. Logic that only feeds a dangling port will be removed. ;
; firq_i[15..9] ; Input  ; Info     ; Stuck at GND                                                                        ;
; firq_i[7..3]  ; Input  ; Info     ; Stuck at GND                                                                        ;
; firq_i[1..0]  ; Input  ; Info     ; Stuck at GND                                                                        ;
; dbi_i         ; Input  ; Info     ; Stuck at GND                                                                        ;
; ifence_o      ; Output ; Info     ; Connected to dangling logic. Logic that only feeds a dangling port will be removed. ;
; dfence_o      ; Output ; Info     ; Connected to dangling logic. Logic that only feeds a dangling port will be removed. ;
+---------------+--------+----------+-------------------------------------------------------------------------------------+


+-----------------------------------------------------------------------------------------------------------+
; Port Connectivity Checks: "neorv32_top:softcore|neorv32_sys_clock:\soc_generators:neorv32_sys_clock_inst" ;
+----------+-------+----------+-----------------------------------------------------------------------------+
; Port     ; Type  ; Severity ; Details                                                                     ;
+----------+-------+----------+-----------------------------------------------------------------------------+
; enable_i ; Input ; Info     ; Stuck at VCC                                                                ;
+----------+-------+----------+-----------------------------------------------------------------------------+


+----------------------------------------------------------------------------------------------------------------------+
; Port Connectivity Checks: "neorv32_top:softcore|neorv32_sys_reset:\soc_generators:neorv32_sys_reset_inst"            ;
+------------+--------+----------+-------------------------------------------------------------------------------------+
; Port       ; Type   ; Severity ; Details                                                                             ;
+------------+--------+----------+-------------------------------------------------------------------------------------+
; rstn_wdt_i ; Input  ; Info     ; Stuck at VCC                                                                        ;
; rstn_dbg_i ; Input  ; Info     ; Stuck at VCC                                                                        ;
; rstn_ext_o ; Output ; Info     ; Connected to dangling logic. Logic that only feeds a dangling port will be removed. ;
+------------+--------+----------+-------------------------------------------------------------------------------------+


+-------------------------------------------------------------------------------------------------------------------------------------------------------------------------------------------+
; Port Connectivity Checks: "neorv32_top:softcore"                                                                                                                                          ;
+----------------+--------+------------------+----------------------------------------------------------------------------------------------------------------------------------------------+
; Port           ; Type   ; Severity         ; Details                                                                                                                                      ;
+----------------+--------+------------------+----------------------------------------------------------------------------------------------------------------------------------------------+
; rstn_i         ; Input  ; Info             ; Stuck at VCC                                                                                                                                 ;
; gpio_o         ; Output ; Critical Warning ; Can't connect array with 8 elements in array dimension 1 to port with 32 elements in the same dimension                                      ;
; rstn_ocd_o     ; Output ; Warning          ; Declared by entity but not connected by instance. Logic that only feeds a dangling port will be removed.                                     ;
; rstn_wdt_o     ; Output ; Warning          ; Declared by entity but not connected by instance. Logic that only feeds a dangling port will be removed.                                     ;
; trace_cpu0_o   ; Output ; Warning          ; Declared by entity but not connected by instance. Logic that only feeds a dangling port will be removed.                                     ;
; trace_cpu1_o   ; Output ; Warning          ; Declared by entity but not connected by instance. Logic that only feeds a dangling port will be removed.                                     ;
; jtag_tck_i     ; Input  ; Warning          ; Declared by entity but not connected by instance. If a default value exists, it will be used.  Otherwise, the port will be connected to GND. ;
; jtag_tdi_i     ; Input  ; Warning          ; Declared by entity but not connected by instance. If a default value exists, it will be used.  Otherwise, the port will be connected to GND. ;
; jtag_tdo_o     ; Output ; Warning          ; Declared by entity but not connected by instance. Logic that only feeds a dangling port will be removed.                                     ;
; jtag_tms_i     ; Input  ; Warning          ; Declared by entity but not connected by instance. If a default value exists, it will be used.  Otherwise, the port will be connected to GND. ;
; xbus_adr_o     ; Output ; Warning          ; Declared by entity but not connected by instance. Logic that only feeds a dangling port will be removed.                                     ;
; xbus_dat_o     ; Output ; Warning          ; Declared by entity but not connected by instance. Logic that only feeds a dangling port will be removed.                                     ;
; xbus_cti_o     ; Output ; Warning          ; Declared by entity but not connected by instance. Logic that only feeds a dangling port will be removed.                                     ;
; xbus_tag_o     ; Output ; Warning          ; Declared by entity but not connected by instance. Logic that only feeds a dangling port will be removed.                                     ;
; xbus_we_o      ; Output ; Warning          ; Declared by entity but not connected by instance. Logic that only feeds a dangling port will be removed.                                     ;
; xbus_sel_o     ; Output ; Warning          ; Declared by entity but not connected by instance. Logic that only feeds a dangling port will be removed.                                     ;
; xbus_stb_o     ; Output ; Warning          ; Declared by entity but not connected by instance. Logic that only feeds a dangling port will be removed.                                     ;
; xbus_cyc_o     ; Output ; Warning          ; Declared by entity but not connected by instance. Logic that only feeds a dangling port will be removed.                                     ;
; xbus_dat_i     ; Input  ; Warning          ; Declared by entity but not connected by instance. If a default value exists, it will be used.  Otherwise, the port will be connected to GND. ;
; xbus_ack_i     ; Input  ; Warning          ; Declared by entity but not connected by instance. If a default value exists, it will be used.  Otherwise, the port will be connected to GND. ;
; xbus_err_i     ; Input  ; Warning          ; Declared by entity but not connected by instance. If a default value exists, it will be used.  Otherwise, the port will be connected to GND. ;
; slink_rx_dat_i ; Input  ; Warning          ; Declared by entity but not connected by instance. If a default value exists, it will be used.  Otherwise, the port will be connected to GND. ;
; slink_rx_src_i ; Input  ; Warning          ; Declared by entity but not connected by instance. If a default value exists, it will be used.  Otherwise, the port will be connected to GND. ;
; slink_rx_val_i ; Input  ; Warning          ; Declared by entity but not connected by instance. If a default value exists, it will be used.  Otherwise, the port will be connected to GND. ;
; slink_rx_lst_i ; Input  ; Warning          ; Declared by entity but not connected by instance. If a default value exists, it will be used.  Otherwise, the port will be connected to GND. ;
; slink_rx_rdy_o ; Output ; Warning          ; Declared by entity but not connected by instance. Logic that only feeds a dangling port will be removed.                                     ;
; slink_tx_dat_o ; Output ; Warning          ; Declared by entity but not connected by instance. Logic that only feeds a dangling port will be removed.                                     ;
; slink_tx_dst_o ; Output ; Warning          ; Declared by entity but not connected by instance. Logic that only feeds a dangling port will be removed.                                     ;
; slink_tx_val_o ; Output ; Warning          ; Declared by entity but not connected by instance. Logic that only feeds a dangling port will be removed.                                     ;
; slink_tx_lst_o ; Output ; Warning          ; Declared by entity but not connected by instance. Logic that only feeds a dangling port will be removed.                                     ;
; slink_tx_rdy_i ; Input  ; Warning          ; Declared by entity but not connected by instance. If a default value exists, it will be used.  Otherwise, the port will be connected to GND. ;
; gpio_dir_o     ; Output ; Warning          ; Declared by entity but not connected by instance. Logic that only feeds a dangling port will be removed.                                     ;
; gpio_i         ; Input  ; Warning          ; Declared by entity but not connected by instance. If a default value exists, it will be used.  Otherwise, the port will be connected to GND. ;
; uart0_rtsn_o   ; Output ; Warning          ; Declared by entity but not connected by instance. Logic that only feeds a dangling port will be removed.                                     ;
; uart0_ctsn_i   ; Input  ; Warning          ; Declared by entity but not connected by instance. If a default value exists, it will be used.  Otherwise, the port will be connected to GND. ;
; uart1_txd_o    ; Output ; Warning          ; Declared by entity but not connected by instance. Logic that only feeds a dangling port will be removed.                                     ;
; uart1_rxd_i    ; Input  ; Warning          ; Declared by entity but not connected by instance. If a default value exists, it will be used.  Otherwise, the port will be connected to GND. ;
; uart1_rtsn_o   ; Output ; Warning          ; Declared by entity but not connected by instance. Logic that only feeds a dangling port will be removed.                                     ;
; uart1_ctsn_i   ; Input  ; Warning          ; Declared by entity but not connected by instance. If a default value exists, it will be used.  Otherwise, the port will be connected to GND. ;
; spi_clk_o      ; Output ; Warning          ; Declared by entity but not connected by instance. Logic that only feeds a dangling port will be removed.                                     ;
; spi_dat_o      ; Output ; Warning          ; Declared by entity but not connected by instance. Logic that only feeds a dangling port will be removed.                                     ;
; spi_dat_i      ; Input  ; Warning          ; Declared by entity but not connected by instance. If a default value exists, it will be used.  Otherwise, the port will be connected to GND. ;
; spi_csn_o      ; Output ; Warning          ; Declared by entity but not connected by instance. Logic that only feeds a dangling port will be removed.                                     ;
; sdi_clk_i      ; Input  ; Warning          ; Declared by entity but not connected by instance. If a default value exists, it will be used.  Otherwise, the port will be connected to GND. ;
; sdi_dat_o      ; Output ; Warning          ; Declared by entity but not connected by instance. Logic that only feeds a dangling port will be removed.                                     ;
; sdi_dat_i      ; Input  ; Warning          ; Declared by entity but not connected by instance. If a default value exists, it will be used.  Otherwise, the port will be connected to GND. ;
; sdi_csn_i      ; Input  ; Warning          ; Declared by entity but not connected by instance. If a default value exists, it will be used.  Otherwise, the port will be connected to GND. ;
; twi_sda_i      ; Input  ; Warning          ; Declared by entity but not connected by instance. If a default value exists, it will be used.  Otherwise, the port will be connected to GND. ;
; twi_sda_o      ; Output ; Warning          ; Declared by entity but not connected by instance. Logic that only feeds a dangling port will be removed.                                     ;
; twi_scl_i      ; Input  ; Warning          ; Declared by entity but not connected by instance. If a default value exists, it will be used.  Otherwise, the port will be connected to GND. ;
; twi_scl_o      ; Output ; Warning          ; Declared by entity but not connected by instance. Logic that only feeds a dangling port will be removed.                                     ;
; twd_sda_i      ; Input  ; Warning          ; Declared by entity but not connected by instance. If a default value exists, it will be used.  Otherwise, the port will be connected to GND. ;
; twd_sda_o      ; Output ; Warning          ; Declared by entity but not connected by instance. Logic that only feeds a dangling port will be removed.                                     ;
; twd_scl_i      ; Input  ; Warning          ; Declared by entity but not connected by instance. If a default value exists, it will be used.  Otherwise, the port will be connected to GND. ;
; onewire_i      ; Input  ; Warning          ; Declared by entity but not connected by instance. If a default value exists, it will be used.  Otherwise, the port will be connected to GND. ;
; onewire_o      ; Output ; Warning          ; Declared by entity but not connected by instance. Logic that only feeds a dangling port will be removed.                                     ;
; pwm_o          ; Output ; Warning          ; Declared by entity but not connected by instance. Logic that only feeds a dangling port will be removed.                                     ;
; cfs_in_i       ; Input  ; Warning          ; Declared by entity but not connected by instance. If a default value exists, it will be used.  Otherwise, the port will be connected to GND. ;
; cfs_out_o      ; Output ; Warning          ; Declared by entity but not connected by instance. Logic that only feeds a dangling port will be removed.                                     ;
; neoled_o       ; Output ; Warning          ; Declared by entity but not connected by instance. Logic that only feeds a dangling port will be removed.                                     ;
; mtime_time_o   ; Output ; Warning          ; Declared by entity but not connected by instance. Logic that only feeds a dangling port will be removed.                                     ;
; irq_msi_i      ; Input  ; Warning          ; Declared by entity but not connected by instance. If a default value exists, it will be used.  Otherwise, the port will be connected to GND. ;
; irq_mti_i      ; Input  ; Warning          ; Declared by entity but not connected by instance. If a default value exists, it will be used.  Otherwise, the port will be connected to GND. ;
; irq_mei_i      ; Input  ; Warning          ; Declared by entity but not connected by instance. If a default value exists, it will be used.  Otherwise, the port will be connected to GND. ;
+----------------+--------+------------------+----------------------------------------------------------------------------------------------------------------------------------------------+


+-----------------------------------------------------+
; Post-Synthesis Netlist Statistics for Top Partition ;
+-----------------------+-----------------------------+
; Type                  ; Count                       ;
+-----------------------+-----------------------------+
; arriav_ff             ; 1596                        ;
;     ENA               ; 716                         ;
;     ENA SCLR          ; 84                          ;
;     ENA SCLR SLD      ; 62                          ;
;     ENA SLD           ; 227                         ;
;     SCLR              ; 206                         ;
;     SCLR SLD          ; 39                          ;
;     SLD               ; 55                          ;
;     plain             ; 207                         ;
; arriav_io_obuf        ; 60                          ;
; arriav_lcell_comb     ; 3089                        ;
;     arith             ; 277                         ;
;         1 data inputs ; 145                         ;
;         2 data inputs ; 2                           ;
;         4 data inputs ; 35                          ;
;         5 data inputs ; 95                          ;
;     extend            ; 87                          ;
;         7 data inputs ; 87                          ;
;     normal            ; 2692                        ;
;         0 data inputs ; 1                           ;
;         1 data inputs ; 30                          ;
;         2 data inputs ; 246                         ;
;         3 data inputs ; 683                         ;
;         4 data inputs ; 470                         ;
;         5 data inputs ; 717                         ;
;         6 data inputs ; 545                         ;
;     shared            ; 33                          ;
;         0 data inputs ; 1                           ;
;         2 data inputs ; 32                          ;
; boundary_port         ; 204                         ;
; stratixv_ram_block    ; 144                         ;
;                       ;                             ;
; Max LUT depth         ; 6.20                        ;
; Average LUT depth     ; 3.76                        ;
+-----------------------+-----------------------------+


+-------------------------------+
; Elapsed Time Per Partition    ;
+----------------+--------------+
; Partition Name ; Elapsed Time ;
+----------------+--------------+
; Top            ; 00:00:04     ;
+----------------+--------------+


+-------------------------------+
; Analysis & Synthesis Messages ;
+-------------------------------+
Info: *******************************************************************
Info: Running Quartus Prime Analysis & Synthesis
    Info: Version 20.1.1 Build 720 11/11/2020 SJ Lite Edition
    Info: Processing started: Tue Aug 25 18:45:09 2026
Info: Command: quartus_map --read_settings_files=on --write_settings_files=off kyber-neorv32 -c kyber-neorv32
Warning (18236): Number of processors has not been specified which may cause overloading on shared machines.  Set the global assignment NUM_PARALLEL_PROCESSORS in your QSF to an appropriate value for best performance.
Info (20030): Parallel compilation is enabled and will use 8 of the 8 processors detected
Info (12021): Found 1 design units, including 1 entities, in source file /home/dgam00/Documents/UFPE/Mestrado/kyber-neorv32/hw/rtl/kyber_neorv32/kyber_neorv32_top.v
    Info (12023): Found entity 1: kyber_neorv32_top File: /home/dgam00/Documents/UFPE/Mestrado/kyber-neorv32/hw/rtl/kyber_neorv32/kyber_neorv32_top.v Line: 5
Info (12021): Found 2 design units, including 1 entities, in source file /home/dgam00/Documents/UFPE/Mestrado/kyber-neorv32/third_party/neorv32/rtl/core/neorv32_xbus.vhd
    Info (12022): Found design unit 1: neorv32_xbus-neorv32_xbus_rtl File: /home/dgam00/Documents/UFPE/Mestrado/kyber-neorv32/third_party/neorv32/rtl/core/neorv32_xbus.vhd Line: 44
    Info (12023): Found entity 1: neorv32_xbus File: /home/dgam00/Documents/UFPE/Mestrado/kyber-neorv32/third_party/neorv32/rtl/core/neorv32_xbus.vhd Line: 20
Info (12021): Found 2 design units, including 1 entities, in source file /home/dgam00/Documents/UFPE/Mestrado/kyber-neorv32/third_party/neorv32/rtl/core/neorv32_wdt.vhd
    Info (12022): Found design unit 1: neorv32_wdt-neorv32_wdt_rtl File: /home/dgam00/Documents/UFPE/Mestrado/kyber-neorv32/third_party/neorv32/rtl/core/neorv32_wdt.vhd Line: 31
    Info (12023): Found entity 1: neorv32_wdt File: /home/dgam00/Documents/UFPE/Mestrado/kyber-neorv32/third_party/neorv32/rtl/core/neorv32_wdt.vhd Line: 18
Info (12021): Found 2 design units, including 1 entities, in source file /home/dgam00/Documents/UFPE/Mestrado/kyber-neorv32/third_party/neorv32/rtl/core/neorv32_uart.vhd
    Info (12022): Found design unit 1: neorv32_uart-neorv32_uart_rtl File: /home/dgam00/Documents/UFPE/Mestrado/kyber-neorv32/third_party/neorv32/rtl/core/neorv32_uart.vhd Line: 43
    Info (12023): Found entity 1: neorv32_uart File: /home/dgam00/Documents/UFPE/Mestrado/kyber-neorv32/third_party/neorv32/rtl/core/neorv32_uart.vhd Line: 24
Info (12021): Found 2 design units, including 1 entities, in source file /home/dgam00/Documents/UFPE/Mestrado/kyber-neorv32/third_party/neorv32/rtl/core/neorv32_twi.vhd
    Info (12022): Found design unit 1: neorv32_twi-neorv32_twi_rtl File: /home/dgam00/Documents/UFPE/Mestrado/kyber-neorv32/third_party/neorv32/rtl/core/neorv32_twi.vhd Line: 36
    Info (12023): Found entity 1: neorv32_twi File: /home/dgam00/Documents/UFPE/Mestrado/kyber-neorv32/third_party/neorv32/rtl/core/neorv32_twi.vhd Line: 18
Info (12021): Found 2 design units, including 1 entities, in source file /home/dgam00/Documents/UFPE/Mestrado/kyber-neorv32/third_party/neorv32/rtl/core/neorv32_twd.vhd
    Info (12022): Found design unit 1: neorv32_twd-neorv32_twd_rtl File: /home/dgam00/Documents/UFPE/Mestrado/kyber-neorv32/third_party/neorv32/rtl/core/neorv32_twd.vhd Line: 36
    Info (12023): Found entity 1: neorv32_twd File: /home/dgam00/Documents/UFPE/Mestrado/kyber-neorv32/third_party/neorv32/rtl/core/neorv32_twd.vhd Line: 18
Info (12021): Found 6 design units, including 3 entities, in source file /home/dgam00/Documents/UFPE/Mestrado/kyber-neorv32/third_party/neorv32/rtl/core/neorv32_trng.vhd
    Info (12022): Found design unit 1: neorv32_trng-neorv32_trng_rtl File: /home/dgam00/Documents/UFPE/Mestrado/kyber-neorv32/third_party/neorv32/rtl/core/neorv32_trng.vhd Line: 36
    Info (12022): Found design unit 2: neoTRNG-neoTRNG_rtl File: /home/dgam00/Documents/UFPE/Mestrado/kyber-neorv32/third_party/neorv32/rtl/core/neorv32_trng.vhd Line: 251
    Info (12022): Found design unit 3: neoTRNG_cell-neoTRNG_cell_rtl File: /home/dgam00/Documents/UFPE/Mestrado/kyber-neorv32/third_party/neorv32/rtl/core/neorv32_trng.vhd Line: 424
    Info (12023): Found entity 1: neorv32_trng File: /home/dgam00/Documents/UFPE/Mestrado/kyber-neorv32/third_party/neorv32/rtl/core/neorv32_trng.vhd Line: 20
    Info (12023): Found entity 2: neoTRNG File: /home/dgam00/Documents/UFPE/Mestrado/kyber-neorv32/third_party/neorv32/rtl/core/neorv32_trng.vhd Line: 235
    Info (12023): Found entity 3: neoTRNG_cell File: /home/dgam00/Documents/UFPE/Mestrado/kyber-neorv32/third_party/neorv32/rtl/core/neorv32_trng.vhd Line: 410
Info (12021): Found 2 design units, including 1 entities, in source file /home/dgam00/Documents/UFPE/Mestrado/kyber-neorv32/third_party/neorv32/rtl/core/neorv32_tracer.vhd
    Info (12022): Found design unit 1: neorv32_tracer-neorv32_tracer_rtl File: /home/dgam00/Documents/UFPE/Mestrado/kyber-neorv32/third_party/neorv32/rtl/core/neorv32_tracer.vhd Line: 37
    Info (12023): Found entity 1: neorv32_tracer File: /home/dgam00/Documents/UFPE/Mestrado/kyber-neorv32/third_party/neorv32/rtl/core/neorv32_tracer.vhd Line: 18
Info (12021): Found 2 design units, including 1 entities, in source file /home/dgam00/Documents/UFPE/Mestrado/kyber-neorv32/third_party/neorv32/rtl/core/neorv32_top.vhd
    Info (12022): Found design unit 1: neorv32_top-neorv32_top_rtl File: /home/dgam00/Documents/UFPE/Mestrado/kyber-neorv32/third_party/neorv32/rtl/core/neorv32_top.vhd Line: 285
    Info (12023): Found entity 1: neorv32_top File: /home/dgam00/Documents/UFPE/Mestrado/kyber-neorv32/third_party/neorv32/rtl/core/neorv32_top.vhd Line: 21
Info (12021): Found 2 design units, including 1 entities, in source file /home/dgam00/Documents/UFPE/Mestrado/kyber-neorv32/third_party/neorv32/rtl/core/neorv32_sysinfo.vhd
    Info (12022): Found design unit 1: neorv32_sysinfo-neorv32_sysinfo_rtl File: /home/dgam00/Documents/UFPE/Mestrado/kyber-neorv32/third_party/neorv32/rtl/core/neorv32_sysinfo.vhd Line: 68
    Info (12023): Found entity 1: neorv32_sysinfo File: /home/dgam00/Documents/UFPE/Mestrado/kyber-neorv32/third_party/neorv32/rtl/core/neorv32_sysinfo.vhd Line: 18
Info (12021): Found 4 design units, including 2 entities, in source file /home/dgam00/Documents/UFPE/Mestrado/kyber-neorv32/third_party/neorv32/rtl/core/neorv32_sys.vhd
    Info (12022): Found design unit 1: neorv32_sys_reset-neorv32_sys_reset_rtl File: /home/dgam00/Documents/UFPE/Mestrado/kyber-neorv32/third_party/neorv32/rtl/core/neorv32_sys.vhd Line: 34
    Info (12022): Found design unit 2: neorv32_sys_clock-neorv32_sys_clock_rtl File: /home/dgam00/Documents/UFPE/Mestrado/kyber-neorv32/third_party/neorv32/rtl/core/neorv32_sys.vhd Line: 106
    Info (12023): Found entity 1: neorv32_sys_reset File: /home/dgam00/Documents/UFPE/Mestrado/kyber-neorv32/third_party/neorv32/rtl/core/neorv32_sys.vhd Line: 17
    Info (12023): Found entity 2: neorv32_sys_clock File: /home/dgam00/Documents/UFPE/Mestrado/kyber-neorv32/third_party/neorv32/rtl/core/neorv32_sys.vhd Line: 97
Info (12021): Found 2 design units, including 1 entities, in source file /home/dgam00/Documents/UFPE/Mestrado/kyber-neorv32/third_party/neorv32/rtl/core/neorv32_spi.vhd
    Info (12022): Found design unit 1: neorv32_spi-neorv32_spi_rtl File: /home/dgam00/Documents/UFPE/Mestrado/kyber-neorv32/third_party/neorv32/rtl/core/neorv32_spi.vhd Line: 36
    Info (12023): Found entity 1: neorv32_spi File: /home/dgam00/Documents/UFPE/Mestrado/kyber-neorv32/third_party/neorv32/rtl/core/neorv32_spi.vhd Line: 18
Info (12021): Found 2 design units, including 1 entities, in source file /home/dgam00/Documents/UFPE/Mestrado/kyber-neorv32/third_party/neorv32/rtl/core/neorv32_slink.vhd
    Info (12022): Found design unit 1: neorv32_slink-neorv32_slink_rtl File: /home/dgam00/Documents/UFPE/Mestrado/kyber-neorv32/third_party/neorv32/rtl/core/neorv32_slink.vhd Line: 45
    Info (12023): Found entity 1: neorv32_slink File: /home/dgam00/Documents/UFPE/Mestrado/kyber-neorv32/third_party/neorv32/rtl/core/neorv32_slink.vhd Line: 18
Info (12021): Found 2 design units, including 1 entities, in source file /home/dgam00/Documents/UFPE/Mestrado/kyber-neorv32/third_party/neorv32/rtl/core/neorv32_sdi.vhd
    Info (12022): Found design unit 1: neorv32_sdi-neorv32_sdi_rtl File: /home/dgam00/Documents/UFPE/Mestrado/kyber-neorv32/third_party/neorv32/rtl/core/neorv32_sdi.vhd Line: 35
    Info (12023): Found entity 1: neorv32_sdi File: /home/dgam00/Documents/UFPE/Mestrado/kyber-neorv32/third_party/neorv32/rtl/core/neorv32_sdi.vhd Line: 18
Info (12021): Found 4 design units, including 2 entities, in source file /home/dgam00/Documents/UFPE/Mestrado/kyber-neorv32/third_party/neorv32/rtl/core/neorv32_pwm.vhd
    Info (12022): Found design unit 1: neorv32_pwm-neorv32_pwm_rtl File: /home/dgam00/Documents/UFPE/Mestrado/kyber-neorv32/third_party/neorv32/rtl/core/neorv32_pwm.vhd Line: 35
    Info (12022): Found design unit 2: neorv32_pwm_channel-neorv32_pwm_channel_rtl File: /home/dgam00/Documents/UFPE/Mestrado/kyber-neorv32/third_party/neorv32/rtl/core/neorv32_pwm.vhd Line: 205
    Info (12023): Found entity 1: neorv32_pwm File: /home/dgam00/Documents/UFPE/Mestrado/kyber-neorv32/third_party/neorv32/rtl/core/neorv32_pwm.vhd Line: 21
    Info (12023): Found entity 2: neorv32_pwm_channel File: /home/dgam00/Documents/UFPE/Mestrado/kyber-neorv32/third_party/neorv32/rtl/core/neorv32_pwm.vhd Line: 185
Info (12021): Found 8 design units, including 4 entities, in source file /home/dgam00/Documents/UFPE/Mestrado/kyber-neorv32/third_party/neorv32/rtl/core/neorv32_prim.vhd
    Info (12022): Found design unit 1: neorv32_prim_fifo-neorv32_prim_fifo_rtl File: /home/dgam00/Documents/UFPE/Mestrado/kyber-neorv32/third_party/neorv32/rtl/core/neorv32_prim.vhd Line: 46
    Info (12022): Found design unit 2: neorv32_prim_spram-neorv32_prim_spram_rtl File: /home/dgam00/Documents/UFPE/Mestrado/kyber-neorv32/third_party/neorv32/rtl/core/neorv32_prim.vhd Line: 186
    Info (12022): Found design unit 3: neorv32_prim_mul-neorv32_prim_mul_rtl File: /home/dgam00/Documents/UFPE/Mestrado/kyber-neorv32/third_party/neorv32/rtl/core/neorv32_prim.vhd Line: 278
    Info (12022): Found design unit 4: neorv32_prim_cnt-neorv32_prim_cnt_rtl File: /home/dgam00/Documents/UFPE/Mestrado/kyber-neorv32/third_party/neorv32/rtl/core/neorv32_prim.vhd Line: 350
    Info (12023): Found entity 1: neorv32_prim_fifo File: /home/dgam00/Documents/UFPE/Mestrado/kyber-neorv32/third_party/neorv32/rtl/core/neorv32_prim.vhd Line: 24
    Info (12023): Found entity 2: neorv32_prim_spram File: /home/dgam00/Documents/UFPE/Mestrado/kyber-neorv32/third_party/neorv32/rtl/core/neorv32_prim.vhd Line: 168
    Info (12023): Found entity 3: neorv32_prim_mul File: /home/dgam00/Documents/UFPE/Mestrado/kyber-neorv32/third_party/neorv32/rtl/core/neorv32_prim.vhd Line: 260
    Info (12023): Found entity 4: neorv32_prim_cnt File: /home/dgam00/Documents/UFPE/Mestrado/kyber-neorv32/third_party/neorv32/rtl/core/neorv32_prim.vhd Line: 333
Info (12021): Found 2 design units, including 0 entities, in source file /home/dgam00/Documents/UFPE/Mestrado/kyber-neorv32/third_party/neorv32/rtl/core/neorv32_package.vhd
    Info (12022): Found design unit 1: neorv32_package File: /home/dgam00/Documents/UFPE/Mestrado/kyber-neorv32/third_party/neorv32/rtl/core/neorv32_package.vhd Line: 15
    Info (12022): Found design unit 2: neorv32_package-body File: /home/dgam00/Documents/UFPE/Mestrado/kyber-neorv32/third_party/neorv32/rtl/core/neorv32_package.vhd Line: 1150
Info (12021): Found 2 design units, including 1 entities, in source file /home/dgam00/Documents/UFPE/Mestrado/kyber-neorv32/third_party/neorv32/rtl/core/neorv32_onewire.vhd
    Info (12022): Found design unit 1: neorv32_onewire-neorv32_onewire_rtl File: /home/dgam00/Documents/UFPE/Mestrado/kyber-neorv32/third_party/neorv32/rtl/core/neorv32_onewire.vhd Line: 34
    Info (12023): Found entity 1: neorv32_onewire File: /home/dgam00/Documents/UFPE/Mestrado/kyber-neorv32/third_party/neorv32/rtl/core/neorv32_onewire.vhd Line: 18
Info (12021): Found 2 design units, including 1 entities, in source file /home/dgam00/Documents/UFPE/Mestrado/kyber-neorv32/third_party/neorv32/rtl/core/neorv32_neoled.vhd
    Info (12022): Found design unit 1: neorv32_neoled-neorv32_neoled_rtl File: /home/dgam00/Documents/UFPE/Mestrado/kyber-neorv32/third_party/neorv32/rtl/core/neorv32_neoled.vhd Line: 33
    Info (12023): Found entity 1: neorv32_neoled File: /home/dgam00/Documents/UFPE/Mestrado/kyber-neorv32/third_party/neorv32/rtl/core/neorv32_neoled.vhd Line: 18
Info (12021): Found 2 design units, including 1 entities, in source file /home/dgam00/Documents/UFPE/Mestrado/kyber-neorv32/third_party/neorv32/rtl/core/neorv32_imem_rom.vhd
    Info (12022): Found design unit 1: neorv32_imem_rom-neorv32_imem_rom_rtl File: /home/dgam00/Documents/UFPE/Mestrado/kyber-neorv32/third_party/neorv32/rtl/core/neorv32_imem_rom.vhd Line: 34
    Info (12023): Found entity 1: neorv32_imem_rom File: /home/dgam00/Documents/UFPE/Mestrado/kyber-neorv32/third_party/neorv32/rtl/core/neorv32_imem_rom.vhd Line: 21
Info (12021): Found 2 design units, including 1 entities, in source file /home/dgam00/Documents/UFPE/Mestrado/kyber-neorv32/third_party/neorv32/rtl/core/neorv32_imem_ram.vhd
    Info (12022): Found design unit 1: neorv32_imem_ram-neorv32_imem_ram_rtl File: /home/dgam00/Documents/UFPE/Mestrado/kyber-neorv32/third_party/neorv32/rtl/core/neorv32_imem_ram.vhd Line: 35
    Info (12023): Found entity 1: neorv32_imem_ram File: /home/dgam00/Documents/UFPE/Mestrado/kyber-neorv32/third_party/neorv32/rtl/core/neorv32_imem_ram.vhd Line: 20
Info (12021): Found 1 design units, including 0 entities, in source file /home/dgam00/Documents/UFPE/Mestrado/kyber-neorv32/sw/kyber_neorv32_basic/neorv32_imem_image.vhd
    Info (12022): Found design unit 1: neorv32_imem_image File: /home/dgam00/Documents/UFPE/Mestrado/kyber-neorv32/sw/kyber_neorv32_basic/neorv32_imem_image.vhd Line: 4
Info (12021): Found 2 design units, including 1 entities, in source file /home/dgam00/Documents/UFPE/Mestrado/kyber-neorv32/third_party/neorv32/rtl/core/neorv32_imem.vhd
    Info (12022): Found design unit 1: neorv32_imem-neorv32_imem_rtl File: /home/dgam00/Documents/UFPE/Mestrado/kyber-neorv32/third_party/neorv32/rtl/core/neorv32_imem.vhd Line: 31
    Info (12023): Found entity 1: neorv32_imem File: /home/dgam00/Documents/UFPE/Mestrado/kyber-neorv32/third_party/neorv32/rtl/core/neorv32_imem.vhd Line: 17
Info (12021): Found 4 design units, including 2 entities, in source file /home/dgam00/Documents/UFPE/Mestrado/kyber-neorv32/third_party/neorv32/rtl/core/neorv32_gptmr.vhd
    Info (12022): Found design unit 1: neorv32_gptmr-neorv32_gptmr_rtl File: /home/dgam00/Documents/UFPE/Mestrado/kyber-neorv32/third_party/neorv32/rtl/core/neorv32_gptmr.vhd Line: 34
    Info (12022): Found design unit 2: neorv32_gptmr_slice-neorv32_gptmr_slice_rtl File: /home/dgam00/Documents/UFPE/Mestrado/kyber-neorv32/third_party/neorv32/rtl/core/neorv32_gptmr.vhd Line: 232
    Info (12023): Found entity 1: neorv32_gptmr File: /home/dgam00/Documents/UFPE/Mestrado/kyber-neorv32/third_party/neorv32/rtl/core/neorv32_gptmr.vhd Line: 20
    Info (12023): Found entity 2: neorv32_gptmr_slice File: /home/dgam00/Documents/UFPE/Mestrado/kyber-neorv32/third_party/neorv32/rtl/core/neorv32_gptmr.vhd Line: 213
Info (12021): Found 2 design units, including 1 entities, in source file /home/dgam00/Documents/UFPE/Mestrado/kyber-neorv32/third_party/neorv32/rtl/core/neorv32_gpio.vhd
    Info (12022): Found design unit 1: neorv32_gpio-neorv32_gpio_rtl File: /home/dgam00/Documents/UFPE/Mestrado/kyber-neorv32/third_party/neorv32/rtl/core/neorv32_gpio.vhd Line: 34
    Info (12023): Found entity 1: neorv32_gpio File: /home/dgam00/Documents/UFPE/Mestrado/kyber-neorv32/third_party/neorv32/rtl/core/neorv32_gpio.vhd Line: 17
Info (12021): Found 2 design units, including 1 entities, in source file /home/dgam00/Documents/UFPE/Mestrado/kyber-neorv32/third_party/neorv32/rtl/core/neorv32_dmem_ram.vhd
    Info (12022): Found design unit 1: neorv32_dmem_ram-neorv32_dmem_ram_rtl File: /home/dgam00/Documents/UFPE/Mestrado/kyber-neorv32/third_party/neorv32/rtl/core/neorv32_dmem_ram.vhd Line: 35
    Info (12023): Found entity 1: neorv32_dmem_ram File: /home/dgam00/Documents/UFPE/Mestrado/kyber-neorv32/third_party/neorv32/rtl/core/neorv32_dmem_ram.vhd Line: 20
Info (12021): Found 2 design units, including 1 entities, in source file /home/dgam00/Documents/UFPE/Mestrado/kyber-neorv32/third_party/neorv32/rtl/core/neorv32_dmem.vhd
    Info (12022): Found design unit 1: neorv32_dmem-neorv32_dmem_rtl File: /home/dgam00/Documents/UFPE/Mestrado/kyber-neorv32/third_party/neorv32/rtl/core/neorv32_dmem.vhd Line: 30
    Info (12023): Found entity 1: neorv32_dmem File: /home/dgam00/Documents/UFPE/Mestrado/kyber-neorv32/third_party/neorv32/rtl/core/neorv32_dmem.vhd Line: 17
Info (12021): Found 2 design units, including 1 entities, in source file /home/dgam00/Documents/UFPE/Mestrado/kyber-neorv32/third_party/neorv32/rtl/core/neorv32_dma.vhd
    Info (12022): Found design unit 1: neorv32_dma-neorv32_dma_rtl File: /home/dgam00/Documents/UFPE/Mestrado/kyber-neorv32/third_party/neorv32/rtl/core/neorv32_dma.vhd Line: 33
    Info (12023): Found entity 1: neorv32_dma File: /home/dgam00/Documents/UFPE/Mestrado/kyber-neorv32/third_party/neorv32/rtl/core/neorv32_dma.vhd Line: 18
Info (12021): Found 2 design units, including 1 entities, in source file /home/dgam00/Documents/UFPE/Mestrado/kyber-neorv32/third_party/neorv32/rtl/core/neorv32_debug_dtm.vhd
    Info (12022): Found design unit 1: neorv32_debug_dtm-neorv32_debug_dtm_rtl File: /home/dgam00/Documents/UFPE/Mestrado/kyber-neorv32/third_party/neorv32/rtl/core/neorv32_debug_dtm.vhd Line: 40
    Info (12023): Found entity 1: neorv32_debug_dtm File: /home/dgam00/Documents/UFPE/Mestrado/kyber-neorv32/third_party/neorv32/rtl/core/neorv32_debug_dtm.vhd Line: 19
Info (12021): Found 2 design units, including 1 entities, in source file /home/dgam00/Documents/UFPE/Mestrado/kyber-neorv32/third_party/neorv32/rtl/core/neorv32_debug_dm.vhd
    Info (12022): Found design unit 1: neorv32_debug_dm-neorv32_debug_dm_rtl File: /home/dgam00/Documents/UFPE/Mestrado/kyber-neorv32/third_party/neorv32/rtl/core/neorv32_debug_dm.vhd Line: 42
    Info (12023): Found entity 1: neorv32_debug_dm File: /home/dgam00/Documents/UFPE/Mestrado/kyber-neorv32/third_party/neorv32/rtl/core/neorv32_debug_dm.vhd Line: 21
Info (12021): Found 2 design units, including 1 entities, in source file /home/dgam00/Documents/UFPE/Mestrado/kyber-neorv32/third_party/neorv32/rtl/core/neorv32_debug_auth.vhd
    Info (12022): Found design unit 1: neorv32_debug_auth-neorv32_debug_auth_rtl File: /home/dgam00/Documents/UFPE/Mestrado/kyber-neorv32/third_party/neorv32/rtl/core/neorv32_debug_auth.vhd Line: 36
    Info (12023): Found entity 1: neorv32_debug_auth File: /home/dgam00/Documents/UFPE/Mestrado/kyber-neorv32/third_party/neorv32/rtl/core/neorv32_debug_auth.vhd Line: 19
Info (12021): Found 4 design units, including 2 entities, in source file /home/dgam00/Documents/UFPE/Mestrado/kyber-neorv32/third_party/neorv32/rtl/core/neorv32_cpu_trace.vhd
    Info (12022): Found design unit 1: neorv32_cpu_trace-neorv32_cpu_trace_rtl File: /home/dgam00/Documents/UFPE/Mestrado/kyber-neorv32/third_party/neorv32/rtl/core/neorv32_cpu_trace.vhd Line: 36
    Info (12022): Found design unit 2: neorv32_cpu_trace_simlog-neorv32_cpu_trace_simlog_rtl File: /home/dgam00/Documents/UFPE/Mestrado/kyber-neorv32/third_party/neorv32/rtl/core/neorv32_cpu_trace.vhd Line: 201
    Info (12023): Found entity 1: neorv32_cpu_trace File: /home/dgam00/Documents/UFPE/Mestrado/kyber-neorv32/third_party/neorv32/rtl/core/neorv32_cpu_trace.vhd Line: 18
    Info (12023): Found entity 2: neorv32_cpu_trace_simlog File: /home/dgam00/Documents/UFPE/Mestrado/kyber-neorv32/third_party/neorv32/rtl/core/neorv32_cpu_trace.vhd Line: 190
Info (12021): Found 2 design units, including 1 entities, in source file /home/dgam00/Documents/UFPE/Mestrado/kyber-neorv32/third_party/neorv32/rtl/core/neorv32_cpu_regfile.vhd
    Info (12022): Found design unit 1: neorv32_cpu_regfile-neorv32_cpu_regfile_rtl File: /home/dgam00/Documents/UFPE/Mestrado/kyber-neorv32/third_party/neorv32/rtl/core/neorv32_cpu_regfile.vhd Line: 46
    Info (12023): Found entity 1: neorv32_cpu_regfile File: /home/dgam00/Documents/UFPE/Mestrado/kyber-neorv32/third_party/neorv32/rtl/core/neorv32_cpu_regfile.vhd Line: 28
Info (12021): Found 2 design units, including 1 entities, in source file /home/dgam00/Documents/UFPE/Mestrado/kyber-neorv32/third_party/neorv32/rtl/core/neorv32_cpu_pmp.vhd
    Info (12022): Found design unit 1: neorv32_cpu_pmp-neorv32_cpu_pmp_rtl File: /home/dgam00/Documents/UFPE/Mestrado/kyber-neorv32/third_party/neorv32/rtl/core/neorv32_cpu_pmp.vhd Line: 46
    Info (12023): Found entity 1: neorv32_cpu_pmp File: /home/dgam00/Documents/UFPE/Mestrado/kyber-neorv32/third_party/neorv32/rtl/core/neorv32_cpu_pmp.vhd Line: 22
Info (12021): Found 2 design units, including 1 entities, in source file /home/dgam00/Documents/UFPE/Mestrado/kyber-neorv32/third_party/neorv32/rtl/core/neorv32_cpu_lsu.vhd
    Info (12022): Found design unit 1: neorv32_cpu_lsu-neorv32_cpu_lsu_rtl File: /home/dgam00/Documents/UFPE/Mestrado/kyber-neorv32/third_party/neorv32/rtl/core/neorv32_cpu_lsu.vhd Line: 42
    Info (12023): Found entity 1: neorv32_cpu_lsu File: /home/dgam00/Documents/UFPE/Mestrado/kyber-neorv32/third_party/neorv32/rtl/core/neorv32_cpu_lsu.vhd Line: 18
Info (12021): Found 2 design units, including 1 entities, in source file /home/dgam00/Documents/UFPE/Mestrado/kyber-neorv32/third_party/neorv32/rtl/core/neorv32_cpu_hwtrig.vhd
    Info (12022): Found design unit 1: neorv32_cpu_hwtrig-neorv32_cpu_hwtrig_rtl File: /home/dgam00/Documents/UFPE/Mestrado/kyber-neorv32/third_party/neorv32/rtl/core/neorv32_cpu_hwtrig.vhd Line: 39
    Info (12023): Found entity 1: neorv32_cpu_hwtrig File: /home/dgam00/Documents/UFPE/Mestrado/kyber-neorv32/third_party/neorv32/rtl/core/neorv32_cpu_hwtrig.vhd Line: 21
Info (12021): Found 4 design units, including 2 entities, in source file /home/dgam00/Documents/UFPE/Mestrado/kyber-neorv32/third_party/neorv32/rtl/core/neorv32_cpu_frontend.vhd
    Info (12022): Found design unit 1: neorv32_cpu_frontend-neorv32_cpu_frontend_rtl File: /home/dgam00/Documents/UFPE/Mestrado/kyber-neorv32/third_party/neorv32/rtl/core/neorv32_cpu_frontend.vhd Line: 45
    Info (12022): Found design unit 2: neorv32_cpu_frontend_ipb-neorv32_cpu_frontend_ipb_rtl File: /home/dgam00/Documents/UFPE/Mestrado/kyber-neorv32/third_party/neorv32/rtl/core/neorv32_cpu_frontend.vhd Line: 350
    Info (12023): Found entity 1: neorv32_cpu_frontend File: /home/dgam00/Documents/UFPE/Mestrado/kyber-neorv32/third_party/neorv32/rtl/core/neorv32_cpu_frontend.vhd Line: 22
    Info (12023): Found entity 2: neorv32_cpu_frontend_ipb File: /home/dgam00/Documents/UFPE/Mestrado/kyber-neorv32/third_party/neorv32/rtl/core/neorv32_cpu_frontend.vhd Line: 329
Info (12021): Found 2 design units, including 1 entities, in source file /home/dgam00/Documents/UFPE/Mestrado/kyber-neorv32/third_party/neorv32/rtl/core/neorv32_cpu_decompressor.vhd
    Info (12022): Found design unit 1: neorv32_cpu_decompressor-neorv32_cpu_decompressor_rtl File: /home/dgam00/Documents/UFPE/Mestrado/kyber-neorv32/third_party/neorv32/rtl/core/neorv32_cpu_decompressor.vhd Line: 31
    Info (12023): Found entity 1: neorv32_cpu_decompressor File: /home/dgam00/Documents/UFPE/Mestrado/kyber-neorv32/third_party/neorv32/rtl/core/neorv32_cpu_decompressor.vhd Line: 21
Info (12021): Found 2 design units, including 1 entities, in source file /home/dgam00/Documents/UFPE/Mestrado/kyber-neorv32/third_party/neorv32/rtl/core/neorv32_cpu_counters.vhd
    Info (12022): Found design unit 1: neorv32_cpu_counters-neorv32_cpu_counters_rtl File: /home/dgam00/Documents/UFPE/Mestrado/kyber-neorv32/third_party/neorv32/rtl/core/neorv32_cpu_counters.vhd Line: 44
    Info (12023): Found entity 1: neorv32_cpu_counters File: /home/dgam00/Documents/UFPE/Mestrado/kyber-neorv32/third_party/neorv32/rtl/core/neorv32_cpu_counters.vhd Line: 23
Info (12021): Found 2 design units, including 1 entities, in source file /home/dgam00/Documents/UFPE/Mestrado/kyber-neorv32/third_party/neorv32/rtl/core/neorv32_cpu_control.vhd
    Info (12022): Found design unit 1: neorv32_cpu_control-neorv32_cpu_control_rtl File: /home/dgam00/Documents/UFPE/Mestrado/kyber-neorv32/third_party/neorv32/rtl/core/neorv32_cpu_control.vhd Line: 92
    Info (12023): Found entity 1: neorv32_cpu_control File: /home/dgam00/Documents/UFPE/Mestrado/kyber-neorv32/third_party/neorv32/rtl/core/neorv32_cpu_control.vhd Line: 18
Info (12021): Found 2 design units, including 1 entities, in source file /home/dgam00/Documents/UFPE/Mestrado/kyber-neorv32/third_party/neorv32/rtl/core/neorv32_cpu_alu_shifter.vhd
    Info (12022): Found design unit 1: neorv32_cpu_alu_shifter-neorv32_cpu_alu_shifter_rtl File: /home/dgam00/Documents/UFPE/Mestrado/kyber-neorv32/third_party/neorv32/rtl/core/neorv32_cpu_alu_shifter.vhd Line: 39
    Info (12023): Found entity 1: neorv32_cpu_alu_shifter File: /home/dgam00/Documents/UFPE/Mestrado/kyber-neorv32/third_party/neorv32/rtl/core/neorv32_cpu_alu_shifter.vhd Line: 21
Info (12021): Found 2 design units, including 1 entities, in source file /home/dgam00/Documents/UFPE/Mestrado/kyber-neorv32/third_party/neorv32/rtl/core/neorv32_cpu_alu_muldiv.vhd
    Info (12022): Found design unit 1: neorv32_cpu_alu_muldiv-neorv32_cpu_alu_muldiv_rtl File: /home/dgam00/Documents/UFPE/Mestrado/kyber-neorv32/third_party/neorv32/rtl/core/neorv32_cpu_alu_muldiv.vhd Line: 42
    Info (12023): Found entity 1: neorv32_cpu_alu_muldiv File: /home/dgam00/Documents/UFPE/Mestrado/kyber-neorv32/third_party/neorv32/rtl/core/neorv32_cpu_alu_muldiv.vhd Line: 23
Info (12021): Found 6 design units, including 3 entities, in source file /home/dgam00/Documents/UFPE/Mestrado/kyber-neorv32/third_party/neorv32/rtl/core/neorv32_cpu_alu_fpu.vhd
    Info (12022): Found design unit 1: neorv32_cpu_alu_fpu-neorv32_cpu_alu_fpu_rtl File: /home/dgam00/Documents/UFPE/Mestrado/kyber-neorv32/third_party/neorv32/rtl/core/neorv32_cpu_alu_fpu.vhd Line: 59
    Info (12022): Found design unit 2: neorv32_cpu_alu_fpu_normalizer-neorv32_cpu_alu_fpu_normalizer_rtl File: /home/dgam00/Documents/UFPE/Mestrado/kyber-neorv32/third_party/neorv32/rtl/core/neorv32_cpu_alu_fpu.vhd Line: 1547
    Info (12022): Found design unit 3: neorv32_cpu_alu_fpu_f2i-neorv32_cpu_alu_fpu_f2i_rtl File: /home/dgam00/Documents/UFPE/Mestrado/kyber-neorv32/third_party/neorv32/rtl/core/neorv32_cpu_alu_fpu.vhd Line: 1980
    Info (12023): Found entity 1: neorv32_cpu_alu_fpu File: /home/dgam00/Documents/UFPE/Mestrado/kyber-neorv32/third_party/neorv32/rtl/core/neorv32_cpu_alu_fpu.vhd Line: 33
    Info (12023): Found entity 2: neorv32_cpu_alu_fpu_normalizer File: /home/dgam00/Documents/UFPE/Mestrado/kyber-neorv32/third_party/neorv32/rtl/core/neorv32_cpu_alu_fpu.vhd Line: 1521
    Info (12023): Found entity 3: neorv32_cpu_alu_fpu_f2i File: /home/dgam00/Documents/UFPE/Mestrado/kyber-neorv32/third_party/neorv32/rtl/core/neorv32_cpu_alu_fpu.vhd Line: 1956
Info (12021): Found 2 design units, including 1 entities, in source file /home/dgam00/Documents/UFPE/Mestrado/kyber-neorv32/third_party/neorv32/rtl/core/neorv32_cpu_alu_crypto.vhd
    Info (12022): Found design unit 1: neorv32_cpu_alu_crypto-neorv32_cpu_alu_crypto_rtl File: /home/dgam00/Documents/UFPE/Mestrado/kyber-neorv32/third_party/neorv32/rtl/core/neorv32_cpu_alu_crypto.vhd Line: 47
    Info (12023): Found entity 1: neorv32_cpu_alu_crypto File: /home/dgam00/Documents/UFPE/Mestrado/kyber-neorv32/third_party/neorv32/rtl/core/neorv32_cpu_alu_crypto.vhd Line: 25
Info (12021): Found 2 design units, including 1 entities, in source file /home/dgam00/Documents/UFPE/Mestrado/kyber-neorv32/third_party/neorv32/rtl/core/neorv32_cpu_alu_cond.vhd
    Info (12022): Found design unit 1: neorv32_cpu_alu_cond-neorv32_cpu_alu_cond_rtl File: /home/dgam00/Documents/UFPE/Mestrado/kyber-neorv32/third_party/neorv32/rtl/core/neorv32_cpu_alu_cond.vhd Line: 32
    Info (12023): Found entity 1: neorv32_cpu_alu_cond File: /home/dgam00/Documents/UFPE/Mestrado/kyber-neorv32/third_party/neorv32/rtl/core/neorv32_cpu_alu_cond.vhd Line: 17
Info (12021): Found 2 design units, including 1 entities, in source file /home/dgam00/Documents/UFPE/Mestrado/kyber-neorv32/third_party/neorv32/rtl/core/neorv32_cpu_alu_cfu.vhd
    Info (12022): Found design unit 1: neorv32_cpu_alu_cfu-neorv32_cpu_alu_cfu_rtl File: /home/dgam00/Documents/UFPE/Mestrado/kyber-neorv32/third_party/neorv32/rtl/core/neorv32_cpu_alu_cfu.vhd Line: 37
    Info (12023): Found entity 1: neorv32_cpu_alu_cfu File: /home/dgam00/Documents/UFPE/Mestrado/kyber-neorv32/third_party/neorv32/rtl/core/neorv32_cpu_alu_cfu.vhd Line: 21
Info (12021): Found 2 design units, including 1 entities, in source file /home/dgam00/Documents/UFPE/Mestrado/kyber-neorv32/third_party/neorv32/rtl/core/neorv32_cpu_alu_bitmanip.vhd
    Info (12022): Found design unit 1: neorv32_cpu_alu_bitmanip-neorv32_cpu_alu_bitmanip_rtl File: /home/dgam00/Documents/UFPE/Mestrado/kyber-neorv32/third_party/neorv32/rtl/core/neorv32_cpu_alu_bitmanip.vhd Line: 55
    Info (12023): Found entity 1: neorv32_cpu_alu_bitmanip File: /home/dgam00/Documents/UFPE/Mestrado/kyber-neorv32/third_party/neorv32/rtl/core/neorv32_cpu_alu_bitmanip.vhd Line: 28
Info (12021): Found 2 design units, including 1 entities, in source file /home/dgam00/Documents/UFPE/Mestrado/kyber-neorv32/third_party/neorv32/rtl/core/neorv32_cpu_alu.vhd
    Info (12022): Found design unit 1: neorv32_cpu_alu-neorv32_cpu_alu_rtl File: /home/dgam00/Documents/UFPE/Mestrado/kyber-neorv32/third_party/neorv32/rtl/core/neorv32_cpu_alu.vhd Line: 61
    Info (12023): Found entity 1: neorv32_cpu_alu File: /home/dgam00/Documents/UFPE/Mestrado/kyber-neorv32/third_party/neorv32/rtl/core/neorv32_cpu_alu.vhd Line: 18
Info (12021): Found 2 design units, including 1 entities, in source file /home/dgam00/Documents/UFPE/Mestrado/kyber-neorv32/third_party/neorv32/rtl/core/neorv32_cpu.vhd
    Info (12022): Found design unit 1: neorv32_cpu-neorv32_cpu_rtl File: /home/dgam00/Documents/UFPE/Mestrado/kyber-neorv32/third_party/neorv32/rtl/core/neorv32_cpu.vhd Line: 103
    Info (12023): Found entity 1: neorv32_cpu File: /home/dgam00/Documents/UFPE/Mestrado/kyber-neorv32/third_party/neorv32/rtl/core/neorv32_cpu.vhd Line: 21
Info (12021): Found 4 design units, including 2 entities, in source file /home/dgam00/Documents/UFPE/Mestrado/kyber-neorv32/third_party/neorv32/rtl/core/neorv32_clint.vhd
    Info (12022): Found design unit 1: neorv32_clint-neorv32_clint_rtl File: /home/dgam00/Documents/UFPE/Mestrado/kyber-neorv32/third_party/neorv32/rtl/core/neorv32_clint.vhd Line: 36
    Info (12022): Found design unit 2: neorv32_clint_mtimecmp-neorv32_clint_mtimecmp_rtl File: /home/dgam00/Documents/UFPE/Mestrado/kyber-neorv32/third_party/neorv32/rtl/core/neorv32_clint.vhd Line: 222
    Info (12023): Found entity 1: neorv32_clint File: /home/dgam00/Documents/UFPE/Mestrado/kyber-neorv32/third_party/neorv32/rtl/core/neorv32_clint.vhd Line: 21
    Info (12023): Found entity 2: neorv32_clint_mtimecmp File: /home/dgam00/Documents/UFPE/Mestrado/kyber-neorv32/third_party/neorv32/rtl/core/neorv32_clint.vhd Line: 209
Info (12021): Found 2 design units, including 1 entities, in source file /home/dgam00/Documents/UFPE/Mestrado/kyber-neorv32/third_party/neorv32/rtl/core/neorv32_cfs.vhd
    Info (12022): Found design unit 1: neorv32_cfs-neorv32_cfs_rtl File: /home/dgam00/Documents/UFPE/Mestrado/kyber-neorv32/third_party/neorv32/rtl/core/neorv32_cfs.vhd Line: 34
    Info (12023): Found entity 1: neorv32_cfs File: /home/dgam00/Documents/UFPE/Mestrado/kyber-neorv32/third_party/neorv32/rtl/core/neorv32_cfs.vhd Line: 18
Info (12021): Found 2 design units, including 1 entities, in source file /home/dgam00/Documents/UFPE/Mestrado/kyber-neorv32/third_party/neorv32/rtl/core/neorv32_cache_ram.vhd
    Info (12022): Found design unit 1: neorv32_cache_ram-neorv32_cache_ram_rtl File: /home/dgam00/Documents/UFPE/Mestrado/kyber-neorv32/third_party/neorv32/rtl/core/neorv32_cache_ram.vhd Line: 40
    Info (12023): Found entity 1: neorv32_cache_ram File: /home/dgam00/Documents/UFPE/Mestrado/kyber-neorv32/third_party/neorv32/rtl/core/neorv32_cache_ram.vhd Line: 20
Info (12021): Found 2 design units, including 1 entities, in source file /home/dgam00/Documents/UFPE/Mestrado/kyber-neorv32/third_party/neorv32/rtl/core/neorv32_cache.vhd
    Info (12022): Found design unit 1: neorv32_cache-neorv32_cache_rtl File: /home/dgam00/Documents/UFPE/Mestrado/kyber-neorv32/third_party/neorv32/rtl/core/neorv32_cache.vhd Line: 47
    Info (12023): Found entity 1: neorv32_cache File: /home/dgam00/Documents/UFPE/Mestrado/kyber-neorv32/third_party/neorv32/rtl/core/neorv32_cache.vhd Line: 28
Info (12021): Found 12 design units, including 6 entities, in source file /home/dgam00/Documents/UFPE/Mestrado/kyber-neorv32/third_party/neorv32/rtl/core/neorv32_bus.vhd
    Info (12022): Found design unit 1: neorv32_bus_switch-neorv32_bus_switch_rtl File: /home/dgam00/Documents/UFPE/Mestrado/kyber-neorv32/third_party/neorv32/rtl/core/neorv32_bus.vhd Line: 35
    Info (12022): Found design unit 2: neorv32_bus_reg-neorv32_bus_reg_rtl File: /home/dgam00/Documents/UFPE/Mestrado/kyber-neorv32/third_party/neorv32/rtl/core/neorv32_bus.vhd Line: 189
    Info (12022): Found design unit 3: neorv32_bus_gateway-neorv32_bus_gateway_rtl File: /home/dgam00/Documents/UFPE/Mestrado/kyber-neorv32/third_party/neorv32/rtl/core/neorv32_bus.vhd Line: 302
    Info (12022): Found design unit 4: neorv32_bus_io_switch-neorv32_bus_io_switch_rtl File: /home/dgam00/Documents/UFPE/Mestrado/kyber-neorv32/third_party/neorv32/rtl/core/neorv32_bus.vhd Line: 546
    Info (12022): Found design unit 5: neorv32_bus_amo_rmw-neorv32_bus_amo_rmw_rtl File: /home/dgam00/Documents/UFPE/Mestrado/kyber-neorv32/third_party/neorv32/rtl/core/neorv32_bus.vhd Line: 715
    Info (12022): Found design unit 6: neorv32_bus_amo_rvs-neorv32_bus_amo_rvs_rtl File: /home/dgam00/Documents/UFPE/Mestrado/kyber-neorv32/third_party/neorv32/rtl/core/neorv32_bus.vhd Line: 869
    Info (12023): Found entity 1: neorv32_bus_switch File: /home/dgam00/Documents/UFPE/Mestrado/kyber-neorv32/third_party/neorv32/rtl/core/neorv32_bus.vhd Line: 17
    Info (12023): Found entity 2: neorv32_bus_reg File: /home/dgam00/Documents/UFPE/Mestrado/kyber-neorv32/third_party/neorv32/rtl/core/neorv32_bus.vhd Line: 172
    Info (12023): Found entity 3: neorv32_bus_gateway File: /home/dgam00/Documents/UFPE/Mestrado/kyber-neorv32/third_party/neorv32/rtl/core/neorv32_bus.vhd Line: 263
    Info (12023): Found entity 4: neorv32_bus_io_switch File: /home/dgam00/Documents/UFPE/Mestrado/kyber-neorv32/third_party/neorv32/rtl/core/neorv32_bus.vhd Line: 466
    Info (12023): Found entity 5: neorv32_bus_amo_rmw File: /home/dgam00/Documents/UFPE/Mestrado/kyber-neorv32/third_party/neorv32/rtl/core/neorv32_bus.vhd Line: 701
    Info (12023): Found entity 6: neorv32_bus_amo_rvs File: /home/dgam00/Documents/UFPE/Mestrado/kyber-neorv32/third_party/neorv32/rtl/core/neorv32_bus.vhd Line: 855
Info (12021): Found 2 design units, including 1 entities, in source file /home/dgam00/Documents/UFPE/Mestrado/kyber-neorv32/third_party/neorv32/rtl/core/neorv32_bootrom_rom.vhd
    Info (12022): Found design unit 1: neorv32_bootrom_rom-neorv32_bootrom_rom_rtl File: /home/dgam00/Documents/UFPE/Mestrado/kyber-neorv32/third_party/neorv32/rtl/core/neorv32_bootrom_rom.vhd Line: 33
    Info (12023): Found entity 1: neorv32_bootrom_rom File: /home/dgam00/Documents/UFPE/Mestrado/kyber-neorv32/third_party/neorv32/rtl/core/neorv32_bootrom_rom.vhd Line: 21
Info (12021): Found 1 design units, including 0 entities, in source file /home/dgam00/Documents/UFPE/Mestrado/kyber-neorv32/third_party/neorv32/rtl/core/neorv32_bootrom_image.vhd
    Info (12022): Found design unit 1: neorv32_bootrom_image File: /home/dgam00/Documents/UFPE/Mestrado/kyber-neorv32/third_party/neorv32/rtl/core/neorv32_bootrom_image.vhd Line: 4
Info (12021): Found 2 design units, including 1 entities, in source file /home/dgam00/Documents/UFPE/Mestrado/kyber-neorv32/third_party/neorv32/rtl/core/neorv32_bootrom.vhd
    Info (12022): Found design unit 1: neorv32_bootrom-neorv32_bootrom_rtl File: /home/dgam00/Documents/UFPE/Mestrado/kyber-neorv32/third_party/neorv32/rtl/core/neorv32_bootrom.vhd Line: 26
    Info (12023): Found entity 1: neorv32_bootrom File: /home/dgam00/Documents/UFPE/Mestrado/kyber-neorv32/third_party/neorv32/rtl/core/neorv32_bootrom.vhd Line: 17
Info (12021): Found 1 design units, including 1 entities, in source file ip/debounce/debounce.v
    Info (12023): Found entity 1: debounce File: /home/dgam00/Documents/UFPE/Mestrado/kyber-neorv32/hw/quartus/kyber_neorv32/ip/debounce/debounce.v Line: 13
Info (12127): Elaborating entity "kyber_neorv32_top" for the top level hierarchy
Warning (10858): Verilog HDL warning at kyber_neorv32_top.v(183): object fpga_led_internal used but never assigned File: /home/dgam00/Documents/UFPE/Mestrado/kyber-neorv32/hw/rtl/kyber_neorv32/kyber_neorv32_top.v Line: 183
Warning (10036): Verilog HDL or VHDL warning at kyber_neorv32_top.v(188): object "stm_hw_events" assigned a value but never read File: /home/dgam00/Documents/UFPE/Mestrado/kyber-neorv32/hw/rtl/kyber_neorv32/kyber_neorv32_top.v Line: 188
Warning (10034): Output port "LEDR[9..8]" at kyber_neorv32_top.v(21) has no driver File: /home/dgam00/Documents/UFPE/Mestrado/kyber-neorv32/hw/rtl/kyber_neorv32/kyber_neorv32_top.v Line: 21
Warning (10034): Output port "HEX0" at kyber_neorv32_top.v(24) has no driver File: /home/dgam00/Documents/UFPE/Mestrado/kyber-neorv32/hw/rtl/kyber_neorv32/kyber_neorv32_top.v Line: 24
Warning (10034): Output port "HEX1" at kyber_neorv32_top.v(25) has no driver File: /home/dgam00/Documents/UFPE/Mestrado/kyber-neorv32/hw/rtl/kyber_neorv32/kyber_neorv32_top.v Line: 25
Warning (10034): Output port "HEX2" at kyber_neorv32_top.v(26) has no driver File: /home/dgam00/Documents/UFPE/Mestrado/kyber-neorv32/hw/rtl/kyber_neorv32/kyber_neorv32_top.v Line: 26
Warning (10034): Output port "HEX3" at kyber_neorv32_top.v(27) has no driver File: /home/dgam00/Documents/UFPE/Mestrado/kyber-neorv32/hw/rtl/kyber_neorv32/kyber_neorv32_top.v Line: 27
Warning (10034): Output port "HEX4" at kyber_neorv32_top.v(28) has no driver File: /home/dgam00/Documents/UFPE/Mestrado/kyber-neorv32/hw/rtl/kyber_neorv32/kyber_neorv32_top.v Line: 28
Warning (10034): Output port "HEX5" at kyber_neorv32_top.v(29) has no driver File: /home/dgam00/Documents/UFPE/Mestrado/kyber-neorv32/hw/rtl/kyber_neorv32/kyber_neorv32_top.v Line: 29
Warning (10034): Output port "DRAM_ADDR" at kyber_neorv32_top.v(34) has no driver File: /home/dgam00/Documents/UFPE/Mestrado/kyber-neorv32/hw/rtl/kyber_neorv32/kyber_neorv32_top.v Line: 34
Warning (10034): Output port "DRAM_BA" at kyber_neorv32_top.v(35) has no driver File: /home/dgam00/Documents/UFPE/Mestrado/kyber-neorv32/hw/rtl/kyber_neorv32/kyber_neorv32_top.v Line: 35
Warning (10034): Output port "VGA_R" at kyber_neorv32_top.v(55) has no driver File: /home/dgam00/Documents/UFPE/Mestrado/kyber-neorv32/hw/rtl/kyber_neorv32/kyber_neorv32_top.v Line: 55
Warning (10034): Output port "VGA_G" at kyber_neorv32_top.v(56) has no driver File: /home/dgam00/Documents/UFPE/Mestrado/kyber-neorv32/hw/rtl/kyber_neorv32/kyber_neorv32_top.v Line: 56
Warning (10034): Output port "VGA_B" at kyber_neorv32_top.v(57) has no driver File: /home/dgam00/Documents/UFPE/Mestrado/kyber-neorv32/hw/rtl/kyber_neorv32/kyber_neorv32_top.v Line: 57
Warning (10034): Output port "DRAM_CLK" at kyber_neorv32_top.v(32) has no driver File: /home/dgam00/Documents/UFPE/Mestrado/kyber-neorv32/hw/rtl/kyber_neorv32/kyber_neorv32_top.v Line: 32
Warning (10034): Output port "DRAM_CKE" at kyber_neorv32_top.v(33) has no driver File: /home/dgam00/Documents/UFPE/Mestrado/kyber-neorv32/hw/rtl/kyber_neorv32/kyber_neorv32_top.v Line: 33
Warning (10034): Output port "DRAM_LDQM" at kyber_neorv32_top.v(37) has no driver File: /home/dgam00/Documents/UFPE/Mestrado/kyber-neorv32/hw/rtl/kyber_neorv32/kyber_neorv32_top.v Line: 37
Warning (10034): Output port "DRAM_UDQM" at kyber_neorv32_top.v(38) has no driver File: /home/dgam00/Documents/UFPE/Mestrado/kyber-neorv32/hw/rtl/kyber_neorv32/kyber_neorv32_top.v Line: 38
Warning (10034): Output port "DRAM_CS_N" at kyber_neorv32_top.v(39) has no driver File: /home/dgam00/Documents/UFPE/Mestrado/kyber-neorv32/hw/rtl/kyber_neorv32/kyber_neorv32_top.v Line: 39
Warning (10034): Output port "DRAM_WE_N" at kyber_neorv32_top.v(40) has no driver File: /home/dgam00/Documents/UFPE/Mestrado/kyber-neorv32/hw/rtl/kyber_neorv32/kyber_neorv32_top.v Line: 40
Warning (10034): Output port "DRAM_CAS_N" at kyber_neorv32_top.v(41) has no driver File: /home/dgam00/Documents/UFPE/Mestrado/kyber-neorv32/hw/rtl/kyber_neorv32/kyber_neorv32_top.v Line: 41
Warning (10034): Output port "DRAM_RAS_N" at kyber_neorv32_top.v(42) has no driver File: /home/dgam00/Documents/UFPE/Mestrado/kyber-neorv32/hw/rtl/kyber_neorv32/kyber_neorv32_top.v Line: 42
Warning (10034): Output port "TD_RESET_N" at kyber_neorv32_top.v(49) has no driver File: /home/dgam00/Documents/UFPE/Mestrado/kyber-neorv32/hw/rtl/kyber_neorv32/kyber_neorv32_top.v Line: 49
Warning (10034): Output port "VGA_CLK" at kyber_neorv32_top.v(52) has no driver File: /home/dgam00/Documents/UFPE/Mestrado/kyber-neorv32/hw/rtl/kyber_neorv32/kyber_neorv32_top.v Line: 52
Warning (10034): Output port "VGA_HS" at kyber_neorv32_top.v(53) has no driver File: /home/dgam00/Documents/UFPE/Mestrado/kyber-neorv32/hw/rtl/kyber_neorv32/kyber_neorv32_top.v Line: 53
Warning (10034): Output port "VGA_VS" at kyber_neorv32_top.v(54) has no driver File: /home/dgam00/Documents/UFPE/Mestrado/kyber-neorv32/hw/rtl/kyber_neorv32/kyber_neorv32_top.v Line: 54
Warning (10034): Output port "VGA_BLANK_N" at kyber_neorv32_top.v(58) has no driver File: /home/dgam00/Documents/UFPE/Mestrado/kyber-neorv32/hw/rtl/kyber_neorv32/kyber_neorv32_top.v Line: 58
Warning (10034): Output port "VGA_SYNC_N" at kyber_neorv32_top.v(59) has no driver File: /home/dgam00/Documents/UFPE/Mestrado/kyber-neorv32/hw/rtl/kyber_neorv32/kyber_neorv32_top.v Line: 59
Warning (10034): Output port "AUD_XCK" at kyber_neorv32_top.v(63) has no driver File: /home/dgam00/Documents/UFPE/Mestrado/kyber-neorv32/hw/rtl/kyber_neorv32/kyber_neorv32_top.v Line: 63
Warning (10034): Output port "AUD_DACDAT" at kyber_neorv32_top.v(67) has no driver File: /home/dgam00/Documents/UFPE/Mestrado/kyber-neorv32/hw/rtl/kyber_neorv32/kyber_neorv32_top.v Line: 67
Warning (10034): Output port "ADC_SCLK" at kyber_neorv32_top.v(76) has no driver File: /home/dgam00/Documents/UFPE/Mestrado/kyber-neorv32/hw/rtl/kyber_neorv32/kyber_neorv32_top.v Line: 76
Warning (10034): Output port "ADC_DIN" at kyber_neorv32_top.v(78) has no driver File: /home/dgam00/Documents/UFPE/Mestrado/kyber-neorv32/hw/rtl/kyber_neorv32/kyber_neorv32_top.v Line: 78
Warning (10034): Output port "ADC_CONVST" at kyber_neorv32_top.v(79) has no driver File: /home/dgam00/Documents/UFPE/Mestrado/kyber-neorv32/hw/rtl/kyber_neorv32/kyber_neorv32_top.v Line: 79
Warning (10034): Output port "FPGA_I2C_SCLK" at kyber_neorv32_top.v(82) has no driver File: /home/dgam00/Documents/UFPE/Mestrado/kyber-neorv32/hw/rtl/kyber_neorv32/kyber_neorv32_top.v Line: 82
Warning (10034): Output port "IRDA_TXD" at kyber_neorv32_top.v(172) has no driver File: /home/dgam00/Documents/UFPE/Mestrado/kyber-neorv32/hw/rtl/kyber_neorv32/kyber_neorv32_top.v Line: 172
Info (12128): Elaborating entity "neorv32_top" for hierarchy "neorv32_top:softcore" File: /home/dgam00/Documents/UFPE/Mestrado/kyber-neorv32/hw/rtl/kyber_neorv32/kyber_neorv32_top.v Line: 241
Warning (10036): Verilog HDL or VHDL warning at neorv32_top.vhd(318): object "rstn_ext" assigned a value but never read File: /home/dgam00/Documents/UFPE/Mestrado/kyber-neorv32/third_party/neorv32/rtl/core/neorv32_top.vhd Line: 318
Warning (10036): Verilog HDL or VHDL warning at neorv32_top.vhd(324): object "dmi_req" assigned a value but never read File: /home/dgam00/Documents/UFPE/Mestrado/kyber-neorv32/third_party/neorv32/rtl/core/neorv32_top.vhd Line: 324
Warning (10036): Verilog HDL or VHDL warning at neorv32_top.vhd(325): object "dmi_rsp" assigned a value but never read File: /home/dgam00/Documents/UFPE/Mestrado/kyber-neorv32/third_party/neorv32/rtl/core/neorv32_top.vhd Line: 325
Warning (10036): Verilog HDL or VHDL warning at neorv32_top.vhd(336): object "cpu_i_fence" assigned a value but never read File: /home/dgam00/Documents/UFPE/Mestrado/kyber-neorv32/third_party/neorv32/rtl/core/neorv32_top.vhd Line: 336
Warning (10036): Verilog HDL or VHDL warning at neorv32_top.vhd(336): object "cpu_d_fence" assigned a value but never read File: /home/dgam00/Documents/UFPE/Mestrado/kyber-neorv32/third_party/neorv32/rtl/core/neorv32_top.vhd Line: 336
Warning (10036): Verilog HDL or VHDL warning at neorv32_top.vhd(336): object "icache_sync" assigned a value but never read File: /home/dgam00/Documents/UFPE/Mestrado/kyber-neorv32/third_party/neorv32/rtl/core/neorv32_top.vhd Line: 336
Warning (10036): Verilog HDL or VHDL warning at neorv32_top.vhd(336): object "dcache_sync" assigned a value but never read File: /home/dgam00/Documents/UFPE/Mestrado/kyber-neorv32/third_party/neorv32/rtl/core/neorv32_top.vhd Line: 336
Warning (10036): Verilog HDL or VHDL warning at neorv32_top.vhd(345): object "dma_req" assigned a value but never read File: /home/dgam00/Documents/UFPE/Mestrado/kyber-neorv32/third_party/neorv32/rtl/core/neorv32_top.vhd Line: 345
Warning (10036): Verilog HDL or VHDL warning at neorv32_top.vhd(345): object "xbus_req" assigned a value but never read File: /home/dgam00/Documents/UFPE/Mestrado/kyber-neorv32/third_party/neorv32/rtl/core/neorv32_top.vhd Line: 345
Warning (10036): Verilog HDL or VHDL warning at neorv32_top.vhd(346): object "dma_rsp" assigned a value but never read File: /home/dgam00/Documents/UFPE/Mestrado/kyber-neorv32/third_party/neorv32/rtl/core/neorv32_top.vhd Line: 346
Warning (10036): Verilog HDL or VHDL warning at neorv32_top.vhd(347): object "xbus_terminate" assigned a value but never read File: /home/dgam00/Documents/UFPE/Mestrado/kyber-neorv32/third_party/neorv32/rtl/core/neorv32_top.vhd Line: 347
Warning (10036): Verilog HDL or VHDL warning at neorv32_top.vhd(372): object "mtime_lo" assigned a value but never read File: /home/dgam00/Documents/UFPE/Mestrado/kyber-neorv32/third_party/neorv32/rtl/core/neorv32_top.vhd Line: 372
Info (10544): VHDL Assertion Statement at neorv32_top.vhd(384): assertion is false - report "[NEORV32] The NEORV32 RISC-V Processor (v01.13.01.08), github.com/stnolting/neorv32" (NOTE) File: /home/dgam00/Documents/UFPE/Mestrado/kyber-neorv32/third_party/neorv32/rtl/core/neorv32_top.vhd Line: 384
Info (10544): VHDL Assertion Statement at neorv32_top.vhd(393): assertion is false - report "[NEORV32] Processor Configuration: CPU (single-core) IMEM-ROM DMEM GPIO UART0 SYSINFO " (NOTE) File: /home/dgam00/Documents/UFPE/Mestrado/kyber-neorv32/third_party/neorv32/rtl/core/neorv32_top.vhd Line: 393
Info (10544): VHDL Assertion Statement at neorv32_top.vhd(441): assertion is false - report "[NEORV32] BOOT_MODE_SELECT 2 - booting IMEM image" (NOTE) File: /home/dgam00/Documents/UFPE/Mestrado/kyber-neorv32/third_party/neorv32/rtl/core/neorv32_top.vhd Line: 441
Info (12128): Elaborating entity "neorv32_sys_reset" for hierarchy "neorv32_top:softcore|neorv32_sys_reset:\soc_generators:neorv32_sys_reset_inst" File: /home/dgam00/Documents/UFPE/Mestrado/kyber-neorv32/third_party/neorv32/rtl/core/neorv32_top.vhd Line: 478
Info (12128): Elaborating entity "neorv32_sys_clock" for hierarchy "neorv32_top:softcore|neorv32_sys_clock:\soc_generators:neorv32_sys_clock_inst" File: /home/dgam00/Documents/UFPE/Mestrado/kyber-neorv32/third_party/neorv32/rtl/core/neorv32_top.vhd Line: 491
Info (12128): Elaborating entity "neorv32_cpu" for hierarchy "neorv32_top:softcore|neorv32_cpu:\core_complex_gen:0:neorv32_cpu_inst" File: /home/dgam00/Documents/UFPE/Mestrado/kyber-neorv32/third_party/neorv32/rtl/core/neorv32_top.vhd Line: 529
Warning (10036): Verilog HDL or VHDL warning at neorv32_cpu.vhd(123): object "if_pmp_addr" assigned a value but never read File: /home/dgam00/Documents/UFPE/Mestrado/kyber-neorv32/third_party/neorv32/rtl/core/neorv32_cpu.vhd Line: 123
Warning (10036): Verilog HDL or VHDL warning at neorv32_cpu.vhd(124): object "if_pmp_priv" assigned a value but never read File: /home/dgam00/Documents/UFPE/Mestrado/kyber-neorv32/third_party/neorv32/rtl/core/neorv32_cpu.vhd Line: 124
Info (10544): VHDL Assertion Statement at neorv32_cpu.vhd(153): assertion is false - report "[NEORV32] CPU ISA: rv32ibcmx_zba_zbb_zbc_zbkb_zbkc_zbkx_zbs_zca_zcb_zicsr_zifencei_zkn_zknd_zkne_zknh_zks_zksed_zksh_zmmul" (NOTE) File: /home/dgam00/Documents/UFPE/Mestrado/kyber-neorv32/third_party/neorv32/rtl/core/neorv32_cpu.vhd Line: 153
Info (10544): VHDL Assertion Statement at neorv32_cpu.vhd(197): assertion is false - report "[NEORV32] CPU tuning options: rf_arch=sram_sync " (NOTE) File: /home/dgam00/Documents/UFPE/Mestrado/kyber-neorv32/third_party/neorv32/rtl/core/neorv32_cpu.vhd Line: 197
Info (12128): Elaborating entity "neorv32_cpu_frontend" for hierarchy "neorv32_top:softcore|neorv32_cpu:\core_complex_gen:0:neorv32_cpu_inst|neorv32_cpu_frontend:neorv32_cpu_frontend_inst" File: /home/dgam00/Documents/UFPE/Mestrado/kyber-neorv32/third_party/neorv32/rtl/core/neorv32_cpu.vhd Line: 217
Info (12128): Elaborating entity "neorv32_cpu_frontend_ipb" for hierarchy "neorv32_top:softcore|neorv32_cpu:\core_complex_gen:0:neorv32_cpu_inst|neorv32_cpu_frontend:neorv32_cpu_frontend_inst|neorv32_cpu_frontend_ipb:\prefetch_buffer:0:ipb_inst" File: /home/dgam00/Documents/UFPE/Mestrado/kyber-neorv32/third_party/neorv32/rtl/core/neorv32_cpu_frontend.vhd Line: 183
Info (12128): Elaborating entity "neorv32_cpu_decompressor" for hierarchy "neorv32_top:softcore|neorv32_cpu:\core_complex_gen:0:neorv32_cpu_inst|neorv32_cpu_frontend:neorv32_cpu_frontend_inst|neorv32_cpu_decompressor:\issue_enabled:neorv32_cpu_decompressor_inst" File: /home/dgam00/Documents/UFPE/Mestrado/kyber-neorv32/third_party/neorv32/rtl/core/neorv32_cpu_frontend.vhd Line: 213
Info (12128): Elaborating entity "neorv32_cpu_control" for hierarchy "neorv32_top:softcore|neorv32_cpu:\core_complex_gen:0:neorv32_cpu_inst|neorv32_cpu_control:neorv32_cpu_control_inst" File: /home/dgam00/Documents/UFPE/Mestrado/kyber-neorv32/third_party/neorv32/rtl/core/neorv32_cpu.vhd Line: 242
Info (12128): Elaborating entity "neorv32_cpu_regfile" for hierarchy "neorv32_top:softcore|neorv32_cpu:\core_complex_gen:0:neorv32_cpu_inst|neorv32_cpu_regfile:neorv32_cpu_regfile_inst" File: /home/dgam00/Documents/UFPE/Mestrado/kyber-neorv32/third_party/neorv32/rtl/core/neorv32_cpu.vhd Line: 391
Warning (10036): Verilog HDL or VHDL warning at neorv32_cpu_regfile.vhd(51): object "wdata" assigned a value but never read File: /home/dgam00/Documents/UFPE/Mestrado/kyber-neorv32/third_party/neorv32/rtl/core/neorv32_cpu_regfile.vhd Line: 51
Warning (10036): Verilog HDL or VHDL warning at neorv32_cpu_regfile.vhd(52): object "onehot" assigned a value but never read File: /home/dgam00/Documents/UFPE/Mestrado/kyber-neorv32/third_party/neorv32/rtl/core/neorv32_cpu_regfile.vhd Line: 52
Info (12128): Elaborating entity "neorv32_cpu_alu" for hierarchy "neorv32_top:softcore|neorv32_cpu:\core_complex_gen:0:neorv32_cpu_inst|neorv32_cpu_alu:neorv32_cpu_alu_inst" File: /home/dgam00/Documents/UFPE/Mestrado/kyber-neorv32/third_party/neorv32/rtl/core/neorv32_cpu.vhd Line: 414
Warning (10036): Verilog HDL or VHDL warning at neorv32_cpu_alu.vhd(84): object "cfu_inst" assigned a value but never read File: /home/dgam00/Documents/UFPE/Mestrado/kyber-neorv32/third_party/neorv32/rtl/core/neorv32_cpu_alu.vhd Line: 84
Warning (10036): Verilog HDL or VHDL warning at neorv32_cpu_alu.vhd(85): object "fpu_csr_en" assigned a value but never read File: /home/dgam00/Documents/UFPE/Mestrado/kyber-neorv32/third_party/neorv32/rtl/core/neorv32_cpu_alu.vhd Line: 85
Warning (10036): Verilog HDL or VHDL warning at neorv32_cpu_alu.vhd(85): object "fpu_csr_we" assigned a value but never read File: /home/dgam00/Documents/UFPE/Mestrado/kyber-neorv32/third_party/neorv32/rtl/core/neorv32_cpu_alu.vhd Line: 85
Warning (10036): Verilog HDL or VHDL warning at neorv32_cpu_alu.vhd(85): object "cfu_done" assigned a value but never read File: /home/dgam00/Documents/UFPE/Mestrado/kyber-neorv32/third_party/neorv32/rtl/core/neorv32_cpu_alu.vhd Line: 85
Warning (10036): Verilog HDL or VHDL warning at neorv32_cpu_alu.vhd(85): object "cfu_busy" assigned a value but never read File: /home/dgam00/Documents/UFPE/Mestrado/kyber-neorv32/third_party/neorv32/rtl/core/neorv32_cpu_alu.vhd Line: 85
Warning (10036): Verilog HDL or VHDL warning at neorv32_cpu_alu.vhd(86): object "fpu_csr_rd" assigned a value but never read File: /home/dgam00/Documents/UFPE/Mestrado/kyber-neorv32/third_party/neorv32/rtl/core/neorv32_cpu_alu.vhd Line: 86
Warning (10036): Verilog HDL or VHDL warning at neorv32_cpu_alu.vhd(86): object "cfu_res" assigned a value but never read File: /home/dgam00/Documents/UFPE/Mestrado/kyber-neorv32/third_party/neorv32/rtl/core/neorv32_cpu_alu.vhd Line: 86
Info (12128): Elaborating entity "neorv32_cpu_alu_shifter" for hierarchy "neorv32_top:softcore|neorv32_cpu:\core_complex_gen:0:neorv32_cpu_inst|neorv32_cpu_alu:neorv32_cpu_alu_inst|neorv32_cpu_alu_shifter:neorv32_cpu_alu_shifter_inst" File: /home/dgam00/Documents/UFPE/Mestrado/kyber-neorv32/third_party/neorv32/rtl/core/neorv32_cpu_alu.vhd Line: 147
Warning (10036): Verilog HDL or VHDL warning at neorv32_cpu_alu_shifter.vhd(62): object "barrel" assigned a value but never read File: /home/dgam00/Documents/UFPE/Mestrado/kyber-neorv32/third_party/neorv32/rtl/core/neorv32_cpu_alu_shifter.vhd Line: 62
Info (12128): Elaborating entity "neorv32_cpu_alu_muldiv" for hierarchy "neorv32_top:softcore|neorv32_cpu:\core_complex_gen:0:neorv32_cpu_inst|neorv32_cpu_alu:neorv32_cpu_alu_inst|neorv32_cpu_alu_muldiv:\neorv32_cpu_alu_muldiv_enabled:neorv32_cpu_alu_muldiv_inst" File: /home/dgam00/Documents/UFPE/Mestrado/kyber-neorv32/third_party/neorv32/rtl/core/neorv32_cpu_alu.vhd Line: 168
Info (12128): Elaborating entity "neorv32_cpu_alu_bitmanip" for hierarchy "neorv32_top:softcore|neorv32_cpu:\core_complex_gen:0:neorv32_cpu_inst|neorv32_cpu_alu:neorv32_cpu_alu_inst|neorv32_cpu_alu_bitmanip:\neorv32_cpu_alu_bitmanip_enabled:neorv32_cpu_alu_bitmanip_inst" File: /home/dgam00/Documents/UFPE/Mestrado/kyber-neorv32/third_party/neorv32/rtl/core/neorv32_cpu_alu.vhd Line: 197
Info (12128): Elaborating entity "neorv32_cpu_alu_crypto" for hierarchy "neorv32_top:softcore|neorv32_cpu:\core_complex_gen:0:neorv32_cpu_inst|neorv32_cpu_alu:neorv32_cpu_alu_inst|neorv32_cpu_alu_crypto:\neorv32_cpu_alu_crypto_enabled:neorv32_cpu_alu_crypto_inst" File: /home/dgam00/Documents/UFPE/Mestrado/kyber-neorv32/third_party/neorv32/rtl/core/neorv32_cpu_alu.vhd Line: 355
Warning (10036): Verilog HDL or VHDL warning at neorv32_cpu_alu_crypto.vhd(192): object "funct3" assigned a value but never read File: /home/dgam00/Documents/UFPE/Mestrado/kyber-neorv32/third_party/neorv32/rtl/core/neorv32_cpu_alu_crypto.vhd Line: 192
Info (12128): Elaborating entity "neorv32_cpu_lsu" for hierarchy "neorv32_top:softcore|neorv32_cpu:\core_complex_gen:0:neorv32_cpu_inst|neorv32_cpu_lsu:neorv32_cpu_lsu_inst" File: /home/dgam00/Documents/UFPE/Mestrado/kyber-neorv32/third_party/neorv32/rtl/core/neorv32_cpu.vhd Line: 459
Info (12128): Elaborating entity "neorv32_bus_switch" for hierarchy "neorv32_top:softcore|neorv32_bus_switch:\core_complex_gen:0:neorv32_core_bus_switch_inst" File: /home/dgam00/Documents/UFPE/Mestrado/kyber-neorv32/third_party/neorv32/rtl/core/neorv32_top.vhd Line: 677
Info (12128): Elaborating entity "neorv32_bus_gateway" for hierarchy "neorv32_top:softcore|neorv32_bus_gateway:neorv32_bus_gateway_inst" File: /home/dgam00/Documents/UFPE/Mestrado/kyber-neorv32/third_party/neorv32/rtl/core/neorv32_top.vhd Line: 837
Info (12128): Elaborating entity "neorv32_imem" for hierarchy "neorv32_top:softcore|neorv32_imem:\memory_system:neorv32_imem_enabled:neorv32_imem_inst" File: /home/dgam00/Documents/UFPE/Mestrado/kyber-neorv32/third_party/neorv32/rtl/core/neorv32_top.vhd Line: 886
Warning (10036): Verilog HDL or VHDL warning at neorv32_imem.vhd(75): object "ben" assigned a value but never read File: /home/dgam00/Documents/UFPE/Mestrado/kyber-neorv32/third_party/neorv32/rtl/core/neorv32_imem.vhd Line: 75
Info (12128): Elaborating entity "neorv32_imem_rom" for hierarchy "neorv32_top:softcore|neorv32_imem:\memory_system:neorv32_imem_enabled:neorv32_imem_inst|neorv32_imem_rom:\imem_rom:imem_rom_inst" File: /home/dgam00/Documents/UFPE/Mestrado/kyber-neorv32/third_party/neorv32/rtl/core/neorv32_imem.vhd Line: 83
Info (10544): VHDL Assertion Statement at neorv32_imem_rom.vhd(42): assertion is false - report "[NEORV32] Using default IMEM ROM component (16384 bytes)." (NOTE) File: /home/dgam00/Documents/UFPE/Mestrado/kyber-neorv32/third_party/neorv32/rtl/core/neorv32_imem_rom.vhd Line: 42
Info (12128): Elaborating entity "neorv32_dmem" for hierarchy "neorv32_top:softcore|neorv32_dmem:\memory_system:neorv32_dmem_enabled:neorv32_dmem_inst" File: /home/dgam00/Documents/UFPE/Mestrado/kyber-neorv32/third_party/neorv32/rtl/core/neorv32_top.vhd Line: 909
Info (12128): Elaborating entity "neorv32_dmem_ram" for hierarchy "neorv32_top:softcore|neorv32_dmem:\memory_system:neorv32_dmem_enabled:neorv32_dmem_inst|neorv32_dmem_ram:dmem_ram_inst" File: /home/dgam00/Documents/UFPE/Mestrado/kyber-neorv32/third_party/neorv32/rtl/core/neorv32_dmem.vhd Line: 64
Info (10544): VHDL Assertion Statement at neorv32_dmem_ram.vhd(40): assertion is false - report "[NEORV32] Using default DMEM RAM component (8192 bytes)." (NOTE) File: /home/dgam00/Documents/UFPE/Mestrado/kyber-neorv32/third_party/neorv32/rtl/core/neorv32_dmem_ram.vhd Line: 40
Info (12128): Elaborating entity "neorv32_prim_spram" for hierarchy "neorv32_top:softcore|neorv32_dmem:\memory_system:neorv32_dmem_enabled:neorv32_dmem_inst|neorv32_dmem_ram:dmem_ram_inst|neorv32_prim_spram:\ram_gen:0:ram_inst" File: /home/dgam00/Documents/UFPE/Mestrado/kyber-neorv32/third_party/neorv32/rtl/core/neorv32_dmem_ram.vhd Line: 47
Info (12128): Elaborating entity "neorv32_bus_io_switch" for hierarchy "neorv32_top:softcore|neorv32_bus_io_switch:\io_system:neorv32_bus_io_switch_inst" File: /home/dgam00/Documents/UFPE/Mestrado/kyber-neorv32/third_party/neorv32/rtl/core/neorv32_top.vhd Line: 979
Info (12128): Elaborating entity "neorv32_bus_reg" for hierarchy "neorv32_top:softcore|neorv32_bus_io_switch:\io_system:neorv32_bus_io_switch_inst|neorv32_bus_reg:neorv32_bus_reg_inst" File: /home/dgam00/Documents/UFPE/Mestrado/kyber-neorv32/third_party/neorv32/rtl/core/neorv32_bus.vhd Line: 587
Info (12128): Elaborating entity "neorv32_gpio" for hierarchy "neorv32_top:softcore|neorv32_gpio:\io_system:neorv32_gpio_enabled:neorv32_gpio_inst" File: /home/dgam00/Documents/UFPE/Mestrado/kyber-neorv32/third_party/neorv32/rtl/core/neorv32_top.vhd Line: 1127
Info (12128): Elaborating entity "neorv32_uart" for hierarchy "neorv32_top:softcore|neorv32_uart:\io_system:neorv32_uart0_enabled:neorv32_uart0_inst" File: /home/dgam00/Documents/UFPE/Mestrado/kyber-neorv32/third_party/neorv32/rtl/core/neorv32_top.vhd Line: 1219
Info (12128): Elaborating entity "neorv32_prim_fifo" for hierarchy "neorv32_top:softcore|neorv32_uart:\io_system:neorv32_uart0_enabled:neorv32_uart0_inst|neorv32_prim_fifo:tx_fifo_inst" File: /home/dgam00/Documents/UFPE/Mestrado/kyber-neorv32/third_party/neorv32/rtl/core/neorv32_uart.vhd Line: 183
Info (12128): Elaborating entity "neorv32_sysinfo" for hierarchy "neorv32_top:softcore|neorv32_sysinfo:\io_system:neorv32_sysinfo_inst" File: /home/dgam00/Documents/UFPE/Mestrado/kyber-neorv32/third_party/neorv32/rtl/core/neorv32_top.vhd Line: 1564
Info (12128): Elaborating entity "debounce" for hierarchy "debounce:debounce_inst" File: /home/dgam00/Documents/UFPE/Mestrado/kyber-neorv32/hw/rtl/kyber_neorv32/kyber_neorv32_top.v Line: 249
Info (276014): Found 2 instances of uninferred RAM logic
    Info (276004): RAM logic "neorv32_top:softcore|neorv32_cpu:\core_complex_gen:0:neorv32_cpu_inst|neorv32_cpu_frontend:neorv32_cpu_frontend_inst|neorv32_cpu_frontend_ipb:\prefetch_buffer:1:ipb_inst|ipb" is uninferred due to inappropriate RAM size File: /home/dgam00/Documents/UFPE/Mestrado/kyber-neorv32/third_party/neorv32/rtl/core/neorv32_cpu_frontend.vhd Line: 358
    Info (276004): RAM logic "neorv32_top:softcore|neorv32_cpu:\core_complex_gen:0:neorv32_cpu_inst|neorv32_cpu_frontend:neorv32_cpu_frontend_inst|neorv32_cpu_frontend_ipb:\prefetch_buffer:0:ipb_inst|ipb" is uninferred due to inappropriate RAM size File: /home/dgam00/Documents/UFPE/Mestrado/kyber-neorv32/third_party/neorv32/rtl/core/neorv32_cpu_frontend.vhd Line: 358
Info (19000): Inferred 8 megafunctions from design logic
    Info (276029): Inferred altsyncram megafunction from the following design logic: "neorv32_top:softcore|neorv32_dmem:\memory_system:neorv32_dmem_enabled:neorv32_dmem_inst|neorv32_dmem_ram:dmem_ram_inst|neorv32_prim_spram:\ram_gen:3:ram_inst|spram_rtl_0" 
        Info (286033): Parameter OPERATION_MODE set to DUAL_PORT
        Info (286033): Parameter WIDTH_A set to 8
        Info (286033): Parameter WIDTHAD_A set to 11
        Info (286033): Parameter NUMWORDS_A set to 2048
        Info (286033): Parameter WIDTH_B set to 8
        Info (286033): Parameter WIDTHAD_B set to 11
        Info (286033): Parameter NUMWORDS_B set to 2048
        Info (286033): Parameter ADDRESS_ACLR_A set to NONE
        Info (286033): Parameter OUTDATA_REG_B set to UNREGISTERED
        Info (286033): Parameter ADDRESS_ACLR_B set to NONE
        Info (286033): Parameter OUTDATA_ACLR_B set to NONE
        Info (286033): Parameter ADDRESS_REG_B set to CLOCK0
        Info (286033): Parameter INDATA_ACLR_A set to NONE
        Info (286033): Parameter WRCONTROL_ACLR_A set to NONE
        Info (286033): Parameter READ_DURING_WRITE_MODE_MIXED_PORTS set to OLD_DATA
        Info (286033): Parameter RDCONTROL_REG_B set to CLOCK0
    Info (276029): Inferred altsyncram megafunction from the following design logic: "neorv32_top:softcore|neorv32_dmem:\memory_system:neorv32_dmem_enabled:neorv32_dmem_inst|neorv32_dmem_ram:dmem_ram_inst|neorv32_prim_spram:\ram_gen:2:ram_inst|spram_rtl_0" 
        Info (286033): Parameter OPERATION_MODE set to DUAL_PORT
        Info (286033): Parameter WIDTH_A set to 8
        Info (286033): Parameter WIDTHAD_A set to 11
        Info (286033): Parameter NUMWORDS_A set to 2048
        Info (286033): Parameter WIDTH_B set to 8
        Info (286033): Parameter WIDTHAD_B set to 11
        Info (286033): Parameter NUMWORDS_B set to 2048
        Info (286033): Parameter ADDRESS_ACLR_A set to NONE
        Info (286033): Parameter OUTDATA_REG_B set to UNREGISTERED
        Info (286033): Parameter ADDRESS_ACLR_B set to NONE
        Info (286033): Parameter OUTDATA_ACLR_B set to NONE
        Info (286033): Parameter ADDRESS_REG_B set to CLOCK0
        Info (286033): Parameter INDATA_ACLR_A set to NONE
        Info (286033): Parameter WRCONTROL_ACLR_A set to NONE
        Info (286033): Parameter READ_DURING_WRITE_MODE_MIXED_PORTS set to OLD_DATA
        Info (286033): Parameter RDCONTROL_REG_B set to CLOCK0
    Info (276029): Inferred altsyncram megafunction from the following design logic: "neorv32_top:softcore|neorv32_dmem:\memory_system:neorv32_dmem_enabled:neorv32_dmem_inst|neorv32_dmem_ram:dmem_ram_inst|neorv32_prim_spram:\ram_gen:1:ram_inst|spram_rtl_0" 
        Info (286033): Parameter OPERATION_MODE set to DUAL_PORT
        Info (286033): Parameter WIDTH_A set to 8
        Info (286033): Parameter WIDTHAD_A set to 11
        Info (286033): Parameter NUMWORDS_A set to 2048
        Info (286033): Parameter WIDTH_B set to 8
        Info (286033): Parameter WIDTHAD_B set to 11
        Info (286033): Parameter NUMWORDS_B set to 2048
        Info (286033): Parameter ADDRESS_ACLR_A set to NONE
        Info (286033): Parameter OUTDATA_REG_B set to UNREGISTERED
        Info (286033): Parameter ADDRESS_ACLR_B set to NONE
        Info (286033): Parameter OUTDATA_ACLR_B set to NONE
        Info (286033): Parameter ADDRESS_REG_B set to CLOCK0
        Info (286033): Parameter INDATA_ACLR_A set to NONE
        Info (286033): Parameter WRCONTROL_ACLR_A set to NONE
        Info (286033): Parameter READ_DURING_WRITE_MODE_MIXED_PORTS set to OLD_DATA
        Info (286033): Parameter RDCONTROL_REG_B set to CLOCK0
    Info (276029): Inferred altsyncram megafunction from the following design logic: "neorv32_top:softcore|neorv32_dmem:\memory_system:neorv32_dmem_enabled:neorv32_dmem_inst|neorv32_dmem_ram:dmem_ram_inst|neorv32_prim_spram:\ram_gen:0:ram_inst|spram_rtl_0" 
        Info (286033): Parameter OPERATION_MODE set to DUAL_PORT
        Info (286033): Parameter WIDTH_A set to 8
        Info (286033): Parameter WIDTHAD_A set to 11
        Info (286033): Parameter NUMWORDS_A set to 2048
        Info (286033): Parameter WIDTH_B set to 8
        Info (286033): Parameter WIDTHAD_B set to 11
        Info (286033): Parameter NUMWORDS_B set to 2048
        Info (286033): Parameter ADDRESS_ACLR_A set to NONE
        Info (286033): Parameter OUTDATA_REG_B set to UNREGISTERED
        Info (286033): Parameter ADDRESS_ACLR_B set to NONE
        Info (286033): Parameter OUTDATA_ACLR_B set to NONE
        Info (286033): Parameter ADDRESS_REG_B set to CLOCK0
        Info (286033): Parameter INDATA_ACLR_A set to NONE
        Info (286033): Parameter WRCONTROL_ACLR_A set to NONE
        Info (286033): Parameter READ_DURING_WRITE_MODE_MIXED_PORTS set to OLD_DATA
        Info (286033): Parameter RDCONTROL_REG_B set to CLOCK0
    Info (276029): Inferred altsyncram megafunction from the following design logic: "neorv32_top:softcore|neorv32_cpu:\core_complex_gen:0:neorv32_cpu_inst|neorv32_cpu_regfile:neorv32_cpu_regfile_inst|regfile_rtl_0" 
        Info (286033): Parameter OPERATION_MODE set to DUAL_PORT
        Info (286033): Parameter WIDTH_A set to 32
        Info (286033): Parameter WIDTHAD_A set to 5
        Info (286033): Parameter NUMWORDS_A set to 32
        Info (286033): Parameter WIDTH_B set to 32
        Info (286033): Parameter WIDTHAD_B set to 5
        Info (286033): Parameter NUMWORDS_B set to 32
        Info (286033): Parameter ADDRESS_ACLR_A set to NONE
        Info (286033): Parameter OUTDATA_REG_B set to UNREGISTERED
        Info (286033): Parameter ADDRESS_ACLR_B set to NONE
        Info (286033): Parameter OUTDATA_ACLR_B set to NONE
        Info (286033): Parameter ADDRESS_REG_B set to CLOCK0
        Info (286033): Parameter INDATA_ACLR_A set to NONE
        Info (286033): Parameter WRCONTROL_ACLR_A set to NONE
        Info (286033): Parameter READ_DURING_WRITE_MODE_MIXED_PORTS set to OLD_DATA
    Info (276029): Inferred altsyncram megafunction from the following design logic: "neorv32_top:softcore|neorv32_cpu:\core_complex_gen:0:neorv32_cpu_inst|neorv32_cpu_regfile:neorv32_cpu_regfile_inst|regfile_rtl_1" 
        Info (286033): Parameter OPERATION_MODE set to DUAL_PORT
        Info (286033): Parameter WIDTH_A set to 32
        Info (286033): Parameter WIDTHAD_A set to 5
        Info (286033): Parameter NUMWORDS_A set to 32
        Info (286033): Parameter WIDTH_B set to 32
        Info (286033): Parameter WIDTHAD_B set to 5
        Info (286033): Parameter NUMWORDS_B set to 32
        Info (286033): Parameter ADDRESS_ACLR_A set to NONE
        Info (286033): Parameter OUTDATA_REG_B set to UNREGISTERED
        Info (286033): Parameter ADDRESS_ACLR_B set to NONE
        Info (286033): Parameter OUTDATA_ACLR_B set to NONE
        Info (286033): Parameter ADDRESS_REG_B set to CLOCK0
        Info (286033): Parameter INDATA_ACLR_A set to NONE
        Info (286033): Parameter WRCONTROL_ACLR_A set to NONE
        Info (286033): Parameter READ_DURING_WRITE_MODE_MIXED_PORTS set to OLD_DATA
    Info (276031): Inferred altsyncram megafunction from the following design logic: "neorv32_top:softcore|neorv32_imem:\memory_system:neorv32_imem_enabled:neorv32_imem_inst|neorv32_imem_rom:\imem_rom:imem_rom_inst|Mux27_rtl_0"
        Info (286033): Parameter OPERATION_MODE set to ROM
        Info (286033): Parameter WIDTH_A set to 32
        Info (286033): Parameter WIDTHAD_A set to 12
        Info (286033): Parameter NUMWORDS_A set to 4096
        Info (286033): Parameter OUTDATA_REG_A set to UNREGISTERED
        Info (286033): Parameter RAM_BLOCK_TYPE set to AUTO
        Info (286033): Parameter INIT_FILE set to kyber-neorv32.kyber_neorv32_top0.rtl.mif
    Info (276031): Inferred altsyncram megafunction from the following design logic: "neorv32_top:softcore|neorv32_cpu:\core_complex_gen:0:neorv32_cpu_inst|neorv32_cpu_alu:neorv32_cpu_alu_inst|neorv32_cpu_alu_crypto:\neorv32_cpu_alu_crypto_enabled:neorv32_cpu_alu_crypto_inst|Mux104_rtl_0"
        Info (286033): Parameter OPERATION_MODE set to ROM
        Info (286033): Parameter WIDTH_A set to 16
        Info (286033): Parameter WIDTHAD_A set to 9
        Info (286033): Parameter NUMWORDS_A set to 512
        Info (286033): Parameter OUTDATA_REG_A set to UNREGISTERED
        Info (286033): Parameter RAM_BLOCK_TYPE set to AUTO
        Info (286033): Parameter INIT_FILE set to kyber-neorv32.kyber_neorv32_top1.rtl.mif
Info (12130): Elaborated megafunction instantiation "neorv32_top:softcore|neorv32_dmem:\memory_system:neorv32_dmem_enabled:neorv32_dmem_inst|neorv32_dmem_ram:dmem_ram_inst|neorv32_prim_spram:\ram_gen:3:ram_inst|altsyncram:spram_rtl_0"
Info (12133): Instantiated megafunction "neorv32_top:softcore|neorv32_dmem:\memory_system:neorv32_dmem_enabled:neorv32_dmem_inst|neorv32_dmem_ram:dmem_ram_inst|neorv32_prim_spram:\ram_gen:3:ram_inst|altsyncram:spram_rtl_0" with the following parameter:
    Info (12134): Parameter "OPERATION_MODE" = "DUAL_PORT"
    Info (12134): Parameter "WIDTH_A" = "8"
    Info (12134): Parameter "WIDTHAD_A" = "11"
    Info (12134): Parameter "NUMWORDS_A" = "2048"
    Info (12134): Parameter "WIDTH_B" = "8"
    Info (12134): Parameter "WIDTHAD_B" = "11"
    Info (12134): Parameter "NUMWORDS_B" = "2048"
    Info (12134): Parameter "ADDRESS_ACLR_A" = "NONE"
    Info (12134): Parameter "OUTDATA_REG_B" = "UNREGISTERED"
    Info (12134): Parameter "ADDRESS_ACLR_B" = "NONE"
    Info (12134): Parameter "OUTDATA_ACLR_B" = "NONE"
    Info (12134): Parameter "ADDRESS_REG_B" = "CLOCK0"
    Info (12134): Parameter "INDATA_ACLR_A" = "NONE"
    Info (12134): Parameter "WRCONTROL_ACLR_A" = "NONE"
    Info (12134): Parameter "READ_DURING_WRITE_MODE_MIXED_PORTS" = "OLD_DATA"
    Info (12134): Parameter "RDCONTROL_REG_B" = "CLOCK0"
Info (12021): Found 1 design units, including 1 entities, in source file db/altsyncram_c6q1.tdf
    Info (12023): Found entity 1: altsyncram_c6q1 File: /home/dgam00/Documents/UFPE/Mestrado/kyber-neorv32/hw/quartus/kyber_neorv32/db/altsyncram_c6q1.tdf Line: 28
Info (12130): Elaborated megafunction instantiation "neorv32_top:softcore|neorv32_cpu:\core_complex_gen:0:neorv32_cpu_inst|neorv32_cpu_regfile:neorv32_cpu_regfile_inst|altsyncram:regfile_rtl_0"
Info (12133): Instantiated megafunction "neorv32_top:softcore|neorv32_cpu:\core_complex_gen:0:neorv32_cpu_inst|neorv32_cpu_regfile:neorv32_cpu_regfile_inst|altsyncram:regfile_rtl_0" with the following parameter:
    Info (12134): Parameter "OPERATION_MODE" = "DUAL_PORT"
    Info (12134): Parameter "WIDTH_A" = "32"
    Info (12134): Parameter "WIDTHAD_A" = "5"
    Info (12134): Parameter "NUMWORDS_A" = "32"
    Info (12134): Parameter "WIDTH_B" = "32"
    Info (12134): Parameter "WIDTHAD_B" = "5"
    Info (12134): Parameter "NUMWORDS_B" = "32"
    Info (12134): Parameter "ADDRESS_ACLR_A" = "NONE"
    Info (12134): Parameter "OUTDATA_REG_B" = "UNREGISTERED"
    Info (12134): Parameter "ADDRESS_ACLR_B" = "NONE"
    Info (12134): Parameter "OUTDATA_ACLR_B" = "NONE"
    Info (12134): Parameter "ADDRESS_REG_B" = "CLOCK0"
    Info (12134): Parameter "INDATA_ACLR_A" = "NONE"
    Info (12134): Parameter "WRCONTROL_ACLR_A" = "NONE"
    Info (12134): Parameter "READ_DURING_WRITE_MODE_MIXED_PORTS" = "OLD_DATA"
Info (12021): Found 1 design units, including 1 entities, in source file db/altsyncram_u2n1.tdf
    Info (12023): Found entity 1: altsyncram_u2n1 File: /home/dgam00/Documents/UFPE/Mestrado/kyber-neorv32/hw/quartus/kyber_neorv32/db/altsyncram_u2n1.tdf Line: 28
Info (12130): Elaborated megafunction instantiation "neorv32_top:softcore|neorv32_imem:\memory_system:neorv32_imem_enabled:neorv32_imem_inst|neorv32_imem_rom:\imem_rom:imem_rom_inst|altsyncram:Mux27_rtl_0"
Info (12133): Instantiated megafunction "neorv32_top:softcore|neorv32_imem:\memory_system:neorv32_imem_enabled:neorv32_imem_inst|neorv32_imem_rom:\imem_rom:imem_rom_inst|altsyncram:Mux27_rtl_0" with the following parameter:
    Info (12134): Parameter "OPERATION_MODE" = "ROM"
    Info (12134): Parameter "WIDTH_A" = "32"
    Info (12134): Parameter "WIDTHAD_A" = "12"
    Info (12134): Parameter "NUMWORDS_A" = "4096"
    Info (12134): Parameter "OUTDATA_REG_A" = "UNREGISTERED"
    Info (12134): Parameter "RAM_BLOCK_TYPE" = "AUTO"
    Info (12134): Parameter "INIT_FILE" = "kyber-neorv32.kyber_neorv32_top0.rtl.mif"
Info (12021): Found 1 design units, including 1 entities, in source file db/altsyncram_q581.tdf
    Info (12023): Found entity 1: altsyncram_q581 File: /home/dgam00/Documents/UFPE/Mestrado/kyber-neorv32/hw/quartus/kyber_neorv32/db/altsyncram_q581.tdf Line: 28
Info (12130): Elaborated megafunction instantiation "neorv32_top:softcore|neorv32_cpu:\core_complex_gen:0:neorv32_cpu_inst|neorv32_cpu_alu:neorv32_cpu_alu_inst|neorv32_cpu_alu_crypto:\neorv32_cpu_alu_crypto_enabled:neorv32_cpu_alu_crypto_inst|altsyncram:Mux104_rtl_0"
Info (12133): Instantiated megafunction "neorv32_top:softcore|neorv32_cpu:\core_complex_gen:0:neorv32_cpu_inst|neorv32_cpu_alu:neorv32_cpu_alu_inst|neorv32_cpu_alu_crypto:\neorv32_cpu_alu_crypto_enabled:neorv32_cpu_alu_crypto_inst|altsyncram:Mux104_rtl_0" with the following parameter:
    Info (12134): Parameter "OPERATION_MODE" = "ROM"
    Info (12134): Parameter "WIDTH_A" = "16"
    Info (12134): Parameter "WIDTHAD_A" = "9"
    Info (12134): Parameter "NUMWORDS_A" = "512"
    Info (12134): Parameter "OUTDATA_REG_A" = "UNREGISTERED"
    Info (12134): Parameter "RAM_BLOCK_TYPE" = "AUTO"
    Info (12134): Parameter "INIT_FILE" = "kyber-neorv32.kyber_neorv32_top1.rtl.mif"
Info (12021): Found 1 design units, including 1 entities, in source file db/altsyncram_9971.tdf
    Info (12023): Found entity 1: altsyncram_9971 File: /home/dgam00/Documents/UFPE/Mestrado/kyber-neorv32/hw/quartus/kyber_neorv32/db/altsyncram_9971.tdf Line: 28
Warning (12241): 1 hierarchies have connectivity warnings - see the Connectivity Checks report folder
Warning (13034): The following nodes have both tri-state and non-tri-state drivers
    Warning (13035): Inserted always-enabled tri-state buffer between "GPIO[1]" and its non-tri-state driver. File: /home/dgam00/Documents/UFPE/Mestrado/kyber-neorv32/hw/rtl/kyber_neorv32/kyber_neorv32_top.v Line: 86
Warning (13039): The following bidirectional pins have no drivers
    Warning (13040): bidirectional pin "GPIO[0]" has no driver File: /home/dgam00/Documents/UFPE/Mestrado/kyber-neorv32/hw/rtl/kyber_neorv32/kyber_neorv32_top.v Line: 86
    Warning (13040): bidirectional pin "DRAM_DQ[0]" has no driver File: /home/dgam00/Documents/UFPE/Mestrado/kyber-neorv32/hw/rtl/kyber_neorv32/kyber_neorv32_top.v Line: 36
    Warning (13040): bidirectional pin "DRAM_DQ[1]" has no driver File: /home/dgam00/Documents/UFPE/Mestrado/kyber-neorv32/hw/rtl/kyber_neorv32/kyber_neorv32_top.v Line: 36
    Warning (13040): bidirectional pin "DRAM_DQ[2]" has no driver File: /home/dgam00/Documents/UFPE/Mestrado/kyber-neorv32/hw/rtl/kyber_neorv32/kyber_neorv32_top.v Line: 36
    Warning (13040): bidirectional pin "DRAM_DQ[3]" has no driver File: /home/dgam00/Documents/UFPE/Mestrado/kyber-neorv32/hw/rtl/kyber_neorv32/kyber_neorv32_top.v Line: 36
    Warning (13040): bidirectional pin "DRAM_DQ[4]" has no driver File: /home/dgam00/Documents/UFPE/Mestrado/kyber-neorv32/hw/rtl/kyber_neorv32/kyber_neorv32_top.v Line: 36
    Warning (13040): bidirectional pin "DRAM_DQ[5]" has no driver File: /home/dgam00/Documents/UFPE/Mestrado/kyber-neorv32/hw/rtl/kyber_neorv32/kyber_neorv32_top.v Line: 36
    Warning (13040): bidirectional pin "DRAM_DQ[6]" has no driver File: /home/dgam00/Documents/UFPE/Mestrado/kyber-neorv32/hw/rtl/kyber_neorv32/kyber_neorv32_top.v Line: 36
    Warning (13040): bidirectional pin "DRAM_DQ[7]" has no driver File: /home/dgam00/Documents/UFPE/Mestrado/kyber-neorv32/hw/rtl/kyber_neorv32/kyber_neorv32_top.v Line: 36
    Warning (13040): bidirectional pin "DRAM_DQ[8]" has no driver File: /home/dgam00/Documents/UFPE/Mestrado/kyber-neorv32/hw/rtl/kyber_neorv32/kyber_neorv32_top.v Line: 36
    Warning (13040): bidirectional pin "DRAM_DQ[9]" has no driver File: /home/dgam00/Documents/UFPE/Mestrado/kyber-neorv32/hw/rtl/kyber_neorv32/kyber_neorv32_top.v Line: 36
    Warning (13040): bidirectional pin "DRAM_DQ[10]" has no driver File: /home/dgam00/Documents/UFPE/Mestrado/kyber-neorv32/hw/rtl/kyber_neorv32/kyber_neorv32_top.v Line: 36
    Warning (13040): bidirectional pin "DRAM_DQ[11]" has no driver File: /home/dgam00/Documents/UFPE/Mestrado/kyber-neorv32/hw/rtl/kyber_neorv32/kyber_neorv32_top.v Line: 36
    Warning (13040): bidirectional pin "DRAM_DQ[12]" has no driver File: /home/dgam00/Documents/UFPE/Mestrado/kyber-neorv32/hw/rtl/kyber_neorv32/kyber_neorv32_top.v Line: 36
    Warning (13040): bidirectional pin "DRAM_DQ[13]" has no driver File: /home/dgam00/Documents/UFPE/Mestrado/kyber-neorv32/hw/rtl/kyber_neorv32/kyber_neorv32_top.v Line: 36
    Warning (13040): bidirectional pin "DRAM_DQ[14]" has no driver File: /home/dgam00/Documents/UFPE/Mestrado/kyber-neorv32/hw/rtl/kyber_neorv32/kyber_neorv32_top.v Line: 36
    Warning (13040): bidirectional pin "DRAM_DQ[15]" has no driver File: /home/dgam00/Documents/UFPE/Mestrado/kyber-neorv32/hw/rtl/kyber_neorv32/kyber_neorv32_top.v Line: 36
    Warning (13040): bidirectional pin "AUD_BCLK" has no driver File: /home/dgam00/Documents/UFPE/Mestrado/kyber-neorv32/hw/rtl/kyber_neorv32/kyber_neorv32_top.v Line: 62
    Warning (13040): bidirectional pin "AUD_ADCLRCK" has no driver File: /home/dgam00/Documents/UFPE/Mestrado/kyber-neorv32/hw/rtl/kyber_neorv32/kyber_neorv32_top.v Line: 64
    Warning (13040): bidirectional pin "AUD_DACLRCK" has no driver File: /home/dgam00/Documents/UFPE/Mestrado/kyber-neorv32/hw/rtl/kyber_neorv32/kyber_neorv32_top.v Line: 66
    Warning (13040): bidirectional pin "PS2_CLK" has no driver File: /home/dgam00/Documents/UFPE/Mestrado/kyber-neorv32/hw/rtl/kyber_neorv32/kyber_neorv32_top.v Line: 70
    Warning (13040): bidirectional pin "PS2_CLK2" has no driver File: /home/dgam00/Documents/UFPE/Mestrado/kyber-neorv32/hw/rtl/kyber_neorv32/kyber_neorv32_top.v Line: 71
    Warning (13040): bidirectional pin "PS2_DAT" has no driver File: /home/dgam00/Documents/UFPE/Mestrado/kyber-neorv32/hw/rtl/kyber_neorv32/kyber_neorv32_top.v Line: 72
    Warning (13040): bidirectional pin "PS2_DAT2" has no driver File: /home/dgam00/Documents/UFPE/Mestrado/kyber-neorv32/hw/rtl/kyber_neorv32/kyber_neorv32_top.v Line: 73
    Warning (13040): bidirectional pin "FPGA_I2C_SDAT" has no driver File: /home/dgam00/Documents/UFPE/Mestrado/kyber-neorv32/hw/rtl/kyber_neorv32/kyber_neorv32_top.v Line: 83
    Warning (13040): bidirectional pin "GPIO[2]" has no driver File: /home/dgam00/Documents/UFPE/Mestrado/kyber-neorv32/hw/rtl/kyber_neorv32/kyber_neorv32_top.v Line: 86
    Warning (13040): bidirectional pin "GPIO[3]" has no driver File: /home/dgam00/Documents/UFPE/Mestrado/kyber-neorv32/hw/rtl/kyber_neorv32/kyber_neorv32_top.v Line: 86
    Warning (13040): bidirectional pin "GPIO[4]" has no driver File: /home/dgam00/Documents/UFPE/Mestrado/kyber-neorv32/hw/rtl/kyber_neorv32/kyber_neorv32_top.v Line: 86
    Warning (13040): bidirectional pin "GPIO[5]" has no driver File: /home/dgam00/Documents/UFPE/Mestrado/kyber-neorv32/hw/rtl/kyber_neorv32/kyber_neorv32_top.v Line: 86
    Warning (13040): bidirectional pin "GPIO[6]" has no driver File: /home/dgam00/Documents/UFPE/Mestrado/kyber-neorv32/hw/rtl/kyber_neorv32/kyber_neorv32_top.v Line: 86
    Warning (13040): bidirectional pin "GPIO[7]" has no driver File: /home/dgam00/Documents/UFPE/Mestrado/kyber-neorv32/hw/rtl/kyber_neorv32/kyber_neorv32_top.v Line: 86
    Warning (13040): bidirectional pin "GPIO[8]" has no driver File: /home/dgam00/Documents/UFPE/Mestrado/kyber-neorv32/hw/rtl/kyber_neorv32/kyber_neorv32_top.v Line: 86
    Warning (13040): bidirectional pin "GPIO[9]" has no driver File: /home/dgam00/Documents/UFPE/Mestrado/kyber-neorv32/hw/rtl/kyber_neorv32/kyber_neorv32_top.v Line: 86
    Warning (13040): bidirectional pin "GPIO[10]" has no driver File: /home/dgam00/Documents/UFPE/Mestrado/kyber-neorv32/hw/rtl/kyber_neorv32/kyber_neorv32_top.v Line: 86
    Warning (13040): bidirectional pin "GPIO[11]" has no driver File: /home/dgam00/Documents/UFPE/Mestrado/kyber-neorv32/hw/rtl/kyber_neorv32/kyber_neorv32_top.v Line: 86
    Warning (13040): bidirectional pin "GPIO[12]" has no driver File: /home/dgam00/Documents/UFPE/Mestrado/kyber-neorv32/hw/rtl/kyber_neorv32/kyber_neorv32_top.v Line: 86
    Warning (13040): bidirectional pin "GPIO[13]" has no driver File: /home/dgam00/Documents/UFPE/Mestrado/kyber-neorv32/hw/rtl/kyber_neorv32/kyber_neorv32_top.v Line: 86
    Warning (13040): bidirectional pin "GPIO[14]" has no driver File: /home/dgam00/Documents/UFPE/Mestrado/kyber-neorv32/hw/rtl/kyber_neorv32/kyber_neorv32_top.v Line: 86
    Warning (13040): bidirectional pin "GPIO[15]" has no driver File: /home/dgam00/Documents/UFPE/Mestrado/kyber-neorv32/hw/rtl/kyber_neorv32/kyber_neorv32_top.v Line: 86
    Warning (13040): bidirectional pin "GPIO[16]" has no driver File: /home/dgam00/Documents/UFPE/Mestrado/kyber-neorv32/hw/rtl/kyber_neorv32/kyber_neorv32_top.v Line: 86
    Warning (13040): bidirectional pin "GPIO[17]" has no driver File: /home/dgam00/Documents/UFPE/Mestrado/kyber-neorv32/hw/rtl/kyber_neorv32/kyber_neorv32_top.v Line: 86
    Warning (13040): bidirectional pin "GPIO[18]" has no driver File: /home/dgam00/Documents/UFPE/Mestrado/kyber-neorv32/hw/rtl/kyber_neorv32/kyber_neorv32_top.v Line: 86
    Warning (13040): bidirectional pin "GPIO[19]" has no driver File: /home/dgam00/Documents/UFPE/Mestrado/kyber-neorv32/hw/rtl/kyber_neorv32/kyber_neorv32_top.v Line: 86
    Warning (13040): bidirectional pin "GPIO[20]" has no driver File: /home/dgam00/Documents/UFPE/Mestrado/kyber-neorv32/hw/rtl/kyber_neorv32/kyber_neorv32_top.v Line: 86
    Warning (13040): bidirectional pin "GPIO[21]" has no driver File: /home/dgam00/Documents/UFPE/Mestrado/kyber-neorv32/hw/rtl/kyber_neorv32/kyber_neorv32_top.v Line: 86
    Warning (13040): bidirectional pin "GPIO[22]" has no driver File: /home/dgam00/Documents/UFPE/Mestrado/kyber-neorv32/hw/rtl/kyber_neorv32/kyber_neorv32_top.v Line: 86
    Warning (13040): bidirectional pin "GPIO[23]" has no driver File: /home/dgam00/Documents/UFPE/Mestrado/kyber-neorv32/hw/rtl/kyber_neorv32/kyber_neorv32_top.v Line: 86
    Warning (13040): bidirectional pin "GPIO[24]" has no driver File: /home/dgam00/Documents/UFPE/Mestrado/kyber-neorv32/hw/rtl/kyber_neorv32/kyber_neorv32_top.v Line: 86
    Warning (13040): bidirectional pin "GPIO[25]" has no driver File: /home/dgam00/Documents/UFPE/Mestrado/kyber-neorv32/hw/rtl/kyber_neorv32/kyber_neorv32_top.v Line: 86
    Warning (13040): bidirectional pin "GPIO[26]" has no driver File: /home/dgam00/Documents/UFPE/Mestrado/kyber-neorv32/hw/rtl/kyber_neorv32/kyber_neorv32_top.v Line: 86
    Warning (13040): bidirectional pin "GPIO[27]" has no driver File: /home/dgam00/Documents/UFPE/Mestrado/kyber-neorv32/hw/rtl/kyber_neorv32/kyber_neorv32_top.v Line: 86
    Warning (13040): bidirectional pin "GPIO[28]" has no driver File: /home/dgam00/Documents/UFPE/Mestrado/kyber-neorv32/hw/rtl/kyber_neorv32/kyber_neorv32_top.v Line: 86
    Warning (13040): bidirectional pin "GPIO[29]" has no driver File: /home/dgam00/Documents/UFPE/Mestrado/kyber-neorv32/hw/rtl/kyber_neorv32/kyber_neorv32_top.v Line: 86
    Warning (13040): bidirectional pin "GPIO[30]" has no driver File: /home/dgam00/Documents/UFPE/Mestrado/kyber-neorv32/hw/rtl/kyber_neorv32/kyber_neorv32_top.v Line: 86
    Warning (13040): bidirectional pin "GPIO[31]" has no driver File: /home/dgam00/Documents/UFPE/Mestrado/kyber-neorv32/hw/rtl/kyber_neorv32/kyber_neorv32_top.v Line: 86
    Warning (13040): bidirectional pin "GPIO[32]" has no driver File: /home/dgam00/Documents/UFPE/Mestrado/kyber-neorv32/hw/rtl/kyber_neorv32/kyber_neorv32_top.v Line: 86
    Warning (13040): bidirectional pin "GPIO[33]" has no driver File: /home/dgam00/Documents/UFPE/Mestrado/kyber-neorv32/hw/rtl/kyber_neorv32/kyber_neorv32_top.v Line: 86
    Warning (13040): bidirectional pin "GPIO[34]" has no driver File: /home/dgam00/Documents/UFPE/Mestrado/kyber-neorv32/hw/rtl/kyber_neorv32/kyber_neorv32_top.v Line: 86
    Warning (13040): bidirectional pin "GPIO[35]" has no driver File: /home/dgam00/Documents/UFPE/Mestrado/kyber-neorv32/hw/rtl/kyber_neorv32/kyber_neorv32_top.v Line: 86
Warning (13009): TRI or OPNDRN buffers permanently enabled
    Warning (13010): Node "GPIO[1]~synth" File: /home/dgam00/Documents/UFPE/Mestrado/kyber-neorv32/hw/rtl/kyber_neorv32/kyber_neorv32_top.v Line: 86
Warning (13024): Output pins are stuck at VCC or GND
    Warning (13410): Pin "LEDR[8]" is stuck at GND File: /home/dgam00/Documents/UFPE/Mestrado/kyber-neorv32/hw/rtl/kyber_neorv32/kyber_neorv32_top.v Line: 21
    Warning (13410): Pin "LEDR[9]" is stuck at GND File: /home/dgam00/Documents/UFPE/Mestrado/kyber-neorv32/hw/rtl/kyber_neorv32/kyber_neorv32_top.v Line: 21
    Warning (13410): Pin "HEX0[0]" is stuck at GND File: /home/dgam00/Documents/UFPE/Mestrado/kyber-neorv32/hw/rtl/kyber_neorv32/kyber_neorv32_top.v Line: 24
    Warning (13410): Pin "HEX0[1]" is stuck at GND File: /home/dgam00/Documents/UFPE/Mestrado/kyber-neorv32/hw/rtl/kyber_neorv32/kyber_neorv32_top.v Line: 24
    Warning (13410): Pin "HEX0[2]" is stuck at GND File: /home/dgam00/Documents/UFPE/Mestrado/kyber-neorv32/hw/rtl/kyber_neorv32/kyber_neorv32_top.v Line: 24
    Warning (13410): Pin "HEX0[3]" is stuck at GND File: /home/dgam00/Documents/UFPE/Mestrado/kyber-neorv32/hw/rtl/kyber_neorv32/kyber_neorv32_top.v Line: 24
    Warning (13410): Pin "HEX0[4]" is stuck at GND File: /home/dgam00/Documents/UFPE/Mestrado/kyber-neorv32/hw/rtl/kyber_neorv32/kyber_neorv32_top.v Line: 24
    Warning (13410): Pin "HEX0[5]" is stuck at GND File: /home/dgam00/Documents/UFPE/Mestrado/kyber-neorv32/hw/rtl/kyber_neorv32/kyber_neorv32_top.v Line: 24
    Warning (13410): Pin "HEX0[6]" is stuck at GND File: /home/dgam00/Documents/UFPE/Mestrado/kyber-neorv32/hw/rtl/kyber_neorv32/kyber_neorv32_top.v Line: 24
    Warning (13410): Pin "HEX1[0]" is stuck at GND File: /home/dgam00/Documents/UFPE/Mestrado/kyber-neorv32/hw/rtl/kyber_neorv32/kyber_neorv32_top.v Line: 25
    Warning (13410): Pin "HEX1[1]" is stuck at GND File: /home/dgam00/Documents/UFPE/Mestrado/kyber-neorv32/hw/rtl/kyber_neorv32/kyber_neorv32_top.v Line: 25
    Warning (13410): Pin "HEX1[2]" is stuck at GND File: /home/dgam00/Documents/UFPE/Mestrado/kyber-neorv32/hw/rtl/kyber_neorv32/kyber_neorv32_top.v Line: 25
    Warning (13410): Pin "HEX1[3]" is stuck at GND File: /home/dgam00/Documents/UFPE/Mestrado/kyber-neorv32/hw/rtl/kyber_neorv32/kyber_neorv32_top.v Line: 25
    Warning (13410): Pin "HEX1[4]" is stuck at GND File: /home/dgam00/Documents/UFPE/Mestrado/kyber-neorv32/hw/rtl/kyber_neorv32/kyber_neorv32_top.v Line: 25
    Warning (13410): Pin "HEX1[5]" is stuck at GND File: /home/dgam00/Documents/UFPE/Mestrado/kyber-neorv32/hw/rtl/kyber_neorv32/kyber_neorv32_top.v Line: 25
    Warning (13410): Pin "HEX1[6]" is stuck at GND File: /home/dgam00/Documents/UFPE/Mestrado/kyber-neorv32/hw/rtl/kyber_neorv32/kyber_neorv32_top.v Line: 25
    Warning (13410): Pin "HEX2[0]" is stuck at GND File: /home/dgam00/Documents/UFPE/Mestrado/kyber-neorv32/hw/rtl/kyber_neorv32/kyber_neorv32_top.v Line: 26
    Warning (13410): Pin "HEX2[1]" is stuck at GND File: /home/dgam00/Documents/UFPE/Mestrado/kyber-neorv32/hw/rtl/kyber_neorv32/kyber_neorv32_top.v Line: 26
    Warning (13410): Pin "HEX2[2]" is stuck at GND File: /home/dgam00/Documents/UFPE/Mestrado/kyber-neorv32/hw/rtl/kyber_neorv32/kyber_neorv32_top.v Line: 26
    Warning (13410): Pin "HEX2[3]" is stuck at GND File: /home/dgam00/Documents/UFPE/Mestrado/kyber-neorv32/hw/rtl/kyber_neorv32/kyber_neorv32_top.v Line: 26
    Warning (13410): Pin "HEX2[4]" is stuck at GND File: /home/dgam00/Documents/UFPE/Mestrado/kyber-neorv32/hw/rtl/kyber_neorv32/kyber_neorv32_top.v Line: 26
    Warning (13410): Pin "HEX2[5]" is stuck at GND File: /home/dgam00/Documents/UFPE/Mestrado/kyber-neorv32/hw/rtl/kyber_neorv32/kyber_neorv32_top.v Line: 26
    Warning (13410): Pin "HEX2[6]" is stuck at GND File: /home/dgam00/Documents/UFPE/Mestrado/kyber-neorv32/hw/rtl/kyber_neorv32/kyber_neorv32_top.v Line: 26
    Warning (13410): Pin "HEX3[0]" is stuck at GND File: /home/dgam00/Documents/UFPE/Mestrado/kyber-neorv32/hw/rtl/kyber_neorv32/kyber_neorv32_top.v Line: 27
    Warning (13410): Pin "HEX3[1]" is stuck at GND File: /home/dgam00/Documents/UFPE/Mestrado/kyber-neorv32/hw/rtl/kyber_neorv32/kyber_neorv32_top.v Line: 27
    Warning (13410): Pin "HEX3[2]" is stuck at GND File: /home/dgam00/Documents/UFPE/Mestrado/kyber-neorv32/hw/rtl/kyber_neorv32/kyber_neorv32_top.v Line: 27
    Warning (13410): Pin "HEX3[3]" is stuck at GND File: /home/dgam00/Documents/UFPE/Mestrado/kyber-neorv32/hw/rtl/kyber_neorv32/kyber_neorv32_top.v Line: 27
    Warning (13410): Pin "HEX3[4]" is stuck at GND File: /home/dgam00/Documents/UFPE/Mestrado/kyber-neorv32/hw/rtl/kyber_neorv32/kyber_neorv32_top.v Line: 27
    Warning (13410): Pin "HEX3[5]" is stuck at GND File: /home/dgam00/Documents/UFPE/Mestrado/kyber-neorv32/hw/rtl/kyber_neorv32/kyber_neorv32_top.v Line: 27
    Warning (13410): Pin "HEX3[6]" is stuck at GND File: /home/dgam00/Documents/UFPE/Mestrado/kyber-neorv32/hw/rtl/kyber_neorv32/kyber_neorv32_top.v Line: 27
    Warning (13410): Pin "HEX4[0]" is stuck at GND File: /home/dgam00/Documents/UFPE/Mestrado/kyber-neorv32/hw/rtl/kyber_neorv32/kyber_neorv32_top.v Line: 28
    Warning (13410): Pin "HEX4[1]" is stuck at GND File: /home/dgam00/Documents/UFPE/Mestrado/kyber-neorv32/hw/rtl/kyber_neorv32/kyber_neorv32_top.v Line: 28
    Warning (13410): Pin "HEX4[2]" is stuck at GND File: /home/dgam00/Documents/UFPE/Mestrado/kyber-neorv32/hw/rtl/kyber_neorv32/kyber_neorv32_top.v Line: 28
    Warning (13410): Pin "HEX4[3]" is stuck at GND File: /home/dgam00/Documents/UFPE/Mestrado/kyber-neorv32/hw/rtl/kyber_neorv32/kyber_neorv32_top.v Line: 28
    Warning (13410): Pin "HEX4[4]" is stuck at GND File: /home/dgam00/Documents/UFPE/Mestrado/kyber-neorv32/hw/rtl/kyber_neorv32/kyber_neorv32_top.v Line: 28
    Warning (13410): Pin "HEX4[5]" is stuck at GND File: /home/dgam00/Documents/UFPE/Mestrado/kyber-neorv32/hw/rtl/kyber_neorv32/kyber_neorv32_top.v Line: 28
    Warning (13410): Pin "HEX4[6]" is stuck at GND File: /home/dgam00/Documents/UFPE/Mestrado/kyber-neorv32/hw/rtl/kyber_neorv32/kyber_neorv32_top.v Line: 28
    Warning (13410): Pin "HEX5[0]" is stuck at GND File: /home/dgam00/Documents/UFPE/Mestrado/kyber-neorv32/hw/rtl/kyber_neorv32/kyber_neorv32_top.v Line: 29
    Warning (13410): Pin "HEX5[1]" is stuck at GND File: /home/dgam00/Documents/UFPE/Mestrado/kyber-neorv32/hw/rtl/kyber_neorv32/kyber_neorv32_top.v Line: 29
    Warning (13410): Pin "HEX5[2]" is stuck at GND File: /home/dgam00/Documents/UFPE/Mestrado/kyber-neorv32/hw/rtl/kyber_neorv32/kyber_neorv32_top.v Line: 29
    Warning (13410): Pin "HEX5[3]" is stuck at GND File: /home/dgam00/Documents/UFPE/Mestrado/kyber-neorv32/hw/rtl/kyber_neorv32/kyber_neorv32_top.v Line: 29
    Warning (13410): Pin "HEX5[4]" is stuck at GND File: /home/dgam00/Documents/UFPE/Mestrado/kyber-neorv32/hw/rtl/kyber_neorv32/kyber_neorv32_top.v Line: 29
    Warning (13410): Pin "HEX5[5]" is stuck at GND File: /home/dgam00/Documents/UFPE/Mestrado/kyber-neorv32/hw/rtl/kyber_neorv32/kyber_neorv32_top.v Line: 29
    Warning (13410): Pin "HEX5[6]" is stuck at GND File: /home/dgam00/Documents/UFPE/Mestrado/kyber-neorv32/hw/rtl/kyber_neorv32/kyber_neorv32_top.v Line: 29
    Warning (13410): Pin "DRAM_CLK" is stuck at GND File: /home/dgam00/Documents/UFPE/Mestrado/kyber-neorv32/hw/rtl/kyber_neorv32/kyber_neorv32_top.v Line: 32
    Warning (13410): Pin "DRAM_CKE" is stuck at GND File: /home/dgam00/Documents/UFPE/Mestrado/kyber-neorv32/hw/rtl/kyber_neorv32/kyber_neorv32_top.v Line: 33
    Warning (13410): Pin "DRAM_ADDR[0]" is stuck at GND File: /home/dgam00/Documents/UFPE/Mestrado/kyber-neorv32/hw/rtl/kyber_neorv32/kyber_neorv32_top.v Line: 34
    Warning (13410): Pin "DRAM_ADDR[1]" is stuck at GND File: /home/dgam00/Documents/UFPE/Mestrado/kyber-neorv32/hw/rtl/kyber_neorv32/kyber_neorv32_top.v Line: 34
    Warning (13410): Pin "DRAM_ADDR[2]" is stuck at GND File: /home/dgam00/Documents/UFPE/Mestrado/kyber-neorv32/hw/rtl/kyber_neorv32/kyber_neorv32_top.v Line: 34
    Warning (13410): Pin "DRAM_ADDR[3]" is stuck at GND File: /home/dgam00/Documents/UFPE/Mestrado/kyber-neorv32/hw/rtl/kyber_neorv32/kyber_neorv32_top.v Line: 34
    Warning (13410): Pin "DRAM_ADDR[4]" is stuck at GND File: /home/dgam00/Documents/UFPE/Mestrado/kyber-neorv32/hw/rtl/kyber_neorv32/kyber_neorv32_top.v Line: 34
    Warning (13410): Pin "DRAM_ADDR[5]" is stuck at GND File: /home/dgam00/Documents/UFPE/Mestrado/kyber-neorv32/hw/rtl/kyber_neorv32/kyber_neorv32_top.v Line: 34
    Warning (13410): Pin "DRAM_ADDR[6]" is stuck at GND File: /home/dgam00/Documents/UFPE/Mestrado/kyber-neorv32/hw/rtl/kyber_neorv32/kyber_neorv32_top.v Line: 34
    Warning (13410): Pin "DRAM_ADDR[7]" is stuck at GND File: /home/dgam00/Documents/UFPE/Mestrado/kyber-neorv32/hw/rtl/kyber_neorv32/kyber_neorv32_top.v Line: 34
    Warning (13410): Pin "DRAM_ADDR[8]" is stuck at GND File: /home/dgam00/Documents/UFPE/Mestrado/kyber-neorv32/hw/rtl/kyber_neorv32/kyber_neorv32_top.v Line: 34
    Warning (13410): Pin "DRAM_ADDR[9]" is stuck at GND File: /home/dgam00/Documents/UFPE/Mestrado/kyber-neorv32/hw/rtl/kyber_neorv32/kyber_neorv32_top.v Line: 34
    Warning (13410): Pin "DRAM_ADDR[10]" is stuck at GND File: /home/dgam00/Documents/UFPE/Mestrado/kyber-neorv32/hw/rtl/kyber_neorv32/kyber_neorv32_top.v Line: 34
    Warning (13410): Pin "DRAM_ADDR[11]" is stuck at GND File: /home/dgam00/Documents/UFPE/Mestrado/kyber-neorv32/hw/rtl/kyber_neorv32/kyber_neorv32_top.v Line: 34
    Warning (13410): Pin "DRAM_ADDR[12]" is stuck at GND File: /home/dgam00/Documents/UFPE/Mestrado/kyber-neorv32/hw/rtl/kyber_neorv32/kyber_neorv32_top.v Line: 34
    Warning (13410): Pin "DRAM_BA[0]" is stuck at GND File: /home/dgam00/Documents/UFPE/Mestrado/kyber-neorv32/hw/rtl/kyber_neorv32/kyber_neorv32_top.v Line: 35
    Warning (13410): Pin "DRAM_BA[1]" is stuck at GND File: /home/dgam00/Documents/UFPE/Mestrado/kyber-neorv32/hw/rtl/kyber_neorv32/kyber_neorv32_top.v Line: 35
    Warning (13410): Pin "DRAM_LDQM" is stuck at GND File: /home/dgam00/Documents/UFPE/Mestrado/kyber-neorv32/hw/rtl/kyber_neorv32/kyber_neorv32_top.v Line: 37
    Warning (13410): Pin "DRAM_UDQM" is stuck at GND File: /home/dgam00/Documents/UFPE/Mestrado/kyber-neorv32/hw/rtl/kyber_neorv32/kyber_neorv32_top.v Line: 38
    Warning (13410): Pin "DRAM_CS_N" is stuck at GND File: /home/dgam00/Documents/UFPE/Mestrado/kyber-neorv32/hw/rtl/kyber_neorv32/kyber_neorv32_top.v Line: 39
    Warning (13410): Pin "DRAM_WE_N" is stuck at GND File: /home/dgam00/Documents/UFPE/Mestrado/kyber-neorv32/hw/rtl/kyber_neorv32/kyber_neorv32_top.v Line: 40
    Warning (13410): Pin "DRAM_CAS_N" is stuck at GND File: /home/dgam00/Documents/UFPE/Mestrado/kyber-neorv32/hw/rtl/kyber_neorv32/kyber_neorv32_top.v Line: 41
    Warning (13410): Pin "DRAM_RAS_N" is stuck at GND File: /home/dgam00/Documents/UFPE/Mestrado/kyber-neorv32/hw/rtl/kyber_neorv32/kyber_neorv32_top.v Line: 42
    Warning (13410): Pin "TD_RESET_N" is stuck at GND File: /home/dgam00/Documents/UFPE/Mestrado/kyber-neorv32/hw/rtl/kyber_neorv32/kyber_neorv32_top.v Line: 49
    Warning (13410): Pin "VGA_CLK" is stuck at GND File: /home/dgam00/Documents/UFPE/Mestrado/kyber-neorv32/hw/rtl/kyber_neorv32/kyber_neorv32_top.v Line: 52
    Warning (13410): Pin "VGA_HS" is stuck at GND File: /home/dgam00/Documents/UFPE/Mestrado/kyber-neorv32/hw/rtl/kyber_neorv32/kyber_neorv32_top.v Line: 53
    Warning (13410): Pin "VGA_VS" is stuck at GND File: /home/dgam00/Documents/UFPE/Mestrado/kyber-neorv32/hw/rtl/kyber_neorv32/kyber_neorv32_top.v Line: 54
    Warning (13410): Pin "VGA_R[0]" is stuck at GND File: /home/dgam00/Documents/UFPE/Mestrado/kyber-neorv32/hw/rtl/kyber_neorv32/kyber_neorv32_top.v Line: 55
    Warning (13410): Pin "VGA_R[1]" is stuck at GND File: /home/dgam00/Documents/UFPE/Mestrado/kyber-neorv32/hw/rtl/kyber_neorv32/kyber_neorv32_top.v Line: 55
    Warning (13410): Pin "VGA_R[2]" is stuck at GND File: /home/dgam00/Documents/UFPE/Mestrado/kyber-neorv32/hw/rtl/kyber_neorv32/kyber_neorv32_top.v Line: 55
    Warning (13410): Pin "VGA_R[3]" is stuck at GND File: /home/dgam00/Documents/UFPE/Mestrado/kyber-neorv32/hw/rtl/kyber_neorv32/kyber_neorv32_top.v Line: 55
    Warning (13410): Pin "VGA_R[4]" is stuck at GND File: /home/dgam00/Documents/UFPE/Mestrado/kyber-neorv32/hw/rtl/kyber_neorv32/kyber_neorv32_top.v Line: 55
    Warning (13410): Pin "VGA_R[5]" is stuck at GND File: /home/dgam00/Documents/UFPE/Mestrado/kyber-neorv32/hw/rtl/kyber_neorv32/kyber_neorv32_top.v Line: 55
    Warning (13410): Pin "VGA_R[6]" is stuck at GND File: /home/dgam00/Documents/UFPE/Mestrado/kyber-neorv32/hw/rtl/kyber_neorv32/kyber_neorv32_top.v Line: 55
    Warning (13410): Pin "VGA_R[7]" is stuck at GND File: /home/dgam00/Documents/UFPE/Mestrado/kyber-neorv32/hw/rtl/kyber_neorv32/kyber_neorv32_top.v Line: 55
    Warning (13410): Pin "VGA_G[0]" is stuck at GND File: /home/dgam00/Documents/UFPE/Mestrado/kyber-neorv32/hw/rtl/kyber_neorv32/kyber_neorv32_top.v Line: 56
    Warning (13410): Pin "VGA_G[1]" is stuck at GND File: /home/dgam00/Documents/UFPE/Mestrado/kyber-neorv32/hw/rtl/kyber_neorv32/kyber_neorv32_top.v Line: 56
    Warning (13410): Pin "VGA_G[2]" is stuck at GND File: /home/dgam00/Documents/UFPE/Mestrado/kyber-neorv32/hw/rtl/kyber_neorv32/kyber_neorv32_top.v Line: 56
    Warning (13410): Pin "VGA_G[3]" is stuck at GND File: /home/dgam00/Documents/UFPE/Mestrado/kyber-neorv32/hw/rtl/kyber_neorv32/kyber_neorv32_top.v Line: 56
    Warning (13410): Pin "VGA_G[4]" is stuck at GND File: /home/dgam00/Documents/UFPE/Mestrado/kyber-neorv32/hw/rtl/kyber_neorv32/kyber_neorv32_top.v Line: 56
    Warning (13410): Pin "VGA_G[5]" is stuck at GND File: /home/dgam00/Documents/UFPE/Mestrado/kyber-neorv32/hw/rtl/kyber_neorv32/kyber_neorv32_top.v Line: 56
    Warning (13410): Pin "VGA_G[6]" is stuck at GND File: /home/dgam00/Documents/UFPE/Mestrado/kyber-neorv32/hw/rtl/kyber_neorv32/kyber_neorv32_top.v Line: 56
    Warning (13410): Pin "VGA_G[7]" is stuck at GND File: /home/dgam00/Documents/UFPE/Mestrado/kyber-neorv32/hw/rtl/kyber_neorv32/kyber_neorv32_top.v Line: 56
    Warning (13410): Pin "VGA_B[0]" is stuck at GND File: /home/dgam00/Documents/UFPE/Mestrado/kyber-neorv32/hw/rtl/kyber_neorv32/kyber_neorv32_top.v Line: 57
    Warning (13410): Pin "VGA_B[1]" is stuck at GND File: /home/dgam00/Documents/UFPE/Mestrado/kyber-neorv32/hw/rtl/kyber_neorv32/kyber_neorv32_top.v Line: 57
    Warning (13410): Pin "VGA_B[2]" is stuck at GND File: /home/dgam00/Documents/UFPE/Mestrado/kyber-neorv32/hw/rtl/kyber_neorv32/kyber_neorv32_top.v Line: 57
    Warning (13410): Pin "VGA_B[3]" is stuck at GND File: /home/dgam00/Documents/UFPE/Mestrado/kyber-neorv32/hw/rtl/kyber_neorv32/kyber_neorv32_top.v Line: 57
    Warning (13410): Pin "VGA_B[4]" is stuck at GND File: /home/dgam00/Documents/UFPE/Mestrado/kyber-neorv32/hw/rtl/kyber_neorv32/kyber_neorv32_top.v Line: 57
    Warning (13410): Pin "VGA_B[5]" is stuck at GND File: /home/dgam00/Documents/UFPE/Mestrado/kyber-neorv32/hw/rtl/kyber_neorv32/kyber_neorv32_top.v Line: 57
    Warning (13410): Pin "VGA_B[6]" is stuck at GND File: /home/dgam00/Documents/UFPE/Mestrado/kyber-neorv32/hw/rtl/kyber_neorv32/kyber_neorv32_top.v Line: 57
    Warning (13410): Pin "VGA_B[7]" is stuck at GND File: /home/dgam00/Documents/UFPE/Mestrado/kyber-neorv32/hw/rtl/kyber_neorv32/kyber_neorv32_top.v Line: 57
    Warning (13410): Pin "VGA_BLANK_N" is stuck at GND File: /home/dgam00/Documents/UFPE/Mestrado/kyber-neorv32/hw/rtl/kyber_neorv32/kyber_neorv32_top.v Line: 58
    Warning (13410): Pin "VGA_SYNC_N" is stuck at GND File: /home/dgam00/Documents/UFPE/Mestrado/kyber-neorv32/hw/rtl/kyber_neorv32/kyber_neorv32_top.v Line: 59
    Warning (13410): Pin "AUD_XCK" is stuck at GND File: /home/dgam00/Documents/UFPE/Mestrado/kyber-neorv32/hw/rtl/kyber_neorv32/kyber_neorv32_top.v Line: 63
    Warning (13410): Pin "AUD_DACDAT" is stuck at GND File: /home/dgam00/Documents/UFPE/Mestrado/kyber-neorv32/hw/rtl/kyber_neorv32/kyber_neorv32_top.v Line: 67
    Warning (13410): Pin "ADC_SCLK" is stuck at GND File: /home/dgam00/Documents/UFPE/Mestrado/kyber-neorv32/hw/rtl/kyber_neorv32/kyber_neorv32_top.v Line: 76
    Warning (13410): Pin "ADC_DIN" is stuck at GND File: /home/dgam00/Documents/UFPE/Mestrado/kyber-neorv32/hw/rtl/kyber_neorv32/kyber_neorv32_top.v Line: 78
    Warning (13410): Pin "ADC_CONVST" is stuck at GND File: /home/dgam00/Documents/UFPE/Mestrado/kyber-neorv32/hw/rtl/kyber_neorv32/kyber_neorv32_top.v Line: 79
    Warning (13410): Pin "FPGA_I2C_SCLK" is stuck at GND File: /home/dgam00/Documents/UFPE/Mestrado/kyber-neorv32/hw/rtl/kyber_neorv32/kyber_neorv32_top.v Line: 82
    Warning (13410): Pin "IRDA_TXD" is stuck at GND File: /home/dgam00/Documents/UFPE/Mestrado/kyber-neorv32/hw/rtl/kyber_neorv32/kyber_neorv32_top.v Line: 172
Info (286030): Timing-Driven Synthesis is running
Info (17049): 7 registers lost all their fanouts during netlist optimizations.
Info (16010): Generating hard_block partition "hard_block:auto_generated_inst"
    Info (16011): Adding 0 node(s), including 0 DDIO, 0 PLL, 0 transceiver and 0 LCELL
Warning (21074): Design contains 31 input pin(s) that do not drive logic
    Warning (15610): No output dependent on input pin "CLOCK2_50" File: /home/dgam00/Documents/UFPE/Mestrado/kyber-neorv32/hw/rtl/kyber_neorv32/kyber_neorv32_top.v Line: 9
    Warning (15610): No output dependent on input pin "CLOCK3_50" File: /home/dgam00/Documents/UFPE/Mestrado/kyber-neorv32/hw/rtl/kyber_neorv32/kyber_neorv32_top.v Line: 10
    Warning (15610): No output dependent on input pin "CLOCK4_50" File: /home/dgam00/Documents/UFPE/Mestrado/kyber-neorv32/hw/rtl/kyber_neorv32/kyber_neorv32_top.v Line: 11
    Warning (15610): No output dependent on input pin "KEY[0]" File: /home/dgam00/Documents/UFPE/Mestrado/kyber-neorv32/hw/rtl/kyber_neorv32/kyber_neorv32_top.v Line: 15
    Warning (15610): No output dependent on input pin "KEY[1]" File: /home/dgam00/Documents/UFPE/Mestrado/kyber-neorv32/hw/rtl/kyber_neorv32/kyber_neorv32_top.v Line: 15
    Warning (15610): No output dependent on input pin "KEY[2]" File: /home/dgam00/Documents/UFPE/Mestrado/kyber-neorv32/hw/rtl/kyber_neorv32/kyber_neorv32_top.v Line: 15
    Warning (15610): No output dependent on input pin "KEY[3]" File: /home/dgam00/Documents/UFPE/Mestrado/kyber-neorv32/hw/rtl/kyber_neorv32/kyber_neorv32_top.v Line: 15
    Warning (15610): No output dependent on input pin "SW[0]" File: /home/dgam00/Documents/UFPE/Mestrado/kyber-neorv32/hw/rtl/kyber_neorv32/kyber_neorv32_top.v Line: 18
    Warning (15610): No output dependent on input pin "SW[1]" File: /home/dgam00/Documents/UFPE/Mestrado/kyber-neorv32/hw/rtl/kyber_neorv32/kyber_neorv32_top.v Line: 18
    Warning (15610): No output dependent on input pin "SW[2]" File: /home/dgam00/Documents/UFPE/Mestrado/kyber-neorv32/hw/rtl/kyber_neorv32/kyber_neorv32_top.v Line: 18
    Warning (15610): No output dependent on input pin "SW[3]" File: /home/dgam00/Documents/UFPE/Mestrado/kyber-neorv32/hw/rtl/kyber_neorv32/kyber_neorv32_top.v Line: 18
    Warning (15610): No output dependent on input pin "SW[4]" File: /home/dgam00/Documents/UFPE/Mestrado/kyber-neorv32/hw/rtl/kyber_neorv32/kyber_neorv32_top.v Line: 18
    Warning (15610): No output dependent on input pin "SW[5]" File: /home/dgam00/Documents/UFPE/Mestrado/kyber-neorv32/hw/rtl/kyber_neorv32/kyber_neorv32_top.v Line: 18
    Warning (15610): No output dependent on input pin "SW[6]" File: /home/dgam00/Documents/UFPE/Mestrado/kyber-neorv32/hw/rtl/kyber_neorv32/kyber_neorv32_top.v Line: 18
    Warning (15610): No output dependent on input pin "SW[7]" File: /home/dgam00/Documents/UFPE/Mestrado/kyber-neorv32/hw/rtl/kyber_neorv32/kyber_neorv32_top.v Line: 18
    Warning (15610): No output dependent on input pin "SW[8]" File: /home/dgam00/Documents/UFPE/Mestrado/kyber-neorv32/hw/rtl/kyber_neorv32/kyber_neorv32_top.v Line: 18
    Warning (15610): No output dependent on input pin "SW[9]" File: /home/dgam00/Documents/UFPE/Mestrado/kyber-neorv32/hw/rtl/kyber_neorv32/kyber_neorv32_top.v Line: 18
    Warning (15610): No output dependent on input pin "TD_CLK27" File: /home/dgam00/Documents/UFPE/Mestrado/kyber-neorv32/hw/rtl/kyber_neorv32/kyber_neorv32_top.v Line: 45
    Warning (15610): No output dependent on input pin "TD_HS" File: /home/dgam00/Documents/UFPE/Mestrado/kyber-neorv32/hw/rtl/kyber_neorv32/kyber_neorv32_top.v Line: 46
    Warning (15610): No output dependent on input pin "TD_VS" File: /home/dgam00/Documents/UFPE/Mestrado/kyber-neorv32/hw/rtl/kyber_neorv32/kyber_neorv32_top.v Line: 47
    Warning (15610): No output dependent on input pin "TD_DATA[0]" File: /home/dgam00/Documents/UFPE/Mestrado/kyber-neorv32/hw/rtl/kyber_neorv32/kyber_neorv32_top.v Line: 48
    Warning (15610): No output dependent on input pin "TD_DATA[1]" File: /home/dgam00/Documents/UFPE/Mestrado/kyber-neorv32/hw/rtl/kyber_neorv32/kyber_neorv32_top.v Line: 48
    Warning (15610): No output dependent on input pin "TD_DATA[2]" File: /home/dgam00/Documents/UFPE/Mestrado/kyber-neorv32/hw/rtl/kyber_neorv32/kyber_neorv32_top.v Line: 48
    Warning (15610): No output dependent on input pin "TD_DATA[3]" File: /home/dgam00/Documents/UFPE/Mestrado/kyber-neorv32/hw/rtl/kyber_neorv32/kyber_neorv32_top.v Line: 48
    Warning (15610): No output dependent on input pin "TD_DATA[4]" File: /home/dgam00/Documents/UFPE/Mestrado/kyber-neorv32/hw/rtl/kyber_neorv32/kyber_neorv32_top.v Line: 48
    Warning (15610): No output dependent on input pin "TD_DATA[5]" File: /home/dgam00/Documents/UFPE/Mestrado/kyber-neorv32/hw/rtl/kyber_neorv32/kyber_neorv32_top.v Line: 48
    Warning (15610): No output dependent on input pin "TD_DATA[6]" File: /home/dgam00/Documents/UFPE/Mestrado/kyber-neorv32/hw/rtl/kyber_neorv32/kyber_neorv32_top.v Line: 48
    Warning (15610): No output dependent on input pin "TD_DATA[7]" File: /home/dgam00/Documents/UFPE/Mestrado/kyber-neorv32/hw/rtl/kyber_neorv32/kyber_neorv32_top.v Line: 48
    Warning (15610): No output dependent on input pin "AUD_ADCDAT" File: /home/dgam00/Documents/UFPE/Mestrado/kyber-neorv32/hw/rtl/kyber_neorv32/kyber_neorv32_top.v Line: 65
    Warning (15610): No output dependent on input pin "ADC_DOUT" File: /home/dgam00/Documents/UFPE/Mestrado/kyber-neorv32/hw/rtl/kyber_neorv32/kyber_neorv32_top.v Line: 77
    Warning (15610): No output dependent on input pin "IRDA_RXD" File: /home/dgam00/Documents/UFPE/Mestrado/kyber-neorv32/hw/rtl/kyber_neorv32/kyber_neorv32_top.v Line: 174
Info (21057): Implemented 4201 device resources after synthesis - the final resource count might be different
    Info (21058): Implemented 32 input pins
    Info (21059): Implemented 112 output pins
    Info (21060): Implemented 60 bidirectional pins
    Info (21061): Implemented 3853 logic cells
    Info (21064): Implemented 144 RAM segments
Info: Quartus Prime Analysis & Synthesis was successful. 0 errors, 264 warnings
    Info: Peak virtual memory: 598 megabytes
    Info: Processing ended: Tue Aug 25 18:45:18 2026
    Info: Elapsed time: 00:00:09
    Info: Total CPU time (on all processors): 00:00:14


